[{"model": "admin.logentry", "pk": 1, "fields": {"action_time": "2026-01-31T14:48:54.928Z", "user": 1, "content_type": 24, "object_id": "1", "object_repr": "idrees - Admin", "action_flag": 2, "change_message": "[{\"changed\": {\"fields\": [\"First name\", \"Last name\", \"Role\"]}}]"}}, {"model": "admin.logentry", "pk": 2, "fields": {"action_time": "2026-01-31T14:54:45.406Z", "user": 1, "content_type": 24, "object_id": "1", "object_repr": "idrees - Admin", "action_flag": 2, "change_message": "[{\"changed\": {\"fields\": [\"Email address\", \"Is approved\"]}}]"}}, {"model": "admin.logentry", "pk": 3, "fields": {"action_time": "2026-01-31T14:56:38.276Z", "user": 1, "content_type": 24, "object_id": "2", "object_repr": "admin - Admin", "action_flag": 2, "change_message": "[{\"changed\": {\"fields\": [\"Role\", \"Last login\"]}}]"}}, {"model": "admin.logentry", "pk": 4, "fields": {"action_time": "2026-01-31T14:57:40.428Z", "user": 1, "content_type": 24, "object_id": "3", "object_repr": "teacher1 - Teacher", "action_flag": 2, "change_message": "[{\"changed\": {\"fields\": [\"First name\", \"Last name\", \"Phone number\", \"Address\", \"Role\", \"Student class\", \"Last login\"]}}]"}}, {"model": "admin.logentry", "pk": 5, "fields": {"action_time": "2026-01-31T14:58:23.651Z", "user": 1, "content_type": 24, "object_id": "4", "object_repr": "teacher2 - Parent", "action_flag": 2, "change_message": "[{\"changed\": {\"fields\": [\"First name\", \"Last name\", \"Phone number\", \"Address\", \"Student class\", \"Last login\"]}}]"}}, {"model": "admin.logentry", "pk": 6, "fields": {"action_time": "2026-01-31T15:00:59.110Z", "user": 1, "content_type": 24, "object_id": "20", "object_repr": "student10 - Student", "action_flag": 2, "change_message": "[{\"changed\": {\"fields\": [\"First name\", \"Last name\", \"Phone number\", \"Address\", \"Role\", \"Student class\", \"Parent/Guardian\", \"Last login\"]}}]"}}, {"model": "admin.logentry", "pk": 7, "fields": {"action_time": "2026-01-31T15:02:05.129Z", "user": 1, "content_type": 24, "object_id": "19", "object_repr": "student9 - Student", "action_flag": 2, "change_message": "[{\"changed\": {\"fields\": [\"First name\", \"Last name\", \"Phone number\", \"Address\", \"Role\", \"Student class\", \"Parent/Guardian\", \"Last login\"]}}]"}}, {"model": "admin.logentry", "pk": 8, "fields": {"action_time": "2026-01-31T15:02:59.346Z", "user": 1, "content_type": 24, "object_id": "18", "object_repr": "student8 - Student", "action_flag": 2, "change_message": "[{\"changed\": {\"fields\": [\"First name\", \"Last name\", \"Phone number\", \"Address\", \"Role\", \"Parent/Guardian\", \"Last login\"]}}]"}}, {"model": "admin.logentry", "pk": 9, "fields": {"action_time": "2026-01-31T15:20:55.189Z", "user": 1, "content_type": 24, "object_id": "20", "object_repr": "student10 - Student", "action_flag": 2, "change_message": "[]"}}, {"model": "admin.logentry", "pk": 10, "fields": {"action_time": "2026-01-31T18:54:27.830Z", "user": 1, "content_type": 16, "object_id": "1", "object_repr": "JSS1", "action_flag": 2, "change_message": "[{\"changed\": {\"fields\": [\"Level\", \"Academic year\", \"Teacher\", \"Assistant teacher\"]}}]"}}, {"model": "admin.logentry", "pk": 11, "fields": {"action_time": "2026-02-01T15:02:51.872Z", "user": 1, "content_type": 24, "object_id": "21", "object_repr": "tola - Student", "action_flag": 2, "change_message": "[{\"changed\": {\"fields\": [\"Username\", \"Phone number\", \"Address\", \"Role\", \"Student class\", \"Parent/Guardian\", \"Is active\", \"Is approved\", \"Last login\"]}}]"}}, {"model": "admin.logentry", "pk": 12, "fields": {"action_time": "2026-02-01T15:03:45.996Z", "user": 1, "content_type": 24, "object_id": "22", "object_repr": "jade - Student", "action_flag": 2, "change_message": "[{\"changed\": {\"fields\": [\"Phone number\", \"Address\", \"Role\", \"Student class\", \"Parent/Guardian\", \"Is active\", \"Is approved\", \"Last login\"]}}]"}}, {"model": "admin.logentry", "pk": 13, "fields": {"action_time": "2026-02-01T15:04:32.521Z", "user": 1, "content_type": 24, "object_id": "23", "object_repr": "jane - Student", "action_flag": 2, "change_message": "[{\"changed\": {\"fields\": [\"Role\", \"Parent/Guardian\", \"Is approved\", \"Last login\"]}}]"}}, {"model": "admin.logentry", "pk": 14, "fields": {"action_time": "2026-02-01T15:38:19.453Z", "user": 1, "content_type": 24, "object_id": "23", "object_repr": "jane - Student", "action_flag": 2, "change_message": "[{\"changed\": {\"fields\": [\"password\"]}}]"}}, {"model": "admin.logentry", "pk": 15, "fields": {"action_time": "2026-02-01T15:38:21.578Z", "user": 1, "content_type": 24, "object_id": "23", "object_repr": "jane - Student", "action_flag": 2, "change_message": "[{\"changed\": {\"fields\": [\"password\"]}}]"}}, {"model": "admin.logentry", "pk": 16, "fields": {"action_time": "2026-02-01T15:38:22.498Z", "user": 1, "content_type": 24, "object_id": "23", "object_repr": "jane - Student", "action_flag": 2, "change_message": "[{\"changed\": {\"fields\": [\"password\"]}}]"}}, {"model": "admin.logentry", "pk": 17, "fields": {"action_time": "2026-02-01T15:38:23.340Z", "user": 1, "content_type": 24, "object_id": "23", "object_repr": "jane - Student", "action_flag": 2, "change_message": "[{\"changed\": {\"fields\": [\"password\"]}}]"}}, {"model": "admin.logentry", "pk": 18, "fields": {"action_time": "2026-02-01T16:04:18.518Z", "user": 1, "content_type": 24, "object_id": "18", "object_repr": "student8 - Student", "action_flag": 2, "change_message": "[{\"changed\": {\"fields\": [\"password\"]}}]"}}, {"model": "admin.logentry", "pk": 19, "fields": {"action_time": "2026-02-01T16:37:11.610Z", "user": 1, "content_type": 24, "object_id": "12", "object_repr": "student2 - Parent", "action_flag": 2, "change_message": "[{\"changed\": {\"fields\": [\"password\"]}}]"}}, {"model": "admin.logentry", "pk": 20, "fields": {"action_time": "2026-02-01T16:37:55.678Z", "user": 1, "content_type": 24, "object_id": "12", "object_repr": "bola - Parent", "action_flag": 2, "change_message": "[{\"changed\": {\"fields\": [\"Username\", \"Last login\"]}}]"}}, {"model": "admin.logentry", "pk": 21, "fields": {"action_time": "2026-02-01T16:38:27.272Z", "user": 1, "content_type": 24, "object_id": "18", "object_repr": "sola - Student", "action_flag": 2, "change_message": "[{\"changed\": {\"fields\": [\"Username\"]}}]"}}, {"model": "admin.logentry", "pk": 22, "fields": {"action_time": "2026-02-01T16:40:04.446Z", "user": 1, "content_type": 24, "object_id": "12", "object_repr": "bola - Student", "action_flag": 2, "change_message": "[{\"changed\": {\"fields\": [\"Role\"]}}]"}}, {"model": "admin.logentry", "pk": 23, "fields": {"action_time": "2026-02-01T17:02:04.008Z", "user": 1, "content_type": 9, "object_id": "2", "object_repr": "First Term English Language", "action_flag": 3, "change_message": ""}}, {"model": "admin.logentry", "pk": 24, "fields": {"action_time": "2026-02-04T15:54:39.729Z", "user": 1, "content_type": 24, "object_id": "6", "object_repr": "parent1 - Parent", "action_flag": 2, "change_message": "[{\"changed\": {\"fields\": [\"password\"]}}]"}}, {"model": "admin.logentry", "pk": 25, "fields": {"action_time": "2026-02-04T15:55:04.631Z", "user": 1, "content_type": 24, "object_id": "6", "object_repr": "parent1 - Parent", "action_flag": 2, "change_message": "[{\"changed\": {\"fields\": [\"First name\", \"Last name\", \"Phone number\", \"Address\", \"Last login\"]}}]"}}, {"model": "admin.logentry", "pk": 26, "fields": {"action_time": "2026-02-04T15:55:26.489Z", "user": 1, "content_type": 24, "object_id": "7", "object_repr": "parent2 - Parent", "action_flag": 2, "change_message": "[{\"changed\": {\"fields\": [\"password\"]}}]"}}, {"model": "admin.logentry", "pk": 27, "fields": {"action_time": "2026-02-04T16:58:58.815Z", "user": 1, "content_type": 24, "object_id": "23", "object_repr": "jane - Student", "action_flag": 2, "change_message": "[]"}}, {"model": "admin.logentry", "pk": 28, "fields": {"action_time": "2026-02-10T20:23:26.337Z", "user": 1, "content_type": 24, "object_id": "4", "object_repr": "teacher2 - Parent", "action_flag": 2, "change_message": "[{\"changed\": {\"fields\": [\"password\"]}}]"}}, {"model": "admin.logentry", "pk": 29, "fields": {"action_time": "2026-02-10T20:24:28.233Z", "user": 1, "content_type": 24, "object_id": "4", "object_repr": "teacher2 - Teacher", "action_flag": 2, "change_message": "[{\"changed\": {\"fields\": [\"Role\", \"Student class\"]}}]"}}, {"model": "admin.logentry", "pk": 30, "fields": {"action_time": "2026-02-10T20:25:01.808Z", "user": 1, "content_type": 24, "object_id": "5", "object_repr": "teacher3 - Parent", "action_flag": 2, "change_message": "[{\"changed\": {\"fields\": [\"password\"]}}]"}}, {"model": "admin.logentry", "pk": 31, "fields": {"action_time": "2026-02-10T20:26:03.206Z", "user": 1, "content_type": 24, "object_id": "5", "object_repr": "teacher3 - Teacher", "action_flag": 2, "change_message": "[{\"changed\": {\"fields\": [\"First name\", \"Last name\", \"Phone number\", \"Address\", \"Role\", \"Student class\", \"Last login\"]}}]"}}, {"model": "admin.logentry", "pk": 32, "fields": {"action_time": "2026-02-10T20:27:15.600Z", "user": 1, "content_type": 24, "object_id": "18", "object_repr": "sola - Student", "action_flag": 2, "change_message": "[{\"changed\": {\"fields\": [\"Student class\"]}}]"}}, {"model": "admin.logentry", "pk": 33, "fields": {"action_time": "2026-02-11T04:51:53.850Z", "user": 1, "content_type": 24, "object_id": "6", "object_repr": "parent1 - Parent", "action_flag": 2, "change_message": "[{\"changed\": {\"fields\": [\"password\"]}}]"}}, {"model": "admin.logentry", "pk": 34, "fields": {"action_time": "2026-02-11T04:52:16.871Z", "user": 1, "content_type": 24, "object_id": "6", "object_repr": "parent1 - Parent", "action_flag": 2, "change_message": "[]"}}, {"model": "admin.logentry", "pk": 35, "fields": {"action_time": "2026-02-11T04:54:11.299Z", "user": 1, "content_type": 24, "object_id": "6", "object_repr": "baba - Parent", "action_flag": 2, "change_message": "[{\"changed\": {\"fields\": [\"Username\"]}}]"}}, {"model": "auth.permission", "pk": 1, "fields": {"name": "Can add log entry", "content_type": 1, "codename": "add_logentry"}}, {"model": "auth.permission", "pk": 2, "fields": {"name": "Can change log entry", "content_type": 1, "codename": "change_logentry"}}, {"model": "auth.permission", "pk": 3, "fields": {"name": "Can delete log entry", "content_type": 1, "codename": "delete_logentry"}}, {"model": "auth.permission", "pk": 4, "fields": {"name": "Can view log entry", "content_type": 1, "codename": "view_logentry"}}, {"model": "auth.permission", "pk": 5, "fields": {"name": "Can add permission", "content_type": 3, "codename": "add_permission"}}, {"model": "auth.permission", "pk": 6, "fields": {"name": "Can change permission", "content_type": 3, "codename": "change_permission"}}, {"model": "auth.permission", "pk": 7, "fields": {"name": "Can delete permission", "content_type": 3, "codename": "delete_permission"}}, {"model": "auth.permission", "pk": 8, "fields": {"name": "Can view permission", "content_type": 3, "codename": "view_permission"}}, {"model": "auth.permission", "pk": 9, "fields": {"name": "Can add group", "content_type": 2, "codename": "add_group"}}, {"model": "auth.permission", "pk": 10, "fields": {"name": "Can change group", "content_type": 2, "codename": "change_group"}}, {"model": "auth.permission", "pk": 11, "fields": {"name": "Can delete group", "content_type": 2, "codename": "delete_group"}}, {"model": "auth.permission", "pk": 12, "fields": {"name": "Can view group", "content_type": 2, "codename": "view_group"}}, {"model": "auth.permission", "pk": 13, "fields": {"name": "Can add content type", "content_type": 4, "codename": "add_contenttype"}}, {"model": "auth.permission", "pk": 14, "fields": {"name": "Can change content type", "content_type": 4, "codename": "change_contenttype"}}, {"model": "auth.permission", "pk": 15, "fields": {"name": "Can delete content type", "content_type": 4, "codename": "delete_contenttype"}}, {"model": "auth.permission", "pk": 16, "fields": {"name": "Can view content type", "content_type": 4, "codename": "view_contenttype"}}, {"model": "auth.permission", "pk": 17, "fields": {"name": "Can add session", "content_type": 5, "codename": "add_session"}}, {"model": "auth.permission", "pk": 18, "fields": {"name": "Can change session", "content_type": 5, "codename": "change_session"}}, {"model": "auth.permission", "pk": 19, "fields": {"name": "Can delete session", "content_type": 5, "codename": "delete_session"}}, {"model": "auth.permission", "pk": 20, "fields": {"name": "Can view session", "content_type": 5, "codename": "view_session"}}, {"model": "auth.permission", "pk": 21, "fields": {"name": "Can add system log", "content_type": 20, "codename": "add_systemlog"}}, {"model": "auth.permission", "pk": 22, "fields": {"name": "Can change system log", "content_type": 20, "codename": "change_systemlog"}}, {"model": "auth.permission", "pk": 23, "fields": {"name": "Can delete system log", "content_type": 20, "codename": "delete_systemlog"}}, {"model": "auth.permission", "pk": 24, "fields": {"name": "Can view system log", "content_type": 20, "codename": "view_systemlog"}}, {"model": "auth.permission", "pk": 25, "fields": {"name": "Can add chat message", "content_type": 7, "codename": "add_chatmessage"}}, {"model": "auth.permission", "pk": 26, "fields": {"name": "Can change chat message", "content_type": 7, "codename": "change_chatmessage"}}, {"model": "auth.permission", "pk": 27, "fields": {"name": "Can delete chat message", "content_type": 7, "codename": "delete_chatmessage"}}, {"model": "auth.permission", "pk": 28, "fields": {"name": "Can view chat message", "content_type": 7, "codename": "view_chatmessage"}}, {"model": "auth.permission", "pk": 29, "fields": {"name": "Can add exam", "content_type": 9, "codename": "add_exam"}}, {"model": "auth.permission", "pk": 30, "fields": {"name": "Can change exam", "content_type": 9, "codename": "change_exam"}}, {"model": "auth.permission", "pk": 31, "fields": {"name": "Can delete exam", "content_type": 9, "codename": "delete_exam"}}, {"model": "auth.permission", "pk": 32, "fields": {"name": "Can view exam", "content_type": 9, "codename": "view_exam"}}, {"model": "auth.permission", "pk": 33, "fields": {"name": "Can add exam attempt", "content_type": 11, "codename": "add_examattempt"}}, {"model": "auth.permission", "pk": 34, "fields": {"name": "Can change exam attempt", "content_type": 11, "codename": "change_examattempt"}}, {"model": "auth.permission", "pk": 35, "fields": {"name": "Can delete exam attempt", "content_type": 11, "codename": "delete_examattempt"}}, {"model": "auth.permission", "pk": 36, "fields": {"name": "Can view exam attempt", "content_type": 11, "codename": "view_examattempt"}}, {"model": "auth.permission", "pk": 37, "fields": {"name": "Can add notification", "content_type": 12, "codename": "add_notification"}}, {"model": "auth.permission", "pk": 38, "fields": {"name": "Can change notification", "content_type": 12, "codename": "change_notification"}}, {"model": "auth.permission", "pk": 39, "fields": {"name": "Can delete notification", "content_type": 12, "codename": "delete_notification"}}, {"model": "auth.permission", "pk": 40, "fields": {"name": "Can view notification", "content_type": 12, "codename": "view_notification"}}, {"model": "auth.permission", "pk": 41, "fields": {"name": "Can add pta request", "content_type": 13, "codename": "add_ptarequest"}}, {"model": "auth.permission", "pk": 42, "fields": {"name": "Can change pta request", "content_type": 13, "codename": "change_ptarequest"}}, {"model": "auth.permission", "pk": 43, "fields": {"name": "Can delete pta request", "content_type": 13, "codename": "delete_ptarequest"}}, {"model": "auth.permission", "pk": 44, "fields": {"name": "Can view pta request", "content_type": 13, "codename": "view_ptarequest"}}, {"model": "auth.permission", "pk": 45, "fields": {"name": "Can add question", "content_type": 14, "codename": "add_question"}}, {"model": "auth.permission", "pk": 46, "fields": {"name": "Can change question", "content_type": 14, "codename": "change_question"}}, {"model": "auth.permission", "pk": 47, "fields": {"name": "Can delete question", "content_type": 14, "codename": "delete_question"}}, {"model": "auth.permission", "pk": 48, "fields": {"name": "Can view question", "content_type": 14, "codename": "view_question"}}, {"model": "auth.permission", "pk": 49, "fields": {"name": "Can add choice", "content_type": 8, "codename": "add_choice"}}, {"model": "auth.permission", "pk": 50, "fields": {"name": "Can change choice", "content_type": 8, "codename": "change_choice"}}, {"model": "auth.permission", "pk": 51, "fields": {"name": "Can delete choice", "content_type": 8, "codename": "delete_choice"}}, {"model": "auth.permission", "pk": 52, "fields": {"name": "Can view choice", "content_type": 8, "codename": "view_choice"}}, {"model": "auth.permission", "pk": 53, "fields": {"name": "Can add retake request", "content_type": 15, "codename": "add_retakerequest"}}, {"model": "auth.permission", "pk": 54, "fields": {"name": "Can change retake request", "content_type": 15, "codename": "change_retakerequest"}}, {"model": "auth.permission", "pk": 55, "fields": {"name": "Can delete retake request", "content_type": 15, "codename": "delete_retakerequest"}}, {"model": "auth.permission", "pk": 56, "fields": {"name": "Can view retake request", "content_type": 15, "codename": "view_retakerequest"}}, {"model": "auth.permission", "pk": 57, "fields": {"name": "Can add school class", "content_type": 16, "codename": "add_schoolclass"}}, {"model": "auth.permission", "pk": 58, "fields": {"name": "Can change school class", "content_type": 16, "codename": "change_schoolclass"}}, {"model": "auth.permission", "pk": 59, "fields": {"name": "Can delete school class", "content_type": 16, "codename": "delete_schoolclass"}}, {"model": "auth.permission", "pk": 60, "fields": {"name": "Can view school class", "content_type": 16, "codename": "view_schoolclass"}}, {"model": "auth.permission", "pk": 61, "fields": {"name": "Can add broadcast", "content_type": 6, "codename": "add_broadcast"}}, {"model": "auth.permission", "pk": 62, "fields": {"name": "Can change broadcast", "content_type": 6, "codename": "change_broadcast"}}, {"model": "auth.permission", "pk": 63, "fields": {"name": "Can delete broadcast", "content_type": 6, "codename": "delete_broadcast"}}, {"model": "auth.permission", "pk": 64, "fields": {"name": "Can view broadcast", "content_type": 6, "codename": "view_broadcast"}}, {"model": "auth.permission", "pk": 65, "fields": {"name": "Can add student answer", "content_type": 17, "codename": "add_studentanswer"}}, {"model": "auth.permission", "pk": 66, "fields": {"name": "Can change student answer", "content_type": 17, "codename": "change_studentanswer"}}, {"model": "auth.permission", "pk": 67, "fields": {"name": "Can delete student answer", "content_type": 17, "codename": "delete_studentanswer"}}, {"model": "auth.permission", "pk": 68, "fields": {"name": "Can view student answer", "content_type": 17, "codename": "view_studentanswer"}}, {"model": "auth.permission", "pk": 69, "fields": {"name": "Can add subject", "content_type": 18, "codename": "add_subject"}}, {"model": "auth.permission", "pk": 70, "fields": {"name": "Can change subject", "content_type": 18, "codename": "change_subject"}}, {"model": "auth.permission", "pk": 71, "fields": {"name": "Can delete subject", "content_type": 18, "codename": "delete_subject"}}, {"model": "auth.permission", "pk": 72, "fields": {"name": "Can view subject", "content_type": 18, "codename": "view_subject"}}, {"model": "auth.permission", "pk": 73, "fields": {"name": "Can add subjective mark", "content_type": 19, "codename": "add_subjectivemark"}}, {"model": "auth.permission", "pk": 74, "fields": {"name": "Can change subjective mark", "content_type": 19, "codename": "change_subjectivemark"}}, {"model": "auth.permission", "pk": 75, "fields": {"name": "Can delete subjective mark", "content_type": 19, "codename": "delete_subjectivemark"}}, {"model": "auth.permission", "pk": 76, "fields": {"name": "Can view subjective mark", "content_type": 19, "codename": "view_subjectivemark"}}, {"model": "auth.permission", "pk": 77, "fields": {"name": "Can add exam access", "content_type": 10, "codename": "add_examaccess"}}, {"model": "auth.permission", "pk": 78, "fields": {"name": "Can change exam access", "content_type": 10, "codename": "change_examaccess"}}, {"model": "auth.permission", "pk": 79, "fields": {"name": "Can delete exam access", "content_type": 10, "codename": "delete_examaccess"}}, {"model": "auth.permission", "pk": 80, "fields": {"name": "Can view exam access", "content_type": 10, "codename": "view_examaccess"}}, {"model": "auth.permission", "pk": 81, "fields": {"name": "Can add user", "content_type": 24, "codename": "add_user"}}, {"model": "auth.permission", "pk": 82, "fields": {"name": "Can change user", "content_type": 24, "codename": "change_user"}}, {"model": "auth.permission", "pk": 83, "fields": {"name": "Can delete user", "content_type": 24, "codename": "delete_user"}}, {"model": "auth.permission", "pk": 84, "fields": {"name": "Can view user", "content_type": 24, "codename": "view_user"}}, {"model": "auth.permission", "pk": 85, "fields": {"name": "Can add Student", "content_type": 22, "codename": "add_student"}}, {"model": "auth.permission", "pk": 86, "fields": {"name": "Can change Student", "content_type": 22, "codename": "change_student"}}, {"model": "auth.permission", "pk": 87, "fields": {"name": "Can delete Student", "content_type": 22, "codename": "delete_student"}}, {"model": "auth.permission", "pk": 88, "fields": {"name": "Can view Student", "content_type": 22, "codename": "view_student"}}, {"model": "auth.permission", "pk": 89, "fields": {"name": "Can add Parent/Guardian", "content_type": 21, "codename": "add_parent"}}, {"model": "auth.permission", "pk": 90, "fields": {"name": "Can change Parent/Guardian", "content_type": 21, "codename": "change_parent"}}, {"model": "auth.permission", "pk": 91, "fields": {"name": "Can delete Parent/Guardian", "content_type": 21, "codename": "delete_parent"}}, {"model": "auth.permission", "pk": 92, "fields": {"name": "Can view Parent/Guardian", "content_type": 21, "codename": "view_parent"}}, {"model": "auth.permission", "pk": 93, "fields": {"name": "Can add Staff Member", "content_type": 23, "codename": "add_teacher"}}, {"model": "auth.permission", "pk": 94, "fields": {"name": "Can change Staff Member", "content_type": 23, "codename": "change_teacher"}}, {"model": "auth.permission", "pk": 95, "fields": {"name": "Can delete Staff Member", "content_type": 23, "codename": "delete_teacher"}}, {"model": "auth.permission", "pk": 96, "fields": {"name": "Can view Staff Member", "content_type": 23, "codename": "view_teacher"}}, {"model": "auth.permission", "pk": 97, "fields": {"name": "Can add product category", "content_type": 32, "codename": "add_productcategory"}}, {"model": "auth.permission", "pk": 98, "fields": {"name": "Can change product category", "content_type": 32, "codename": "change_productcategory"}}, {"model": "auth.permission", "pk": 99, "fields": {"name": "Can delete product category", "content_type": 32, "codename": "delete_productcategory"}}, {"model": "auth.permission", "pk": 100, "fields": {"name": "Can view product category", "content_type": 32, "codename": "view_productcategory"}}, {"model": "auth.permission", "pk": 101, "fields": {"name": "Can add cart", "content_type": 26, "codename": "add_cart"}}, {"model": "auth.permission", "pk": 102, "fields": {"name": "Can change cart", "content_type": 26, "codename": "change_cart"}}, {"model": "auth.permission", "pk": 103, "fields": {"name": "Can delete cart", "content_type": 26, "codename": "delete_cart"}}, {"model": "auth.permission", "pk": 104, "fields": {"name": "Can view cart", "content_type": 26, "codename": "view_cart"}}, {"model": "auth.permission", "pk": 105, "fields": {"name": "Can add order", "content_type": 28, "codename": "add_order"}}, {"model": "auth.permission", "pk": 106, "fields": {"name": "Can change order", "content_type": 28, "codename": "change_order"}}, {"model": "auth.permission", "pk": 107, "fields": {"name": "Can delete order", "content_type": 28, "codename": "delete_order"}}, {"model": "auth.permission", "pk": 108, "fields": {"name": "Can view order", "content_type": 28, "codename": "view_order"}}, {"model": "auth.permission", "pk": 109, "fields": {"name": "Can add brills pay log", "content_type": 25, "codename": "add_brillspaylog"}}, {"model": "auth.permission", "pk": 110, "fields": {"name": "Can change brills pay log", "content_type": 25, "codename": "change_brillspaylog"}}, {"model": "auth.permission", "pk": 111, "fields": {"name": "Can delete brills pay log", "content_type": 25, "codename": "delete_brillspaylog"}}, {"model": "auth.permission", "pk": 112, "fields": {"name": "Can view brills pay log", "content_type": 25, "codename": "view_brillspaylog"}}, {"model": "auth.permission", "pk": 113, "fields": {"name": "Can add order item", "content_type": 29, "codename": "add_orderitem"}}, {"model": "auth.permission", "pk": 114, "fields": {"name": "Can change order item", "content_type": 29, "codename": "change_orderitem"}}, {"model": "auth.permission", "pk": 115, "fields": {"name": "Can delete order item", "content_type": 29, "codename": "delete_orderitem"}}, {"model": "auth.permission", "pk": 116, "fields": {"name": "Can view order item", "content_type": 29, "codename": "view_orderitem"}}, {"model": "auth.permission", "pk": 117, "fields": {"name": "Can add payment transaction", "content_type": 30, "codename": "add_paymenttransaction"}}, {"model": "auth.permission", "pk": 118, "fields": {"name": "Can change payment transaction", "content_type": 30, "codename": "change_paymenttransaction"}}, {"model": "auth.permission", "pk": 119, "fields": {"name": "Can delete payment transaction", "content_type": 30, "codename": "delete_paymenttransaction"}}, {"model": "auth.permission", "pk": 120, "fields": {"name": "Can view payment transaction", "content_type": 30, "codename": "view_paymenttransaction"}}, {"model": "auth.permission", "pk": 121, "fields": {"name": "Can add product", "content_type": 31, "codename": "add_product"}}, {"model": "auth.permission", "pk": 122, "fields": {"name": "Can change product", "content_type": 31, "codename": "change_product"}}, {"model": "auth.permission", "pk": 123, "fields": {"name": "Can delete product", "content_type": 31, "codename": "delete_product"}}, {"model": "auth.permission", "pk": 124, "fields": {"name": "Can view product", "content_type": 31, "codename": "view_product"}}, {"model": "auth.permission", "pk": 125, "fields": {"name": "Can add transaction", "content_type": 33, "codename": "add_transaction"}}, {"model": "auth.permission", "pk": 126, "fields": {"name": "Can change transaction", "content_type": 33, "codename": "change_transaction"}}, {"model": "auth.permission", "pk": 127, "fields": {"name": "Can delete transaction", "content_type": 33, "codename": "delete_transaction"}}, {"model": "auth.permission", "pk": 128, "fields": {"name": "Can view transaction", "content_type": 33, "codename": "view_transaction"}}, {"model": "auth.permission", "pk": 129, "fields": {"name": "Can add cart item", "content_type": 27, "codename": "add_cartitem"}}, {"model": "auth.permission", "pk": 130, "fields": {"name": "Can change cart item", "content_type": 27, "codename": "change_cartitem"}}, {"model": "auth.permission", "pk": 131, "fields": {"name": "Can delete cart item", "content_type": 27, "codename": "delete_cartitem"}}, {"model": "auth.permission", "pk": 132, "fields": {"name": "Can view cart item", "content_type": 27, "codename": "view_cartitem"}}, {"model": "auth.permission", "pk": 133, "fields": {"name": "Can add pickup authorization", "content_type": 34, "codename": "add_pickupauthorization"}}, {"model": "auth.permission", "pk": 134, "fields": {"name": "Can change pickup authorization", "content_type": 34, "codename": "change_pickupauthorization"}}, {"model": "auth.permission", "pk": 135, "fields": {"name": "Can delete pickup authorization", "content_type": 34, "codename": "delete_pickupauthorization"}}, {"model": "auth.permission", "pk": 136, "fields": {"name": "Can view pickup authorization", "content_type": 34, "codename": "view_pickupauthorization"}}, {"model": "auth.permission", "pk": 137, "fields": {"name": "Can add pickup student", "content_type": 35, "codename": "add_pickupstudent"}}, {"model": "auth.permission", "pk": 138, "fields": {"name": "Can change pickup student", "content_type": 35, "codename": "change_pickupstudent"}}, {"model": "auth.permission", "pk": 139, "fields": {"name": "Can delete pickup student", "content_type": 35, "codename": "delete_pickupstudent"}}, {"model": "auth.permission", "pk": 140, "fields": {"name": "Can view pickup student", "content_type": 35, "codename": "view_pickupstudent"}}, {"model": "auth.permission", "pk": 141, "fields": {"name": "Can add pickup verification log", "content_type": 36, "codename": "add_pickupverificationlog"}}, {"model": "auth.permission", "pk": 142, "fields": {"name": "Can change pickup verification log", "content_type": 36, "codename": "change_pickupverificationlog"}}, {"model": "auth.permission", "pk": 143, "fields": {"name": "Can delete pickup verification log", "content_type": 36, "codename": "delete_pickupverificationlog"}}, {"model": "auth.permission", "pk": 144, "fields": {"name": "Can view pickup verification log", "content_type": 36, "codename": "view_pickupverificationlog"}}, {"model": "auth.permission", "pk": 145, "fields": {"name": "Can add salary component", "content_type": 46, "codename": "add_salarycomponent"}}, {"model": "auth.permission", "pk": 146, "fields": {"name": "Can change salary component", "content_type": 46, "codename": "change_salarycomponent"}}, {"model": "auth.permission", "pk": 147, "fields": {"name": "Can delete salary component", "content_type": 46, "codename": "delete_salarycomponent"}}, {"model": "auth.permission", "pk": 148, "fields": {"name": "Can view salary component", "content_type": 46, "codename": "view_salarycomponent"}}, {"model": "auth.permission", "pk": 149, "fields": {"name": "Can add salary structure", "content_type": 47, "codename": "add_salarystructure"}}, {"model": "auth.permission", "pk": 150, "fields": {"name": "Can change salary structure", "content_type": 47, "codename": "change_salarystructure"}}, {"model": "auth.permission", "pk": 151, "fields": {"name": "Can delete salary structure", "content_type": 47, "codename": "delete_salarystructure"}}, {"model": "auth.permission", "pk": 152, "fields": {"name": "Can view salary structure", "content_type": 47, "codename": "view_salarystructure"}}, {"model": "auth.permission", "pk": 153, "fields": {"name": "Can add school settings", "content_type": 49, "codename": "add_schoolsettings"}}, {"model": "auth.permission", "pk": 154, "fields": {"name": "Can change school settings", "content_type": 49, "codename": "change_schoolsettings"}}, {"model": "auth.permission", "pk": 155, "fields": {"name": "Can delete school settings", "content_type": 49, "codename": "delete_schoolsettings"}}, {"model": "auth.permission", "pk": 156, "fields": {"name": "Can view school settings", "content_type": 49, "codename": "view_schoolsettings"}}, {"model": "auth.permission", "pk": 157, "fields": {"name": "Can add audit log", "content_type": 37, "codename": "add_auditlog"}}, {"model": "auth.permission", "pk": 158, "fields": {"name": "Can change audit log", "content_type": 37, "codename": "change_auditlog"}}, {"model": "auth.permission", "pk": 159, "fields": {"name": "Can delete audit log", "content_type": 37, "codename": "delete_auditlog"}}, {"model": "auth.permission", "pk": 160, "fields": {"name": "Can view audit log", "content_type": 37, "codename": "view_auditlog"}}, {"model": "auth.permission", "pk": 161, "fields": {"name": "Can add payee", "content_type": 39, "codename": "add_payee"}}, {"model": "auth.permission", "pk": 162, "fields": {"name": "Can change payee", "content_type": 39, "codename": "change_payee"}}, {"model": "auth.permission", "pk": 163, "fields": {"name": "Can delete payee", "content_type": 39, "codename": "delete_payee"}}, {"model": "auth.permission", "pk": 164, "fields": {"name": "Can view payee", "content_type": 39, "codename": "view_payee"}}, {"model": "auth.permission", "pk": 165, "fields": {"name": "Can add payroll period", "content_type": 44, "codename": "add_payrollperiod"}}, {"model": "auth.permission", "pk": 166, "fields": {"name": "Can change payroll period", "content_type": 44, "codename": "change_payrollperiod"}}, {"model": "auth.permission", "pk": 167, "fields": {"name": "Can delete payroll period", "content_type": 44, "codename": "delete_payrollperiod"}}, {"model": "auth.permission", "pk": 168, "fields": {"name": "Can view payroll period", "content_type": 44, "codename": "view_payrollperiod"}}, {"model": "auth.permission", "pk": 169, "fields": {"name": "Can add payment batch", "content_type": 41, "codename": "add_paymentbatch"}}, {"model": "auth.permission", "pk": 170, "fields": {"name": "Can change payment batch", "content_type": 41, "codename": "change_paymentbatch"}}, {"model": "auth.permission", "pk": 171, "fields": {"name": "Can delete payment batch", "content_type": 41, "codename": "delete_paymentbatch"}}, {"model": "auth.permission", "pk": 172, "fields": {"name": "Can view payment batch", "content_type": 41, "codename": "view_paymentbatch"}}, {"model": "auth.permission", "pk": 173, "fields": {"name": "Can add payroll record", "content_type": 45, "codename": "add_payrollrecord"}}, {"model": "auth.permission", "pk": 174, "fields": {"name": "Can change payroll record", "content_type": 45, "codename": "change_payrollrecord"}}, {"model": "auth.permission", "pk": 175, "fields": {"name": "Can delete payroll record", "content_type": 45, "codename": "delete_payrollrecord"}}, {"model": "auth.permission", "pk": 176, "fields": {"name": "Can view payroll record", "content_type": 45, "codename": "view_payrollrecord"}}, {"model": "auth.permission", "pk": 177, "fields": {"name": "Can add payroll line item", "content_type": 43, "codename": "add_payrolllineitem"}}, {"model": "auth.permission", "pk": 178, "fields": {"name": "Can change payroll line item", "content_type": 43, "codename": "change_payrolllineitem"}}, {"model": "auth.permission", "pk": 179, "fields": {"name": "Can delete payroll line item", "content_type": 43, "codename": "delete_payrolllineitem"}}, {"model": "auth.permission", "pk": 180, "fields": {"name": "Can view payroll line item", "content_type": 43, "codename": "view_payrolllineitem"}}, {"model": "auth.permission", "pk": 181, "fields": {"name": "Can add payment transaction", "content_type": 42, "codename": "add_paymenttransaction"}}, {"model": "auth.permission", "pk": 182, "fields": {"name": "Can change payment transaction", "content_type": 42, "codename": "change_paymenttransaction"}}, {"model": "auth.permission", "pk": 183, "fields": {"name": "Can delete payment transaction", "content_type": 42, "codename": "delete_paymenttransaction"}}, {"model": "auth.permission", "pk": 184, "fields": {"name": "Can view payment transaction", "content_type": 42, "codename": "view_paymenttransaction"}}, {"model": "auth.permission", "pk": 185, "fields": {"name": "Can add payee salary structure", "content_type": 40, "codename": "add_payeesalarystructure"}}, {"model": "auth.permission", "pk": 186, "fields": {"name": "Can change payee salary structure", "content_type": 40, "codename": "change_payeesalarystructure"}}, {"model": "auth.permission", "pk": 187, "fields": {"name": "Can delete payee salary structure", "content_type": 40, "codename": "delete_payeesalarystructure"}}, {"model": "auth.permission", "pk": 188, "fields": {"name": "Can view payee salary structure", "content_type": 40, "codename": "view_payeesalarystructure"}}, {"model": "auth.permission", "pk": 189, "fields": {"name": "Can add salary structure item", "content_type": 48, "codename": "add_salarystructureitem"}}, {"model": "auth.permission", "pk": 190, "fields": {"name": "Can change salary structure item", "content_type": 48, "codename": "change_salarystructureitem"}}, {"model": "auth.permission", "pk": 191, "fields": {"name": "Can delete salary structure item", "content_type": 48, "codename": "delete_salarystructureitem"}}, {"model": "auth.permission", "pk": 192, "fields": {"name": "Can view salary structure item", "content_type": 48, "codename": "view_salarystructureitem"}}, {"model": "auth.permission", "pk": 193, "fields": {"name": "Can add bank account", "content_type": 38, "codename": "add_bankaccount"}}, {"model": "auth.permission", "pk": 194, "fields": {"name": "Can change bank account", "content_type": 38, "codename": "change_bankaccount"}}, {"model": "auth.permission", "pk": 195, "fields": {"name": "Can delete bank account", "content_type": 38, "codename": "delete_bankaccount"}}, {"model": "auth.permission", "pk": 196, "fields": {"name": "Can view bank account", "content_type": 38, "codename": "view_bankaccount"}}, {"model": "auth.permission", "pk": 197, "fields": {"name": "Can add loan application", "content_type": 50, "codename": "add_loanapplication"}}, {"model": "auth.permission", "pk": 198, "fields": {"name": "Can change loan application", "content_type": 50, "codename": "change_loanapplication"}}, {"model": "auth.permission", "pk": 199, "fields": {"name": "Can delete loan application", "content_type": 50, "codename": "delete_loanapplication"}}, {"model": "auth.permission", "pk": 200, "fields": {"name": "Can view loan application", "content_type": 50, "codename": "view_loanapplication"}}, {"model": "auth.permission", "pk": 201, "fields": {"name": "Can add loan repayment", "content_type": 51, "codename": "add_loanrepayment"}}, {"model": "auth.permission", "pk": 202, "fields": {"name": "Can change loan repayment", "content_type": 51, "codename": "change_loanrepayment"}}, {"model": "auth.permission", "pk": 203, "fields": {"name": "Can delete loan repayment", "content_type": 51, "codename": "delete_loanrepayment"}}, {"model": "auth.permission", "pk": 204, "fields": {"name": "Can view loan repayment", "content_type": 51, "codename": "view_loanrepayment"}}, {"model": "auth.permission", "pk": 205, "fields": {"name": "Can add leave type", "content_type": 53, "codename": "add_leavetype"}}, {"model": "auth.permission", "pk": 206, "fields": {"name": "Can change leave type", "content_type": 53, "codename": "change_leavetype"}}, {"model": "auth.permission", "pk": 207, "fields": {"name": "Can delete leave type", "content_type": 53, "codename": "delete_leavetype"}}, {"model": "auth.permission", "pk": 208, "fields": {"name": "Can view leave type", "content_type": 53, "codename": "view_leavetype"}}, {"model": "auth.permission", "pk": 209, "fields": {"name": "Can add leave request", "content_type": 52, "codename": "add_leaverequest"}}, {"model": "auth.permission", "pk": 210, "fields": {"name": "Can change leave request", "content_type": 52, "codename": "change_leaverequest"}}, {"model": "auth.permission", "pk": 211, "fields": {"name": "Can delete leave request", "content_type": 52, "codename": "delete_leaverequest"}}, {"model": "auth.permission", "pk": 212, "fields": {"name": "Can view leave request", "content_type": 52, "codename": "view_leaverequest"}}, {"model": "auth.permission", "pk": 213, "fields": {"name": "Can add permission", "content_type": 63, "codename": "add_permission"}}, {"model": "auth.permission", "pk": 214, "fields": {"name": "Can change permission", "content_type": 63, "codename": "change_permission"}}, {"model": "auth.permission", "pk": 215, "fields": {"name": "Can delete permission", "content_type": 63, "codename": "delete_permission"}}, {"model": "auth.permission", "pk": 216, "fields": {"name": "Can view permission", "content_type": 63, "codename": "view_permission"}}, {"model": "auth.permission", "pk": 217, "fields": {"name": "Can add question tag", "content_type": 67, "codename": "add_questiontag"}}, {"model": "auth.permission", "pk": 218, "fields": {"name": "Can change question tag", "content_type": 67, "codename": "change_questiontag"}}, {"model": "auth.permission", "pk": 219, "fields": {"name": "Can delete question tag", "content_type": 67, "codename": "delete_questiontag"}}, {"model": "auth.permission", "pk": 220, "fields": {"name": "Can view question tag", "content_type": 67, "codename": "view_questiontag"}}, {"model": "auth.permission", "pk": 221, "fields": {"name": "Can add bulk export job", "content_type": 55, "codename": "add_bulkexportjob"}}, {"model": "auth.permission", "pk": 222, "fields": {"name": "Can change bulk export job", "content_type": 55, "codename": "change_bulkexportjob"}}, {"model": "auth.permission", "pk": 223, "fields": {"name": "Can delete bulk export job", "content_type": 55, "codename": "delete_bulkexportjob"}}, {"model": "auth.permission", "pk": 224, "fields": {"name": "Can view bulk export job", "content_type": 55, "codename": "view_bulkexportjob"}}, {"model": "auth.permission", "pk": 225, "fields": {"name": "Can add bulk import job", "content_type": 56, "codename": "add_bulkimportjob"}}, {"model": "auth.permission", "pk": 226, "fields": {"name": "Can change bulk import job", "content_type": 56, "codename": "change_bulkimportjob"}}, {"model": "auth.permission", "pk": 227, "fields": {"name": "Can delete bulk import job", "content_type": 56, "codename": "delete_bulkimportjob"}}, {"model": "auth.permission", "pk": 228, "fields": {"name": "Can view bulk import job", "content_type": 56, "codename": "view_bulkimportjob"}}, {"model": "auth.permission", "pk": 229, "fields": {"name": "Can add certificate template", "content_type": 58, "codename": "add_certificatetemplate"}}, {"model": "auth.permission", "pk": 230, "fields": {"name": "Can change certificate template", "content_type": 58, "codename": "change_certificatetemplate"}}, {"model": "auth.permission", "pk": 231, "fields": {"name": "Can delete certificate template", "content_type": 58, "codename": "delete_certificatetemplate"}}, {"model": "auth.permission", "pk": 232, "fields": {"name": "Can view certificate template", "content_type": 58, "codename": "view_certificatetemplate"}}, {"model": "auth.permission", "pk": 233, "fields": {"name": "Can add exam analytics", "content_type": 59, "codename": "add_examanalytics"}}, {"model": "auth.permission", "pk": 234, "fields": {"name": "Can change exam analytics", "content_type": 59, "codename": "change_examanalytics"}}, {"model": "auth.permission", "pk": 235, "fields": {"name": "Can delete exam analytics", "content_type": 59, "codename": "delete_examanalytics"}}, {"model": "auth.permission", "pk": 236, "fields": {"name": "Can view exam analytics", "content_type": 59, "codename": "view_examanalytics"}}, {"model": "auth.permission", "pk": 237, "fields": {"name": "Can add exam schedule", "content_type": 60, "codename": "add_examschedule"}}, {"model": "auth.permission", "pk": 238, "fields": {"name": "Can change exam schedule", "content_type": 60, "codename": "change_examschedule"}}, {"model": "auth.permission", "pk": 239, "fields": {"name": "Can delete exam schedule", "content_type": 60, "codename": "delete_examschedule"}}, {"model": "auth.permission", "pk": 240, "fields": {"name": "Can view exam schedule", "content_type": 60, "codename": "view_examschedule"}}, {"model": "auth.permission", "pk": 241, "fields": {"name": "Can add grading rubric", "content_type": 61, "codename": "add_gradingrubric"}}, {"model": "auth.permission", "pk": 242, "fields": {"name": "Can change grading rubric", "content_type": 61, "codename": "change_gradingrubric"}}, {"model": "auth.permission", "pk": 243, "fields": {"name": "Can delete grading rubric", "content_type": 61, "codename": "delete_gradingrubric"}}, {"model": "auth.permission", "pk": 244, "fields": {"name": "Can view grading rubric", "content_type": 61, "codename": "view_gradingrubric"}}, {"model": "auth.permission", "pk": 245, "fields": {"name": "Can add question category", "content_type": 65, "codename": "add_questioncategory"}}, {"model": "auth.permission", "pk": 246, "fields": {"name": "Can change question category", "content_type": 65, "codename": "change_questioncategory"}}, {"model": "auth.permission", "pk": 247, "fields": {"name": "Can delete question category", "content_type": 65, "codename": "delete_questioncategory"}}, {"model": "auth.permission", "pk": 248, "fields": {"name": "Can view question category", "content_type": 65, "codename": "view_questioncategory"}}, {"model": "auth.permission", "pk": 249, "fields": {"name": "Can add question bank", "content_type": 64, "codename": "add_questionbank"}}, {"model": "auth.permission", "pk": 250, "fields": {"name": "Can change question bank", "content_type": 64, "codename": "change_questionbank"}}, {"model": "auth.permission", "pk": 251, "fields": {"name": "Can delete question bank", "content_type": 64, "codename": "delete_questionbank"}}, {"model": "auth.permission", "pk": 252, "fields": {"name": "Can view question bank", "content_type": 64, "codename": "view_questionbank"}}, {"model": "auth.permission", "pk": 253, "fields": {"name": "Can add question choice", "content_type": 66, "codename": "add_questionchoice"}}, {"model": "auth.permission", "pk": 254, "fields": {"name": "Can change question choice", "content_type": 66, "codename": "change_questionchoice"}}, {"model": "auth.permission", "pk": 255, "fields": {"name": "Can delete question choice", "content_type": 66, "codename": "delete_questionchoice"}}, {"model": "auth.permission", "pk": 256, "fields": {"name": "Can view question choice", "content_type": 66, "codename": "view_questionchoice"}}, {"model": "auth.permission", "pk": 257, "fields": {"name": "Can add role", "content_type": 68, "codename": "add_role"}}, {"model": "auth.permission", "pk": 258, "fields": {"name": "Can change role", "content_type": 68, "codename": "change_role"}}, {"model": "auth.permission", "pk": 259, "fields": {"name": "Can delete role", "content_type": 68, "codename": "delete_role"}}, {"model": "auth.permission", "pk": 260, "fields": {"name": "Can view role", "content_type": 68, "codename": "view_role"}}, {"model": "auth.permission", "pk": 261, "fields": {"name": "Can add role permission", "content_type": 69, "codename": "add_rolepermission"}}, {"model": "auth.permission", "pk": 262, "fields": {"name": "Can change role permission", "content_type": 69, "codename": "change_rolepermission"}}, {"model": "auth.permission", "pk": 263, "fields": {"name": "Can delete role permission", "content_type": 69, "codename": "delete_rolepermission"}}, {"model": "auth.permission", "pk": 264, "fields": {"name": "Can view role permission", "content_type": 69, "codename": "view_rolepermission"}}, {"model": "auth.permission", "pk": 265, "fields": {"name": "Can add rubric criteria", "content_type": 70, "codename": "add_rubriccriteria"}}, {"model": "auth.permission", "pk": 266, "fields": {"name": "Can change rubric criteria", "content_type": 70, "codename": "change_rubriccriteria"}}, {"model": "auth.permission", "pk": 267, "fields": {"name": "Can delete rubric criteria", "content_type": 70, "codename": "delete_rubriccriteria"}}, {"model": "auth.permission", "pk": 268, "fields": {"name": "Can view rubric criteria", "content_type": 70, "codename": "view_rubriccriteria"}}, {"model": "auth.permission", "pk": 269, "fields": {"name": "Can add rubric grade", "content_type": 72, "codename": "add_rubricgrade"}}, {"model": "auth.permission", "pk": 270, "fields": {"name": "Can change rubric grade", "content_type": 72, "codename": "change_rubricgrade"}}, {"model": "auth.permission", "pk": 271, "fields": {"name": "Can delete rubric grade", "content_type": 72, "codename": "delete_rubricgrade"}}, {"model": "auth.permission", "pk": 272, "fields": {"name": "Can view rubric grade", "content_type": 72, "codename": "view_rubricgrade"}}, {"model": "auth.permission", "pk": 273, "fields": {"name": "Can add rubric score", "content_type": 73, "codename": "add_rubricscore"}}, {"model": "auth.permission", "pk": 274, "fields": {"name": "Can change rubric score", "content_type": 73, "codename": "change_rubricscore"}}, {"model": "auth.permission", "pk": 275, "fields": {"name": "Can delete rubric score", "content_type": 73, "codename": "delete_rubricscore"}}, {"model": "auth.permission", "pk": 276, "fields": {"name": "Can view rubric score", "content_type": 73, "codename": "view_rubricscore"}}, {"model": "auth.permission", "pk": 277, "fields": {"name": "Can add rubric criteria grade", "content_type": 71, "codename": "add_rubriccriteriagrade"}}, {"model": "auth.permission", "pk": 278, "fields": {"name": "Can change rubric criteria grade", "content_type": 71, "codename": "change_rubriccriteriagrade"}}, {"model": "auth.permission", "pk": 279, "fields": {"name": "Can delete rubric criteria grade", "content_type": 71, "codename": "delete_rubriccriteriagrade"}}, {"model": "auth.permission", "pk": 280, "fields": {"name": "Can view rubric criteria grade", "content_type": 71, "codename": "view_rubriccriteriagrade"}}, {"model": "auth.permission", "pk": 281, "fields": {"name": "Can add scheduled notification", "content_type": 74, "codename": "add_schedulednotification"}}, {"model": "auth.permission", "pk": 282, "fields": {"name": "Can change scheduled notification", "content_type": 74, "codename": "change_schedulednotification"}}, {"model": "auth.permission", "pk": 283, "fields": {"name": "Can delete scheduled notification", "content_type": 74, "codename": "delete_schedulednotification"}}, {"model": "auth.permission", "pk": 284, "fields": {"name": "Can view scheduled notification", "content_type": 74, "codename": "view_schedulednotification"}}, {"model": "auth.permission", "pk": 285, "fields": {"name": "Can add student performance", "content_type": 75, "codename": "add_studentperformance"}}, {"model": "auth.permission", "pk": 286, "fields": {"name": "Can change student performance", "content_type": 75, "codename": "change_studentperformance"}}, {"model": "auth.permission", "pk": 287, "fields": {"name": "Can delete student performance", "content_type": 75, "codename": "delete_studentperformance"}}, {"model": "auth.permission", "pk": 288, "fields": {"name": "Can view student performance", "content_type": 75, "codename": "view_studentperformance"}}, {"model": "auth.permission", "pk": 289, "fields": {"name": "Can add user role", "content_type": 76, "codename": "add_userrole"}}, {"model": "auth.permission", "pk": 290, "fields": {"name": "Can change user role", "content_type": 76, "codename": "change_userrole"}}, {"model": "auth.permission", "pk": 291, "fields": {"name": "Can delete user role", "content_type": 76, "codename": "delete_userrole"}}, {"model": "auth.permission", "pk": 292, "fields": {"name": "Can view user role", "content_type": 76, "codename": "view_userrole"}}, {"model": "auth.permission", "pk": 293, "fields": {"name": "Can add attempt history", "content_type": 54, "codename": "add_attempthistory"}}, {"model": "auth.permission", "pk": 294, "fields": {"name": "Can change attempt history", "content_type": 54, "codename": "change_attempthistory"}}, {"model": "auth.permission", "pk": 295, "fields": {"name": "Can delete attempt history", "content_type": 54, "codename": "delete_attempthistory"}}, {"model": "auth.permission", "pk": 296, "fields": {"name": "Can view attempt history", "content_type": 54, "codename": "view_attempthistory"}}, {"model": "auth.permission", "pk": 297, "fields": {"name": "Can add certificate", "content_type": 57, "codename": "add_certificate"}}, {"model": "auth.permission", "pk": 298, "fields": {"name": "Can change certificate", "content_type": 57, "codename": "change_certificate"}}, {"model": "auth.permission", "pk": 299, "fields": {"name": "Can delete certificate", "content_type": 57, "codename": "delete_certificate"}}, {"model": "auth.permission", "pk": 300, "fields": {"name": "Can view certificate", "content_type": 57, "codename": "view_certificate"}}, {"model": "auth.permission", "pk": 301, "fields": {"name": "Can add notification", "content_type": 62, "codename": "add_notification"}}, {"model": "auth.permission", "pk": 302, "fields": {"name": "Can change notification", "content_type": 62, "codename": "change_notification"}}, {"model": "auth.permission", "pk": 303, "fields": {"name": "Can delete notification", "content_type": 62, "codename": "delete_notification"}}, {"model": "auth.permission", "pk": 304, "fields": {"name": "Can view notification", "content_type": 62, "codename": "view_notification"}}, {"model": "auth.permission", "pk": 305, "fields": {"name": "Can add chat room", "content_type": 77, "codename": "add_chatroom"}}, {"model": "auth.permission", "pk": 306, "fields": {"name": "Can change chat room", "content_type": 77, "codename": "change_chatroom"}}, {"model": "auth.permission", "pk": 307, "fields": {"name": "Can delete chat room", "content_type": 77, "codename": "delete_chatroom"}}, {"model": "auth.permission", "pk": 308, "fields": {"name": "Can view chat room", "content_type": 77, "codename": "view_chatroom"}}, {"model": "auth.permission", "pk": 309, "fields": {"name": "Can add chat room message", "content_type": 78, "codename": "add_chatroommessage"}}, {"model": "auth.permission", "pk": 310, "fields": {"name": "Can change chat room message", "content_type": 78, "codename": "change_chatroommessage"}}, {"model": "auth.permission", "pk": 311, "fields": {"name": "Can delete chat room message", "content_type": 78, "codename": "delete_chatroommessage"}}, {"model": "auth.permission", "pk": 312, "fields": {"name": "Can view chat room message", "content_type": 78, "codename": "view_chatroommessage"}}, {"model": "auth.permission", "pk": 313, "fields": {"name": "Can add chat room read status", "content_type": 79, "codename": "add_chatroomreadstatus"}}, {"model": "auth.permission", "pk": 314, "fields": {"name": "Can change chat room read status", "content_type": 79, "codename": "change_chatroomreadstatus"}}, {"model": "auth.permission", "pk": 315, "fields": {"name": "Can delete chat room read status", "content_type": 79, "codename": "delete_chatroomreadstatus"}}, {"model": "auth.permission", "pk": 316, "fields": {"name": "Can view chat room read status", "content_type": 79, "codename": "view_chatroomreadstatus"}}, {"model": "exams.schoolclass", "pk": 1, "fields": {"name": "JSS1", "level": "junior_secondary", "academic_year": "2025/2026", "description": "", "is_active": true, "teacher": 3, "assistant_teacher": 3, "created_at": "2026-01-31T14:52:47.594Z"}}, {"model": "exams.schoolclass", "pk": 2, "fields": {"name": "JSS2", "level": "Kindergarten", "academic_year": "", "description": "", "is_active": true, "teacher": null, "assistant_teacher": null, "created_at": "2026-01-31T14:52:47.612Z"}}, {"model": "exams.schoolclass", "pk": 3, "fields": {"name": "JSS3", "level": "Kindergarten", "academic_year": "", "description": "", "is_active": true, "teacher": null, "assistant_teacher": null, "created_at": "2026-01-31T14:52:47.632Z"}}, {"model": "exams.schoolclass", "pk": 4, "fields": {"name": "SSS1", "level": "Kindergarten", "academic_year": "", "description": "", "is_active": true, "teacher": null, "assistant_teacher": null, "created_at": "2026-01-31T14:52:47.652Z"}}, {"model": "exams.schoolclass", "pk": 5, "fields": {"name": "SSS2", "level": "Kindergarten", "academic_year": "", "description": "", "is_active": true, "teacher": null, "assistant_teacher": null, "created_at": "2026-01-31T14:52:47.669Z"}}, {"model": "exams.schoolclass", "pk": 6, "fields": {"name": "SSS3", "level": "Kindergarten", "academic_year": "", "description": "", "is_active": true, "teacher": null, "assistant_teacher": null, "created_at": "2026-01-31T14:52:47.687Z"}}, {"model": "exams.schoolclass", "pk": 9, "fields": {"name": "PRIMARY 1", "level": "primary", "academic_year": "2025/2026", "description": "", "is_active": true, "teacher": 3, "assistant_teacher": 3, "created_at": "2026-02-01T11:46:10.606Z"}}, {"model": "exams.schoolclass", "pk": 10, "fields": {"name": "PRIMARY 3", "level": "primary", "academic_year": "2025/2026", "description": "", "is_active": true, "teacher": 3, "assistant_teacher": 3, "created_at": "2026-02-01T14:03:47.856Z"}}, {"model": "exams.schoolclass", "pk": 11, "fields": {"name": "JSS 1", "level": "junior_secondary", "academic_year": "2023/2024", "description": "", "is_active": true, "teacher": 1, "assistant_teacher": null, "created_at": "2026-02-04T01:11:34.594Z"}}, {"model": "exams.schoolclass", "pk": 12, "fields": {"name": "JSS 2", "level": "junior_secondary", "academic_year": "2023/2024", "description": "", "is_active": true, "teacher": 1, "assistant_teacher": null, "created_at": "2026-02-04T01:11:34.611Z"}}, {"model": "exams.schoolclass", "pk": 13, "fields": {"name": "SSS 1", "level": "senior_secondary", "academic_year": "2023/2024", "description": "", "is_active": true, "teacher": 1, "assistant_teacher": null, "created_at": "2026-02-04T01:11:34.630Z"}}, {"model": "exams.schoolclass", "pk": 14, "fields": {"name": "Primary 1 Verification", "level": "Kindergarten", "academic_year": "", "description": "", "is_active": true, "teacher": null, "assistant_teacher": null, "created_at": "2026-02-04T06:51:38.849Z"}}, {"model": "exams.subject", "pk": 1, "fields": {"name": "Mathematics", "description": "", "department": "", "is_active": true, "created_by": 1, "created_at": "2026-01-31T14:53:24.718Z", "classes": [11, 12, 3, 9, 13, 4, 5]}}, {"model": "exams.subject", "pk": 2, "fields": {"name": "English Language", "description": "Subject for English Language", "department": "General", "is_active": true, "created_by": 1, "created_at": "2026-02-04T01:11:34.694Z", "classes": [11, 12, 2, 13, 6]}}, {"model": "exams.subject", "pk": 4, "fields": {"name": "Civic Education", "description": "Subject for Civic Education", "department": "General", "is_active": true, "created_by": 1, "created_at": "2026-02-04T01:11:34.880Z", "classes": [11, 12, 10, 13]}}, {"model": "exams.subject", "pk": 5, "fields": {"name": "Biology", "description": "Biology Subject", "department": "General", "is_active": true, "created_by": 1, "created_at": "2026-02-04T05:27:08.370Z", "classes": [9, 10, 13]}}, {"model": "exams.subject", "pk": 6, "fields": {"name": "Chemistry", "description": "Chemistry Subject", "department": "", "is_active": true, "created_by": 1, "created_at": "2026-02-04T05:27:08.388Z", "classes": [11, 1, 12, 6]}}, {"model": "exams.subject", "pk": 7, "fields": {"name": "Physics", "description": "Physics Subject", "department": "", "is_active": true, "created_by": 1, "created_at": "2026-02-04T05:27:08.406Z", "classes": [1, 2, 4]}}, {"model": "exams.subject", "pk": 8, "fields": {"name": "Economics", "description": "Economics Subject", "department": "", "is_active": true, "created_by": 1, "created_at": "2026-02-04T05:27:08.423Z", "classes": [3, 5]}}, {"model": "exams.subject", "pk": 9, "fields": {"name": "Government", "description": "Government Subject", "department": "", "is_active": true, "created_by": 1, "created_at": "2026-02-04T05:27:08.442Z", "classes": [2, 9, 4, 6]}}, {"model": "exams.subject", "pk": 10, "fields": {"name": "Geography", "description": "Geography Subject", "department": "", "is_active": true, "created_by": 1, "created_at": "2026-02-04T05:27:08.461Z", "classes": [1, 3, 10, 4, 5]}}, {"model": "exams.subject", "pk": 11, "fields": {"name": "Mathematics Verification", "description": "", "department": "", "is_active": true, "created_by": null, "created_at": "2026-02-04T06:51:38.873Z", "classes": []}}, {"model": "exams.subject", "pk": 12, "fields": {"name": "Yoruba", "description": "Ede Yoruba", "department": "General", "is_active": true, "created_by": null, "created_at": "2026-02-08T03:24:56.818Z", "classes": [2]}}, {"model": "exams.exam", "pk": 47, "fields": {"title": "Computer Science Fundamentals", "school_class": 11, "created_by": 3, "duration": 60, "start_time": "2026-02-04T12:36:03.680Z", "end_time": "2026-03-11T12:36:03.680Z", "is_active": true, "created_at": "2026-02-09T12:36:03.680Z", "is_published": true, "allow_retake": true, "requires_payment": false, "price": 0, "passing_marks": 50}}, {"model": "exams.exam", "pk": 48, "fields": {"title": "World History: 20th Century", "school_class": 11, "created_by": 3, "duration": 90, "start_time": "2026-02-07T12:36:04.042Z", "end_time": "2026-03-11T12:36:04.042Z", "is_active": true, "created_at": "2026-02-09T12:36:04.043Z", "is_published": true, "allow_retake": false, "requires_payment": false, "price": 0, "passing_marks": 40}}, {"model": "exams.exam", "pk": 49, "fields": {"title": "Advanced Physics: Mechanics", "school_class": 11, "created_by": 3, "duration": 120, "start_time": "2026-01-30T12:36:04.263Z", "end_time": "2026-03-11T12:36:04.263Z", "is_active": true, "created_at": "2026-02-09T12:36:04.264Z", "is_published": true, "allow_retake": false, "requires_payment": false, "price": 0, "passing_marks": 60}}, {"model": "exams.exam", "pk": 50, "fields": {"title": "First Term Exam Math", "school_class": 3, "created_by": 3, "duration": 5, "start_time": "2026-02-09T14:49:00Z", "end_time": "2026-02-28T14:49:00Z", "is_active": true, "created_at": "2026-02-09T14:52:44.323Z", "is_published": true, "allow_retake": true, "requires_payment": false, "price": 0, "passing_marks": 40}}, {"model": "exams.examaccess", "pk": 1, "fields": {"student": 12, "exam": 50, "reason": "Special access granted for testing", "granted_by": null, "via_payment": false, "granted_at": "2026-02-09T15:53:23.505Z"}}, {"model": "exams.question", "pk": 142, "fields": {"exam": 47, "text": "Which of the following is NOT a valid variable name in Python?", "type": "objective", "marks": 5, "order": 1}}, {"model": "exams.question", "pk": 143, "fields": {"exam": 47, "text": "What is the time complexity of binary search?", "type": "objective", "marks": 5, "order": 2}}, {"model": "exams.question", "pk": 144, "fields": {"exam": 47, "text": "Which data structure uses LIFO (Last In First Out) principle?", "type": "objective", "marks": 5, "order": 3}}, {"model": "exams.question", "pk": 145, "fields": {"exam": 47, "text": "What does HTML stand for?", "type": "objective", "marks": 5, "order": 4}}, {"model": "exams.question", "pk": 146, "fields": {"exam": 48, "text": "In which year did World War II end?", "type": "objective", "marks": 2, "order": 1}}, {"model": "exams.question", "pk": 147, "fields": {"exam": 48, "text": "Who was the first person to walk on the moon?", "type": "objective", "marks": 2, "order": 2}}, {"model": "exams.question", "pk": 148, "fields": {"exam": 48, "text": "Analyze the primary causes of the Cold War. Discuss at least two major factors.", "type": "subjective", "marks": 10, "order": 3}}, {"model": "exams.question", "pk": 149, "fields": {"exam": 48, "text": "Describe the impact of the Industrial Revolution on urban life.", "type": "subjective", "marks": 10, "order": 4}}, {"model": "exams.question", "pk": 150, "fields": {"exam": 49, "text": "What is the unit of Force in the SI system?", "type": "objective", "marks": 2, "order": 1}}, {"model": "exams.question", "pk": 151, "fields": {"exam": 49, "text": "According to Newton's Second Law, Force equals:", "type": "objective", "marks": 2, "order": 2}}, {"model": "exams.question", "pk": 152, "fields": {"exam": 49, "text": "Explain the concept of Conservation of Energy with a real-world example.", "type": "subjective", "marks": 15, "order": 3}}, {"model": "exams.question", "pk": 153, "fields": {"exam": 49, "text": "Derive the equation for the period of a simple pendulum.", "type": "subjective", "marks": 15, "order": 4}}, {"model": "exams.question", "pk": 154, "fields": {"exam": 50, "text": "what is 2+3", "type": "objective", "marks": 10, "order": 1}}, {"model": "exams.question", "pk": 155, "fields": {"exam": 50, "text": "what is 4-2", "type": "objective", "marks": 1, "order": 2}}, {"model": "exams.question", "pk": 156, "fields": {"exam": 50, "text": "wat is 3*4", "type": "objective", "marks": 1, "order": 3}}, {"model": "exams.choice", "pk": 328, "fields": {"question": 142, "text": "my_variable", "is_correct": false}}, {"model": "exams.choice", "pk": 329, "fields": {"question": 142, "text": "_variable", "is_correct": false}}, {"model": "exams.choice", "pk": 330, "fields": {"question": 142, "text": "2variable", "is_correct": true}}, {"model": "exams.choice", "pk": 331, "fields": {"question": 142, "text": "variable2", "is_correct": false}}, {"model": "exams.choice", "pk": 332, "fields": {"question": 143, "text": "O(n)", "is_correct": false}}, {"model": "exams.choice", "pk": 333, "fields": {"question": 143, "text": "O(log n)", "is_correct": true}}, {"model": "exams.choice", "pk": 334, "fields": {"question": 143, "text": "O(n^2)", "is_correct": false}}, {"model": "exams.choice", "pk": 335, "fields": {"question": 143, "text": "O(1)", "is_correct": false}}, {"model": "exams.choice", "pk": 336, "fields": {"question": 144, "text": "Queue", "is_correct": false}}, {"model": "exams.choice", "pk": 337, "fields": {"question": 144, "text": "Stack", "is_correct": true}}, {"model": "exams.choice", "pk": 338, "fields": {"question": 144, "text": "Tree", "is_correct": false}}, {"model": "exams.choice", "pk": 339, "fields": {"question": 144, "text": "Linked List", "is_correct": false}}, {"model": "exams.choice", "pk": 340, "fields": {"question": 145, "text": "Hyper Text Markup Language", "is_correct": true}}, {"model": "exams.choice", "pk": 341, "fields": {"question": 145, "text": "High Tech Modern Language", "is_correct": false}}, {"model": "exams.choice", "pk": 342, "fields": {"question": 145, "text": "Hyper Transfer Mark Language", "is_correct": false}}, {"model": "exams.choice", "pk": 343, "fields": {"question": 145, "text": "Home Tool Markup Language", "is_correct": false}}, {"model": "exams.choice", "pk": 344, "fields": {"question": 146, "text": "1943", "is_correct": false}}, {"model": "exams.choice", "pk": 345, "fields": {"question": 146, "text": "1944", "is_correct": false}}, {"model": "exams.choice", "pk": 346, "fields": {"question": 146, "text": "1945", "is_correct": true}}, {"model": "exams.choice", "pk": 347, "fields": {"question": 146, "text": "1946", "is_correct": false}}, {"model": "exams.choice", "pk": 348, "fields": {"question": 147, "text": "Yuri Gagarin", "is_correct": false}}, {"model": "exams.choice", "pk": 349, "fields": {"question": 147, "text": "Neil Armstrong", "is_correct": true}}, {"model": "exams.choice", "pk": 350, "fields": {"question": 147, "text": "Buzz Aldrin", "is_correct": false}}, {"model": "exams.choice", "pk": 351, "fields": {"question": 147, "text": "Michael Collins", "is_correct": false}}, {"model": "exams.choice", "pk": 352, "fields": {"question": 150, "text": "Joule", "is_correct": false}}, {"model": "exams.choice", "pk": 353, "fields": {"question": 150, "text": "Newton", "is_correct": true}}, {"model": "exams.choice", "pk": 354, "fields": {"question": 150, "text": "Watt", "is_correct": false}}, {"model": "exams.choice", "pk": 355, "fields": {"question": 150, "text": "Pascal", "is_correct": false}}, {"model": "exams.choice", "pk": 356, "fields": {"question": 151, "text": "Mass x Velocity", "is_correct": false}}, {"model": "exams.choice", "pk": 357, "fields": {"question": 151, "text": "Mass x Acceleration", "is_correct": true}}, {"model": "exams.choice", "pk": 358, "fields": {"question": 151, "text": "Mass / Acceleration", "is_correct": false}}, {"model": "exams.choice", "pk": 359, "fields": {"question": 151, "text": "Acceleration / Mass", "is_correct": false}}, {"model": "exams.choice", "pk": 360, "fields": {"question": 154, "text": "5", "is_correct": true}}, {"model": "exams.choice", "pk": 361, "fields": {"question": 154, "text": "4", "is_correct": false}}, {"model": "exams.choice", "pk": 362, "fields": {"question": 154, "text": "45", "is_correct": false}}, {"model": "exams.choice", "pk": 363, "fields": {"question": 154, "text": "32", "is_correct": false}}, {"model": "exams.choice", "pk": 364, "fields": {"question": 155, "text": "0", "is_correct": false}}, {"model": "exams.choice", "pk": 365, "fields": {"question": 155, "text": "1", "is_correct": false}}, {"model": "exams.choice", "pk": 366, "fields": {"question": 155, "text": "2", "is_correct": true}}, {"model": "exams.choice", "pk": 367, "fields": {"question": 155, "text": "3", "is_correct": false}}, {"model": "exams.choice", "pk": 368, "fields": {"question": 156, "text": "34", "is_correct": false}}, {"model": "exams.choice", "pk": 369, "fields": {"question": 156, "text": "43", "is_correct": false}}, {"model": "exams.choice", "pk": 370, "fields": {"question": 156, "text": "12", "is_correct": true}}, {"model": "exams.choice", "pk": 371, "fields": {"question": 156, "text": "1", "is_correct": false}}, {"model": "exams.examattempt", "pk": 15, "fields": {"student": 12, "exam": 47, "score": 20, "status": "submitted", "verification_token": "350bbca5-07f5-4003-bafb-63eea0e51b89", "is_submitted": true, "retake_allowed": false, "question_order": [], "remaining_seconds": 0, "interruption_reason": "", "started_at": "2026-02-09T12:36:04.495Z", "last_activity_at": "2026-02-09T12:36:04.495Z", "completed_at": "2026-02-09T11:36:04.494Z"}}, {"model": "exams.examattempt", "pk": 16, "fields": {"student": 18, "exam": 47, "score": 5, "status": "submitted", "verification_token": "fb9507a3-adce-4905-bde9-232026c5f9d6", "is_submitted": true, "retake_allowed": false, "question_order": [], "remaining_seconds": 0, "interruption_reason": "", "started_at": "2026-02-09T12:36:04.596Z", "last_activity_at": "2026-02-09T12:36:04.596Z", "completed_at": "2026-02-09T10:36:04.596Z"}}, {"model": "exams.examattempt", "pk": 17, "fields": {"student": 12, "exam": 48, "score": 4, "status": "submitted", "verification_token": "97acc987-7ba0-4e0e-bc7a-ec2a746ecc9b", "is_submitted": true, "retake_allowed": false, "question_order": [], "remaining_seconds": 0, "interruption_reason": "", "started_at": "2026-02-09T12:36:04.682Z", "last_activity_at": "2026-02-09T12:36:04.682Z", "completed_at": "2026-02-07T14:36:04.682Z"}}, {"model": "exams.examattempt", "pk": 18, "fields": {"student": 22, "exam": 50, "score": 12, "status": "submitted", "verification_token": "7dcdb3bb-1d59-4b72-ace6-c2201e7e1d65", "is_submitted": false, "retake_allowed": false, "question_order": [], "remaining_seconds": 300, "interruption_reason": "", "started_at": "2026-02-09T15:11:24.052Z", "last_activity_at": "2026-02-09T15:12:35.387Z", "completed_at": "2026-02-09T15:12:35.378Z"}}, {"model": "exams.examattempt", "pk": 19, "fields": {"student": 22, "exam": 50, "score": 0, "status": "in_progress", "verification_token": "1fe2e0c4-d594-4513-806e-5adf3cefd343", "is_submitted": false, "retake_allowed": false, "question_order": [], "remaining_seconds": 300, "interruption_reason": "", "started_at": "2026-02-09T15:59:47.840Z", "last_activity_at": "2026-02-09T16:00:14.962Z", "completed_at": null}}, {"model": "exams.studentanswer", "pk": 28, "fields": {"attempt": 15, "question": 142, "answer_text": "", "selected_choice": 330}}, {"model": "exams.studentanswer", "pk": 29, "fields": {"attempt": 15, "question": 143, "answer_text": "", "selected_choice": 333}}, {"model": "exams.studentanswer", "pk": 30, "fields": {"attempt": 15, "question": 144, "answer_text": "", "selected_choice": 337}}, {"model": "exams.studentanswer", "pk": 31, "fields": {"attempt": 15, "question": 145, "answer_text": "", "selected_choice": 340}}, {"model": "exams.studentanswer", "pk": 32, "fields": {"attempt": 16, "question": 142, "answer_text": "", "selected_choice": 330}}, {"model": "exams.studentanswer", "pk": 33, "fields": {"attempt": 16, "question": 143, "answer_text": "", "selected_choice": 332}}, {"model": "exams.studentanswer", "pk": 34, "fields": {"attempt": 16, "question": 144, "answer_text": "", "selected_choice": 336}}, {"model": "exams.studentanswer", "pk": 35, "fields": {"attempt": 16, "question": 145, "answer_text": "", "selected_choice": 341}}, {"model": "exams.studentanswer", "pk": 36, "fields": {"attempt": 17, "question": 146, "answer_text": "", "selected_choice": 346}}, {"model": "exams.studentanswer", "pk": 37, "fields": {"attempt": 17, "question": 147, "answer_text": "", "selected_choice": 349}}, {"model": "exams.studentanswer", "pk": 38, "fields": {"attempt": 17, "question": 148, "answer_text": "This is a sample essay answer demonstrating knowledge about the topic.", "selected_choice": null}}, {"model": "exams.studentanswer", "pk": 39, "fields": {"attempt": 17, "question": 149, "answer_text": "This is a sample essay answer demonstrating knowledge about the topic.", "selected_choice": null}}, {"model": "exams.studentanswer", "pk": 40, "fields": {"attempt": 18, "question": 154, "answer_text": "", "selected_choice": 360}}, {"model": "exams.studentanswer", "pk": 41, "fields": {"attempt": 18, "question": 155, "answer_text": "", "selected_choice": 366}}, {"model": "exams.studentanswer", "pk": 42, "fields": {"attempt": 18, "question": 156, "answer_text": "", "selected_choice": 370}}, {"model": "exams.studentanswer", "pk": 43, "fields": {"attempt": 19, "question": 154, "answer_text": "", "selected_choice": 360}}, {"model": "exams.studentanswer", "pk": 44, "fields": {"attempt": 19, "question": 155, "answer_text": "", "selected_choice": 366}}, {"model": "exams.studentanswer", "pk": 45, "fields": {"attempt": 19, "question": 156, "answer_text": "", "selected_choice": 370}}, {"model": "exams.subjectivemark", "pk": 6, "fields": {"answer": 38, "score": 10, "marked_by": 3, "marked_at": "2026-02-12T02:40:16.999Z"}}, {"model": "exams.subjectivemark", "pk": 7, "fields": {"answer": 39, "score": 10, "marked_by": 3, "marked_at": "2026-02-12T02:40:23.789Z"}}, {"model": "exams.retakerequest", "pk": 3, "fields": {"student": 22, "exam": 50, "reason": null, "status": "approved", "created_at": "2026-02-09T15:12:52.243Z", "updated_at": "2026-02-09T15:58:46.453Z", "reviewed_by": 1}}, {"model": "exams.notification", "pk": 29, "fields": {"sender": 1, "recipient": 12, "title": "Broadcast: Read your books", "message": "Read your books", "is_read": true, "created_at": "2026-02-09T14:14:07.829Z", "related_exam": null}}, {"model": "exams.notification", "pk": 30, "fields": {"sender": 1, "recipient": 18, "title": "Broadcast: Read your books", "message": "Read your books", "is_read": true, "created_at": "2026-02-09T14:14:07.829Z", "related_exam": null}}, {"model": "exams.notification", "pk": 31, "fields": {"sender": 1, "recipient": 19, "title": "Broadcast: Read your books", "message": "Read your books", "is_read": true, "created_at": "2026-02-09T14:14:07.829Z", "related_exam": null}}, {"model": "exams.notification", "pk": 32, "fields": {"sender": 1, "recipient": 20, "title": "Broadcast: Read your books", "message": "Read your books", "is_read": true, "created_at": "2026-02-09T14:14:07.829Z", "related_exam": null}}, {"model": "exams.notification", "pk": 33, "fields": {"sender": 1, "recipient": 21, "title": "Broadcast: Read your books", "message": "Read your books", "is_read": true, "created_at": "2026-02-09T14:14:07.829Z", "related_exam": null}}, {"model": "exams.notification", "pk": 36, "fields": {"sender": 1, "recipient": 12, "title": "Broadcast: Punctuality", "message": "Come to school early", "is_read": true, "created_at": "2026-02-09T14:14:50.881Z", "related_exam": null}}, {"model": "exams.notification", "pk": 37, "fields": {"sender": 1, "recipient": 18, "title": "Broadcast: Punctuality", "message": "Come to school early", "is_read": true, "created_at": "2026-02-09T14:14:50.881Z", "related_exam": null}}, {"model": "exams.notification", "pk": 38, "fields": {"sender": 1, "recipient": 19, "title": "Broadcast: Punctuality", "message": "Come to school early", "is_read": true, "created_at": "2026-02-09T14:14:50.881Z", "related_exam": null}}, {"model": "exams.notification", "pk": 39, "fields": {"sender": 1, "recipient": 20, "title": "Broadcast: Punctuality", "message": "Come to school early", "is_read": true, "created_at": "2026-02-09T14:14:50.881Z", "related_exam": null}}, {"model": "exams.notification", "pk": 40, "fields": {"sender": 1, "recipient": 21, "title": "Broadcast: Punctuality", "message": "Come to school early", "is_read": true, "created_at": "2026-02-09T14:14:50.881Z", "related_exam": null}}, {"model": "exams.notification", "pk": 47, "fields": {"sender": 3, "recipient": 12, "title": "Exam Graded", "message": "Your answer to \"Analyze the primary causes of the Cold War. Discus...\" has been graded (10/10 marks)", "is_read": false, "created_at": "2026-02-11T11:37:13.870Z", "related_exam": 48}}, {"model": "exams.notification", "pk": 48, "fields": {"sender": 3, "recipient": 12, "title": "Exam Graded", "message": "Your answer to \"Describe the impact of the Industrial Revolution o...\" has been graded (10/10 marks)", "is_read": false, "created_at": "2026-02-11T11:37:52.393Z", "related_exam": 48}}, {"model": "exams.notification", "pk": 49, "fields": {"sender": 3, "recipient": 12, "title": "Exam Graded", "message": "Your answer to \"Analyze the primary causes of the Cold War. Discus...\" has been graded (10/10 marks)", "is_read": false, "created_at": "2026-02-11T11:43:21.774Z", "related_exam": 48}}, {"model": "exams.notification", "pk": 50, "fields": {"sender": 3, "recipient": 12, "title": "Exam Graded", "message": "Your answer to \"Describe the impact of the Industrial Revolution o...\" has been graded (10/10 marks)", "is_read": false, "created_at": "2026-02-11T11:43:37.531Z", "related_exam": 48}}, {"model": "exams.notification", "pk": 51, "fields": {"sender": 3, "recipient": 12, "title": "Exam Graded", "message": "Your answer to \"Analyze the primary causes of the Cold War. Discus...\" has been graded (10/10 marks)", "is_read": false, "created_at": "2026-02-12T02:40:17.007Z", "related_exam": 48}}, {"model": "exams.notification", "pk": 52, "fields": {"sender": 3, "recipient": 12, "title": "Exam Graded", "message": "Your answer to \"Describe the impact of the Industrial Revolution o...\" has been graded (10/10 marks)", "is_read": false, "created_at": "2026-02-12T02:40:23.797Z", "related_exam": 48}}, {"model": "exams.broadcast", "pk": 1, "fields": {"sender": 1, "target_class": 11, "target_role": "", "title": "School Fees", "message": "Pay yourschool fee", "created_at": "2026-02-04T17:54:41.803Z", "recipients": []}}, {"model": "exams.broadcast", "pk": 2, "fields": {"sender": 1, "target_class": null, "target_role": "parents", "title": "Texbook purchase", "message": "Books are available, come and buy", "created_at": "2026-02-05T07:19:09.935Z", "recipients": [8, 4, 6, 7]}}, {"model": "exams.broadcast", "pk": 3, "fields": {"sender": 1, "target_class": null, "target_role": "parents", "title": "Texbook purchase", "message": "Books are available, come and buy", "created_at": "2026-02-05T07:25:44.227Z", "recipients": [8, 4, 6, 7]}}, {"model": "exams.broadcast", "pk": 4, "fields": {"sender": 1, "target_class": 2, "target_role": "parents", "title": "hello", "message": "how are you\r\n", "created_at": "2026-02-05T07:27:05.671Z", "recipients": [6]}}, {"model": "exams.broadcast", "pk": 5, "fields": {"sender": 1, "target_class": null, "target_role": "students", "title": "Read your books", "message": "Read your books", "created_at": "2026-02-09T14:14:07.761Z", "recipients": []}}, {"model": "exams.broadcast", "pk": 6, "fields": {"sender": 1, "target_class": null, "target_role": "students", "title": "Punctuality", "message": "Come to school early", "created_at": "2026-02-09T14:14:50.816Z", "recipients": []}}, {"model": "exams.systemlog", "pk": 1, "fields": {"level": "INFO", "source": "", "message": "Sample log entry 0", "created_at": "2026-01-31T14:53:24.386Z"}}, {"model": "exams.systemlog", "pk": 2, "fields": {"level": "INFO", "source": "", "message": "Sample log entry 1", "created_at": "2026-01-31T14:53:24.402Z"}}, {"model": "exams.systemlog", "pk": 3, "fields": {"level": "INFO", "source": "", "message": "Sample log entry 2", "created_at": "2026-01-31T14:53:24.417Z"}}, {"model": "exams.systemlog", "pk": 4, "fields": {"level": "INFO", "source": "", "message": "Sample log entry 3", "created_at": "2026-01-31T14:53:24.433Z"}}, {"model": "exams.systemlog", "pk": 5, "fields": {"level": "INFO", "source": "", "message": "Sample log entry 4", "created_at": "2026-01-31T14:53:24.448Z"}}, {"model": "exams.systemlog", "pk": 6, "fields": {"level": "INFO", "source": "", "message": "Sample log entry 5", "created_at": "2026-01-31T14:53:24.465Z"}}, {"model": "exams.systemlog", "pk": 7, "fields": {"level": "INFO", "source": "", "message": "Sample log entry 6", "created_at": "2026-01-31T14:53:24.480Z"}}, {"model": "exams.systemlog", "pk": 8, "fields": {"level": "INFO", "source": "", "message": "Sample log entry 7", "created_at": "2026-01-31T14:53:24.496Z"}}, {"model": "exams.systemlog", "pk": 9, "fields": {"level": "INFO", "source": "", "message": "Sample log entry 8", "created_at": "2026-01-31T14:53:24.510Z"}}, {"model": "exams.systemlog", "pk": 10, "fields": {"level": "INFO", "source": "", "message": "Sample log entry 9", "created_at": "2026-01-31T14:53:24.526Z"}}, {"model": "exams.systemlog", "pk": 11, "fields": {"level": "INFO", "source": "", "message": "Sample log entry 10", "created_at": "2026-01-31T14:53:24.542Z"}}, {"model": "exams.systemlog", "pk": 12, "fields": {"level": "INFO", "source": "", "message": "Sample log entry 11", "created_at": "2026-01-31T14:53:24.558Z"}}, {"model": "exams.systemlog", "pk": 13, "fields": {"level": "INFO", "source": "", "message": "Sample log entry 12", "created_at": "2026-01-31T14:53:24.573Z"}}, {"model": "exams.systemlog", "pk": 14, "fields": {"level": "INFO", "source": "", "message": "Sample log entry 13", "created_at": "2026-01-31T14:53:24.589Z"}}, {"model": "exams.systemlog", "pk": 15, "fields": {"level": "INFO", "source": "", "message": "Sample log entry 14", "created_at": "2026-01-31T14:53:24.606Z"}}, {"model": "exams.systemlog", "pk": 16, "fields": {"level": "INFO", "source": "", "message": "Sample log entry 15", "created_at": "2026-01-31T14:53:24.622Z"}}, {"model": "exams.systemlog", "pk": 17, "fields": {"level": "INFO", "source": "", "message": "Sample log entry 16", "created_at": "2026-01-31T14:53:24.642Z"}}, {"model": "exams.systemlog", "pk": 18, "fields": {"level": "INFO", "source": "", "message": "Sample log entry 17", "created_at": "2026-01-31T14:53:24.659Z"}}, {"model": "exams.systemlog", "pk": 19, "fields": {"level": "INFO", "source": "", "message": "Sample log entry 18", "created_at": "2026-01-31T14:53:24.675Z"}}, {"model": "exams.systemlog", "pk": 20, "fields": {"level": "INFO", "source": "", "message": "Sample log entry 19", "created_at": "2026-01-31T14:53:24.689Z"}}, {"model": "exams.systemlog", "pk": 21, "fields": {"level": "INFO", "source": "Chat", "message": "Message sent from idrees (Admin) to teacher1 (Teacher)", "created_at": "2026-01-31T16:55:41.597Z"}}, {"model": "exams.systemlog", "pk": 22, "fields": {"level": "INFO", "source": "", "message": "Student jane started exam: First Term English Language", "created_at": "2026-02-01T15:41:06.229Z"}}, {"model": "exams.systemlog", "pk": 23, "fields": {"level": "INFO", "source": "", "message": "Student student8 started exam: First Term English Language", "created_at": "2026-02-01T16:07:15.922Z"}}, {"model": "exams.systemlog", "pk": 24, "fields": {"level": "INFO", "source": "", "message": "Student bola started exam: First Term English Language", "created_at": "2026-02-01T16:42:35.290Z"}}, {"model": "exams.systemlog", "pk": 25, "fields": {"level": "INFO", "source": "", "message": "Student bola started exam: First Term Exam Math", "created_at": "2026-02-01T17:16:30.630Z"}}, {"model": "exams.systemlog", "pk": 26, "fields": {"level": "INFO", "source": "", "message": "Student jane started exam: First Term Exam Math", "created_at": "2026-02-01T17:34:48.311Z"}}, {"model": "exams.systemlog", "pk": 27, "fields": {"level": "INFO", "source": "Chat", "message": "Message sent from idrees (Admin) to teacher1 (Teacher)", "created_at": "2026-02-01T21:24:08.164Z"}}, {"model": "exams.systemlog", "pk": 28, "fields": {"level": "INFO", "source": "Chat", "message": "Message sent from teacher1 (Teacher) to idrees (Admin)", "created_at": "2026-02-01T21:29:56.060Z"}}, {"model": "exams.systemlog", "pk": 29, "fields": {"level": "INFO", "source": "Broadcast", "message": "Broadcast 'School Fees' sent by idrees to JSS 1", "created_at": "2026-02-04T17:54:41.826Z"}}, {"model": "exams.systemlog", "pk": 30, "fields": {"level": "INFO", "source": "", "message": "Student jane started exam: English Language - JSS2 Term 1 Exam", "created_at": "2026-02-05T05:41:23.192Z"}}, {"model": "exams.systemlog", "pk": 31, "fields": {"level": "INFO", "source": "", "message": "Student jane started exam: Government - JSS2 Term 1 Exam", "created_at": "2026-02-05T05:56:04.418Z"}}, {"model": "exams.systemlog", "pk": 32, "fields": {"level": "INFO", "source": "Broadcast", "message": "Broadcast 'Texbook purchase' sent by idrees to All Students", "created_at": "2026-02-05T07:19:09.990Z"}}, {"model": "exams.systemlog", "pk": 33, "fields": {"level": "INFO", "source": "Broadcast", "message": "Broadcast 'Texbook purchase' sent by idrees to All Students", "created_at": "2026-02-05T07:25:44.284Z"}}, {"model": "exams.systemlog", "pk": 34, "fields": {"level": "INFO", "source": "Broadcast", "message": "Broadcast 'hello' sent by idrees to JSS2", "created_at": "2026-02-05T07:27:05.726Z"}}, {"model": "exams.systemlog", "pk": 35, "fields": {"level": "INFO", "source": "", "message": "Student jade started exam: Mathematics - JSS3 Term 1 Exam", "created_at": "2026-02-05T07:36:57.510Z"}}, {"model": "exams.systemlog", "pk": 36, "fields": {"level": "INFO", "source": "", "message": "Student jade started exam: Geography - JSS3 Term 1 Exam", "created_at": "2026-02-05T07:50:03.068Z"}}, {"model": "exams.systemlog", "pk": 37, "fields": {"level": "INFO", "source": "", "message": "Exam interrupted by jade: Mathematics - JSS3 Term 1 Exam", "created_at": "2026-02-05T08:06:13.429Z"}}, {"model": "exams.systemlog", "pk": 38, "fields": {"level": "INFO", "source": "", "message": "Exam interrupted by jade: Geography - JSS3 Term 1 Exam", "created_at": "2026-02-05T08:12:43.518Z"}}, {"model": "exams.systemlog", "pk": 39, "fields": {"level": "INFO", "source": "", "message": "Student jade started exam: Economics - JSS3 Term 1 Exam", "created_at": "2026-02-05T08:27:45.178Z"}}, {"model": "exams.systemlog", "pk": 40, "fields": {"level": "INFO", "source": "", "message": "Student jade submitted exam: Economics - JSS3 Term 1 Exam", "created_at": "2026-02-05T08:28:52.667Z"}}, {"model": "exams.systemlog", "pk": 41, "fields": {"level": "INFO", "source": "", "message": "Student jade submitted exam: Geography - JSS3 Term 1 Exam", "created_at": "2026-02-05T08:32:33.184Z"}}, {"model": "exams.systemlog", "pk": 42, "fields": {"level": "INFO", "source": "", "message": "Student jade started exam: Geography - JSS3 Term 1 Exam", "created_at": "2026-02-05T08:38:02.852Z"}}, {"model": "exams.systemlog", "pk": 43, "fields": {"level": "INFO", "source": "", "message": "Student jade submitted exam: Geography - JSS3 Term 1 Exam", "created_at": "2026-02-05T08:38:53.595Z"}}, {"model": "exams.systemlog", "pk": 44, "fields": {"level": "INFO", "source": "", "message": "Student jade started exam: Geography - JSS3 Term 1 Exam", "created_at": "2026-02-05T08:56:23.865Z"}}, {"model": "exams.systemlog", "pk": 45, "fields": {"level": "INFO", "source": "", "message": "Exam interrupted by jade: Geography - JSS3 Term 1 Exam", "created_at": "2026-02-05T08:56:36.957Z"}}, {"model": "exams.systemlog", "pk": 46, "fields": {"level": "INFO", "source": "", "message": "Student jade submitted exam: Geography - JSS3 Term 1 Exam", "created_at": "2026-02-05T08:57:33.437Z"}}, {"model": "exams.systemlog", "pk": 47, "fields": {"level": "INFO", "source": "", "message": "Student jade started exam: Economics - JSS3 Term 1 Exam", "created_at": "2026-02-05T09:07:21.682Z"}}, {"model": "exams.systemlog", "pk": 48, "fields": {"level": "INFO", "source": "", "message": "Student jade submitted exam: Economics - JSS3 Term 1 Exam", "created_at": "2026-02-05T09:07:54.801Z"}}, {"model": "exams.systemlog", "pk": 49, "fields": {"level": "INFO", "source": "Chat", "message": "Message sent from teacher1 (Teacher) to idrees (Admin)", "created_at": "2026-02-05T09:46:25.964Z"}}, {"model": "exams.systemlog", "pk": 50, "fields": {"level": "INFO", "source": "", "message": "idrees graded subjective answer (attempt 13)", "created_at": "2026-02-05T10:51:44.970Z"}}, {"model": "exams.systemlog", "pk": 51, "fields": {"level": "INFO", "source": "", "message": "idrees graded subjective answer (attempt 10)", "created_at": "2026-02-05T10:52:39.994Z"}}, {"model": "exams.systemlog", "pk": 52, "fields": {"level": "INFO", "source": "", "message": "idrees graded subjective answer (attempt 9)", "created_at": "2026-02-05T10:53:46.468Z"}}, {"model": "exams.systemlog", "pk": 53, "fields": {"level": "INFO", "source": "", "message": "idrees graded subjective answer (attempt 11)", "created_at": "2026-02-05T10:53:48.819Z"}}, {"model": "exams.systemlog", "pk": 54, "fields": {"level": "INFO", "source": "", "message": "idrees graded subjective answer (attempt 12)", "created_at": "2026-02-05T10:53:50.818Z"}}, {"model": "exams.systemlog", "pk": 55, "fields": {"level": "INFO", "source": "", "message": "Student jane started exam: Physics - JSS2 Term 1 Exam", "created_at": "2026-02-05T14:11:32.239Z"}}, {"model": "exams.systemlog", "pk": 56, "fields": {"level": "INFO", "source": "", "message": "Student jane submitted exam: Physics - JSS2 Term 1 Exam", "created_at": "2026-02-05T14:12:52.966Z"}}, {"model": "exams.systemlog", "pk": 57, "fields": {"level": "INFO", "source": "Chat", "message": "DM sent from idrees to teacher1", "created_at": "2026-02-06T22:26:18.581Z"}}, {"model": "exams.systemlog", "pk": 58, "fields": {"level": "INFO", "source": "Chat", "message": "DM sent from idrees to teacher1", "created_at": "2026-02-06T23:20:51.696Z"}}, {"model": "exams.systemlog", "pk": 59, "fields": {"level": "INFO", "source": "Chat", "message": "DM sent from idrees to teacher1", "created_at": "2026-02-06T23:21:00.585Z"}}, {"model": "exams.systemlog", "pk": 60, "fields": {"level": "INFO", "source": "Chat", "message": "DM sent from idrees to teacher1", "created_at": "2026-02-06T23:43:00.632Z"}}, {"model": "exams.systemlog", "pk": 61, "fields": {"level": "INFO", "source": "Chat", "message": "DM sent from idrees to teacher1", "created_at": "2026-02-06T23:43:22.673Z"}}, {"model": "exams.systemlog", "pk": 62, "fields": {"level": "INFO", "source": "Chat", "message": "DM sent from idrees to teacher1", "created_at": "2026-02-06T23:53:38.514Z"}}, {"model": "exams.systemlog", "pk": 63, "fields": {"level": "INFO", "source": "Chat", "message": "DM sent from idrees to teacher1", "created_at": "2026-02-06T23:55:24.657Z"}}, {"model": "exams.systemlog", "pk": 64, "fields": {"level": "INFO", "source": "Chat", "message": "DM sent from idrees to teacher1", "created_at": "2026-02-06T23:59:16.722Z"}}, {"model": "exams.systemlog", "pk": 65, "fields": {"level": "INFO", "source": "Chat", "message": "DM sent from idrees to teacher1", "created_at": "2026-02-07T00:19:54.254Z"}}, {"model": "exams.systemlog", "pk": 66, "fields": {"level": "INFO", "source": "Chat", "message": "DM sent from idrees to teacher1", "created_at": "2026-02-07T00:25:40.604Z"}}, {"model": "exams.systemlog", "pk": 67, "fields": {"level": "INFO", "source": "Chat", "message": "DM sent from idrees to teacher1", "created_at": "2026-02-07T00:25:53.822Z"}}, {"model": "exams.systemlog", "pk": 68, "fields": {"level": "INFO", "source": "", "message": "idrees graded subjective answer (attempt 13)", "created_at": "2026-02-07T20:50:44.056Z"}}, {"model": "exams.systemlog", "pk": 69, "fields": {"level": "INFO", "source": "", "message": "idrees graded subjective answer (attempt 10)", "created_at": "2026-02-07T20:50:49.871Z"}}, {"model": "exams.systemlog", "pk": 70, "fields": {"level": "INFO", "source": "", "message": "idrees graded subjective answer (attempt 10)", "created_at": "2026-02-07T20:51:18.167Z"}}, {"model": "exams.systemlog", "pk": 71, "fields": {"level": "INFO", "source": "Broadcast", "message": "Broadcast 'Read your books' sent by idrees to All Students", "created_at": "2026-02-09T14:14:07.804Z"}}, {"model": "exams.systemlog", "pk": 72, "fields": {"level": "INFO", "source": "Broadcast", "message": "Broadcast 'Punctuality' sent by idrees to All Students", "created_at": "2026-02-09T14:14:50.855Z"}}, {"model": "exams.systemlog", "pk": 73, "fields": {"level": "INFO", "source": "Chat", "message": "DM sent from teacher1 to admin", "created_at": "2026-02-09T14:30:50.046Z"}}, {"model": "exams.systemlog", "pk": 74, "fields": {"level": "INFO", "source": "Chat", "message": "DM sent from teacher1 to admin", "created_at": "2026-02-09T14:31:01.425Z"}}, {"model": "exams.systemlog", "pk": 75, "fields": {"level": "INFO", "source": "", "message": "Student jade started exam: First Term Exam Math", "created_at": "2026-02-09T15:11:24.056Z"}}, {"model": "exams.systemlog", "pk": 76, "fields": {"level": "INFO", "source": "", "message": "Student jade submitted exam: First Term Exam Math", "created_at": "2026-02-09T15:12:35.389Z"}}, {"model": "exams.systemlog", "pk": 77, "fields": {"level": "INFO", "source": "", "message": "Student jade started exam: First Term Exam Math", "created_at": "2026-02-09T15:59:47.842Z"}}, {"model": "exams.systemlog", "pk": 78, "fields": {"level": "INFO", "source": "", "message": "teacher1 graded subjective answer (attempt 17)", "created_at": "2026-02-11T11:37:13.872Z"}}, {"model": "exams.systemlog", "pk": 79, "fields": {"level": "INFO", "source": "", "message": "teacher1 graded subjective answer (attempt 17)", "created_at": "2026-02-11T11:37:52.394Z"}}, {"model": "exams.systemlog", "pk": 80, "fields": {"level": "INFO", "source": "", "message": "teacher1 graded subjective answer (attempt 17)", "created_at": "2026-02-11T11:43:21.776Z"}}, {"model": "exams.systemlog", "pk": 81, "fields": {"level": "INFO", "source": "", "message": "teacher1 graded subjective answer (attempt 17)", "created_at": "2026-02-11T11:43:37.532Z"}}, {"model": "exams.systemlog", "pk": 82, "fields": {"level": "INFO", "source": "", "message": "teacher1 graded subjective answer (attempt 17)", "created_at": "2026-02-12T02:40:17.008Z"}}, {"model": "exams.systemlog", "pk": 83, "fields": {"level": "INFO", "source": "", "message": "teacher1 graded subjective answer (attempt 17)", "created_at": "2026-02-12T02:40:23.797Z"}}, {"model": "exams.chatmessage", "pk": 1, "fields": {"sender": 1, "recipient": 3, "message": "Hi ", "attachment": "", "is_read": true, "created_at": "2026-01-31T16:55:41.575Z"}}, {"model": "exams.chatmessage", "pk": 16, "fields": {"sender": 3, "recipient": 2, "message": "hello sir", "attachment": "", "is_read": false, "created_at": "2026-02-09T14:30:50.022Z"}}, {"model": "exams.chatmessage", "pk": 17, "fields": {"sender": 3, "recipient": 2, "message": "", "attachment": "chat_attachments/CERT-F6CE28837F0A-20260209_16.pdf", "is_read": false, "created_at": "2026-02-09T14:31:01.336Z"}}, {"model": "accounts.user", "pk": 1, "fields": {"password": "pbkdf2_sha256$1200000$1DQSzXgX0SmYHV2rH4OxPT$bDF/HvKixfi+6aH9/frIw77MGDssAy4LF0HBsqAQwhU=", "last_login": "2026-02-13T20:42:44.505Z", "is_superuser": true, "username": "idrees", "first_name": "Oladimeji", "last_name": "Ademola", "email": "logiclanesolutions@gmail.com", "is_staff": true, "date_joined": "2026-01-31T13:00:29Z", "role": "ADMIN", "admission_number": "TBS/STF/2026/LJQ9J", "student_class": null, "phone_number": "08022566144", "address": "No15 Ososami road, Oke Ado Ibadn", "emergency_contact": "Oladimeji Idrees Ademola", "emergency_phone": "08022566144", "is_active": true, "is_approved": true, "profile_picture": "user_profiles/icon-1.png", "created_at": "2026-01-31T13:00:31.225Z", "updated_at": "2026-01-31T14:54:45.393Z", "groups": [], "user_permissions": [], "parents": []}}, {"model": "accounts.user", "pk": 2, "fields": {"password": "pbkdf2_sha256$1200000$JVF3Ob7jyZ8TnojOYQLbyj$K4j/oz6ve1bxlpceZdsGwLXQwuyD3ruyx4/rUx2sPcM=", "last_login": "2026-02-05T14:15:44.921Z", "is_superuser": true, "username": "admin", "first_name": "", "last_name": "", "email": "admin@school.com", "is_staff": true, "date_joined": "2026-01-31T14:52:47Z", "role": "ADMIN", "admission_number": "TBS/STF/2026/XWYAR", "student_class": null, "phone_number": "08022566144", "address": "No15 Ososami road, Oke Ado Ibadn", "emergency_contact": "Oladimeji Idrees Ademola", "emergency_phone": "08022566144", "is_active": true, "is_approved": true, "profile_picture": "user_profiles/teacher-4_NCaKLtK.jpg", "created_at": "2026-01-31T14:52:47.768Z", "updated_at": "2026-02-05T14:16:28.727Z", "groups": [], "user_permissions": [], "parents": []}}, {"model": "accounts.user", "pk": 3, "fields": {"password": "pbkdf2_sha256$1200000$HxM5nifR5MAosWv6pbsAva$HC7fxpqatqo310LD5eji+Hzq8tASKFhgxRMzEYAWOR0=", "last_login": "2026-02-13T20:29:12.911Z", "is_superuser": false, "username": "teacher1", "first_name": "Oladimeji", "last_name": "Ademola", "email": "teacher1@school.com", "is_staff": false, "date_joined": "2026-01-31T14:52:50Z", "role": "TEACHER", "admission_number": "TBS/STF/2026/LTQJQ", "student_class": 1, "phone_number": "08022566144", "address": "No15 Ososami road, Oke Ado Ibadn", "emergency_contact": "", "emergency_phone": "", "is_active": true, "is_approved": true, "profile_picture": "user_profiles/default_profile.png", "created_at": "2026-01-31T14:52:50.205Z", "updated_at": "2026-01-31T14:57:40.414Z", "groups": [], "user_permissions": [], "parents": []}}, {"model": "accounts.user", "pk": 4, "fields": {"password": "pbkdf2_sha256$1200000$Zpr3ZZXhjbvFgfZB4TGqxu$6TE3iHmMtvl8Anh5GUNm0GH9HHQvT0MLhm37qNO5Uf0=", "last_login": "2026-01-31T14:58:19Z", "is_superuser": false, "username": "teacher2", "first_name": "Harley", "last_name": "Barnes", "email": "teacher2@school.com", "is_staff": false, "date_joined": "2026-01-31T14:52:51Z", "role": "TEACHER", "admission_number": "TBS/STF/2026/XFK3W", "student_class": 12, "phone_number": "07447822446", "address": "66 Maidstone", "emergency_contact": "", "emergency_phone": "", "is_active": true, "is_approved": true, "profile_picture": "user_profiles/default_profile.png", "created_at": "2026-01-31T14:52:51.988Z", "updated_at": "2026-02-10T20:24:28.223Z", "groups": [], "user_permissions": [], "parents": []}}, {"model": "accounts.user", "pk": 5, "fields": {"password": "pbkdf2_sha256$1200000$PFTK81q8rt8gWo6Y26jbeL$is4wOSr/GoNdnGmH2paMXeiaXIntAdq375kI/flf7x8=", "last_login": "2026-02-10T20:25:58Z", "is_superuser": false, "username": "teacher3", "first_name": "Idrees", "last_name": "Oladimeji", "email": "teacher3@school.com", "is_staff": false, "date_joined": "2026-01-31T14:52:54Z", "role": "TEACHER", "admission_number": "TBS/STF/2026/VCGYF", "student_class": 9, "phone_number": "08022566144", "address": "No15 Ososami road, Oke Ado Ibadn", "emergency_contact": "", "emergency_phone": "", "is_active": true, "is_approved": true, "profile_picture": "user_profiles/default_profile.png", "created_at": "2026-01-31T14:52:54.351Z", "updated_at": "2026-02-10T20:26:03.195Z", "groups": [], "user_permissions": [], "parents": []}}, {"model": "accounts.user", "pk": 6, "fields": {"password": "pbkdf2_sha256$1200000$im4T8tAoUbIEZiioLSWgys$jReCDtGOmUcMMxBLjG31+FwbIkdpP0wtUHzrHxxgquo=", "last_login": "2026-02-12T04:00:42.002Z", "is_superuser": false, "username": "baba", "first_name": "Harley", "last_name": "Barnes", "email": "parent1@mail.com", "is_staff": false, "date_joined": "2026-01-31T14:52:56Z", "role": "PARENT", "admission_number": null, "student_class": null, "phone_number": "07447822446", "address": "66 Maidstone", "emergency_contact": "", "emergency_phone": "", "is_active": true, "is_approved": true, "profile_picture": "user_profiles/default_profile.png", "created_at": "2026-01-31T14:52:56.417Z", "updated_at": "2026-02-11T04:54:11.265Z", "groups": [], "user_permissions": [], "parents": []}}, {"model": "accounts.user", "pk": 7, "fields": {"password": "pbkdf2_sha256$1200000$8vSFp002opKHNzHCmpebL7$SgoHin2ZgAjsIQQ0jXkNNp27QuWMf6lr/a/23H8exBs=", "last_login": "2026-02-12T03:36:08.456Z", "is_superuser": false, "username": "parent2", "first_name": "", "last_name": "", "email": "parent2@mail.com", "is_staff": false, "date_joined": "2026-01-31T14:52:58.288Z", "role": "PARENT", "admission_number": null, "student_class": null, "phone_number": "08022566144", "address": "No15 Ososami road, Oke Ado Ibadn", "emergency_contact": "Oladimeji Idrees Ademola", "emergency_phone": "07447822446", "is_active": true, "is_approved": true, "profile_picture": "user_profiles/background.png", "created_at": "2026-01-31T14:52:58.288Z", "updated_at": "2026-02-04T17:04:02.123Z", "groups": [], "user_permissions": [], "parents": []}}, {"model": "accounts.user", "pk": 8, "fields": {"password": "pbkdf2_sha256$1200000$4v0bUbT1Y35M4A3cukmHjR$CYHIsf9fXcHDhusMKijsbMgueb4TCW3pPsneROllH5c=", "last_login": null, "is_superuser": false, "username": "parent3", "first_name": "", "last_name": "", "email": "parent3@mail.com", "is_staff": false, "date_joined": "2026-01-31T14:53:00.174Z", "role": "PARENT", "admission_number": null, "student_class": null, "phone_number": null, "address": null, "emergency_contact": "", "emergency_phone": "", "is_active": true, "is_approved": true, "profile_picture": "user_profiles/default_profile.png", "created_at": "2026-01-31T14:53:00.176Z", "updated_at": "2026-01-31T14:53:02.182Z", "groups": [], "user_permissions": [], "parents": []}}, {"model": "accounts.user", "pk": 9, "fields": {"password": "pbkdf2_sha256$1200000$eAeHZ0Vq47BuHiax1yEZOB$QIYvxj2uipirUqHLVrZnErorDnhN6vhUP8Zi+XA+Vt8=", "last_login": null, "is_superuser": false, "username": "parent4", "first_name": "", "last_name": "", "email": "parent4@mail.com", "is_staff": false, "date_joined": "2026-01-31T14:53:02.199Z", "role": "PARENT", "admission_number": null, "student_class": null, "phone_number": null, "address": null, "emergency_contact": "", "emergency_phone": "", "is_active": true, "is_approved": true, "profile_picture": "user_profiles/default_profile.png", "created_at": "2026-01-31T14:53:02.201Z", "updated_at": "2026-01-31T14:53:03.913Z", "groups": [], "user_permissions": [], "parents": []}}, {"model": "accounts.user", "pk": 10, "fields": {"password": "pbkdf2_sha256$1200000$D6ueNvGF9fgt10603zzq9q$daEDItvDOnQ5ZfkOJNDO5KeQD/g/+NkE5kzFSV8V5NE=", "last_login": null, "is_superuser": false, "username": "parent5", "first_name": "", "last_name": "", "email": "parent5@mail.com", "is_staff": false, "date_joined": "2026-01-31T14:53:03.930Z", "role": "PARENT", "admission_number": null, "student_class": null, "phone_number": null, "address": null, "emergency_contact": "", "emergency_phone": "", "is_active": true, "is_approved": true, "profile_picture": "user_profiles/default_profile.png", "created_at": "2026-01-31T14:53:03.931Z", "updated_at": "2026-01-31T14:53:05.808Z", "groups": [], "user_permissions": [], "parents": []}}, {"model": "accounts.user", "pk": 11, "fields": {"password": "pbkdf2_sha256$1200000$D131tLEJHH3xXqqOQMNyya$PvLHmr9xa8WFY/zPcYll23X/Pa6hQTLBpQgok16Z6xc=", "last_login": null, "is_superuser": false, "username": "student1", "first_name": "", "last_name": "", "email": "student1@school.com", "is_staff": false, "date_joined": "2026-01-31T14:53:05.828Z", "role": "PARENT", "admission_number": null, "student_class": 1, "phone_number": null, "address": null, "emergency_contact": "", "emergency_phone": "", "is_active": true, "is_approved": true, "profile_picture": "user_profiles/default_profile.png", "created_at": "2026-01-31T14:53:05.828Z", "updated_at": "2026-01-31T14:53:07.518Z", "groups": [], "user_permissions": [], "parents": [6]}}, {"model": "accounts.user", "pk": 12, "fields": {"password": "pbkdf2_sha256$1200000$w4UaZ9H6L3nuHVWRQ6jdJA$eumYOmknwFA5lP4Xsj4J+nVnFDI8q51uSPRRT00vAf8=", "last_login": "2026-02-01T17:16:15.385Z", "is_superuser": false, "username": "bola", "first_name": "", "last_name": "", "email": "student2@school.com", "is_staff": false, "date_joined": "2026-01-31T14:53:07Z", "role": "STUDENT", "admission_number": "TBS/2026/3UJCW", "student_class": 2, "phone_number": "07447822446", "address": "66 Maidstone", "emergency_contact": "Harley Barnes", "emergency_phone": "", "is_active": true, "is_approved": true, "profile_picture": "user_profiles/default_profile.png", "created_at": "2026-01-31T14:53:07.555Z", "updated_at": "2026-02-01T16:40:04.434Z", "groups": [], "user_permissions": [], "parents": [7]}}, {"model": "accounts.user", "pk": 13, "fields": {"password": "pbkdf2_sha256$1200000$2c8xhMK2viH9i8RJdPvFTW$MddYPL1HcxriW0gJltp31AeNbt5bzJObno3dWe7y7xI=", "last_login": null, "is_superuser": false, "username": "student3", "first_name": "", "last_name": "", "email": "student3@school.com", "is_staff": false, "date_joined": "2026-01-31T14:53:09.420Z", "role": "PARENT", "admission_number": null, "student_class": 3, "phone_number": null, "address": null, "emergency_contact": "", "emergency_phone": "", "is_active": true, "is_approved": true, "profile_picture": "user_profiles/default_profile.png", "created_at": "2026-01-31T14:53:09.422Z", "updated_at": "2026-01-31T14:53:11.345Z", "groups": [], "user_permissions": [], "parents": [8]}}, {"model": "accounts.user", "pk": 14, "fields": {"password": "pbkdf2_sha256$1200000$20MCN6thrkfCHEGxUCeMEP$lSNhiIXzjONFSFCM8fA/UoYwqjZ61Tl3I4sMTuHOv4c=", "last_login": null, "is_superuser": false, "username": "student4", "first_name": "", "last_name": "", "email": "student4@school.com", "is_staff": false, "date_joined": "2026-01-31T14:53:11.382Z", "role": "PARENT", "admission_number": null, "student_class": 4, "phone_number": null, "address": null, "emergency_contact": "", "emergency_phone": "", "is_active": true, "is_approved": true, "profile_picture": "user_profiles/default_profile.png", "created_at": "2026-01-31T14:53:11.383Z", "updated_at": "2026-01-31T14:53:13.129Z", "groups": [], "user_permissions": [], "parents": [9]}}, {"model": "accounts.user", "pk": 15, "fields": {"password": "pbkdf2_sha256$1200000$K2PDinl5qqmFg1IqqPlKtf$apqJb2iNpJ1zp8tCHyoNVFl/gLmj1GG19YoY1yRZnE0=", "last_login": null, "is_superuser": false, "username": "student5", "first_name": "", "last_name": "", "email": "student5@school.com", "is_staff": false, "date_joined": "2026-01-31T14:53:13.163Z", "role": "PARENT", "admission_number": null, "student_class": 5, "phone_number": null, "address": null, "emergency_contact": "", "emergency_phone": "", "is_active": true, "is_approved": true, "profile_picture": "user_profiles/default_profile.png", "created_at": "2026-01-31T14:53:13.165Z", "updated_at": "2026-01-31T14:53:14.946Z", "groups": [], "user_permissions": [], "parents": [10]}}, {"model": "accounts.user", "pk": 16, "fields": {"password": "pbkdf2_sha256$1200000$MkINrtPg2cWfROz4ARypGG$yZo1RpGwypoLQPX/9OqUagW1hx6gEc7mdHB7Wv548YQ=", "last_login": null, "is_superuser": false, "username": "student6", "first_name": "", "last_name": "", "email": "student6@school.com", "is_staff": false, "date_joined": "2026-01-31T14:53:14.981Z", "role": "PARENT", "admission_number": null, "student_class": 6, "phone_number": null, "address": null, "emergency_contact": "", "emergency_phone": "", "is_active": true, "is_approved": true, "profile_picture": "user_profiles/default_profile.png", "created_at": "2026-01-31T14:53:14.982Z", "updated_at": "2026-01-31T14:53:17.062Z", "groups": [], "user_permissions": [], "parents": [6]}}, {"model": "accounts.user", "pk": 17, "fields": {"password": "pbkdf2_sha256$1200000$rRIrzlu0EyfZOIrq4WBG49$CKSDOCb87/9dIZ4t7XMGBHllprJcFfhM0LjPArYKlfI=", "last_login": null, "is_superuser": false, "username": "student7", "first_name": "", "last_name": "", "email": "student7@school.com", "is_staff": false, "date_joined": "2026-01-31T14:53:17.096Z", "role": "PARENT", "admission_number": null, "student_class": 1, "phone_number": null, "address": null, "emergency_contact": "", "emergency_phone": "", "is_active": true, "is_approved": true, "profile_picture": "user_profiles/default_profile.png", "created_at": "2026-01-31T14:53:17.097Z", "updated_at": "2026-01-31T14:53:18.883Z", "groups": [], "user_permissions": [], "parents": [7]}}, {"model": "accounts.user", "pk": 18, "fields": {"password": "pbkdf2_sha256$1200000$AxJJlkN8LH3M7WLN6a9Nll$bLj+O1KDDI7gim4R7PrxkBKF532Ec3CsCzJsxWkL88A=", "last_login": "2026-02-01T16:06:52Z", "is_superuser": false, "username": "sola", "first_name": "Harley", "last_name": "Barnes", "email": "student8@school.com", "is_staff": false, "date_joined": "2026-01-31T14:53:18Z", "role": "STUDENT", "admission_number": "TBS/2026/GVOIL", "student_class": 3, "phone_number": "07447822446", "address": "66 Maidstone", "emergency_contact": "", "emergency_phone": "", "is_active": true, "is_approved": true, "profile_picture": "user_profiles/default_profile.png", "created_at": "2026-01-31T14:53:18.919Z", "updated_at": "2026-02-10T20:27:15.589Z", "groups": [], "user_permissions": [], "parents": [8, 6]}}, {"model": "accounts.user", "pk": 19, "fields": {"password": "pbkdf2_sha256$1200000$LZJxyzG17etdXfZcY1jJC3$wxxH9OiH+fRRIUBMf5AnjJsTdbN+UxXQtp1g2sr27/Q=", "last_login": "2026-01-31T15:02:02Z", "is_superuser": false, "username": "student9", "first_name": "Oladimeji", "last_name": "Ademola", "email": "student9@school.com", "is_staff": false, "date_joined": "2026-01-31T14:53:20Z", "role": "STUDENT", "admission_number": "TBS/2026/QPIMA", "student_class": 1, "phone_number": "08022566144", "address": "No15 Ososami road, Oke Ado Ibadn", "emergency_contact": "", "emergency_phone": "", "is_active": true, "is_approved": true, "profile_picture": "user_profiles/default_profile.png", "created_at": "2026-01-31T14:53:20.650Z", "updated_at": "2026-01-31T15:02:05.117Z", "groups": [], "user_permissions": [], "parents": [9, 6, 7]}}, {"model": "accounts.user", "pk": 20, "fields": {"password": "pbkdf2_sha256$1200000$QEN44pzO1nSZMfSkCozYzU$6nlGwgVJ9VxDw+/aQNqPEjnEdmOZNOGwaG4FaZEVc5k=", "last_login": "2026-01-31T15:00:56Z", "is_superuser": false, "username": "student10", "first_name": "Harley", "last_name": "Barnes", "email": "student10@school.com", "is_staff": false, "date_joined": "2026-01-31T14:53:22Z", "role": "STUDENT", "admission_number": "TBS/2026/WGUFY", "student_class": 1, "phone_number": "07447822446", "address": "66 Maidstone", "emergency_contact": "", "emergency_phone": "", "is_active": true, "is_approved": true, "profile_picture": "user_profiles/default_profile.png", "created_at": "2026-01-31T14:53:22.567Z", "updated_at": "2026-01-31T15:20:55.179Z", "groups": [], "user_permissions": [], "parents": [6, 7]}}, {"model": "accounts.user", "pk": 21, "fields": {"password": "pbkdf2_sha256$1200000$VO8UHj7ZQlppYrj5CjqHmC$MhO3PojVDkRIcu1i61SxToxyVO9qR1U5flOiIdwdgvU=", "last_login": "2026-02-04T05:09:37.633Z", "is_superuser": false, "username": "tola", "first_name": "Oladimeji", "last_name": "Ademola", "email": "logiclanesolutions@gmail.com", "is_staff": false, "date_joined": "2026-02-01T13:43:29Z", "role": "STUDENT", "admission_number": "TBS/2026/AVMAC", "student_class": 3, "phone_number": "08022566144", "address": "No15 Ososami road, Oke Ado Ibadn", "emergency_contact": "", "emergency_phone": "", "is_active": true, "is_approved": true, "profile_picture": "user_profiles/default_profile.png", "created_at": "2026-02-01T13:43:33.012Z", "updated_at": "2026-02-01T15:02:51.862Z", "groups": [], "user_permissions": [], "parents": [8]}}, {"model": "accounts.user", "pk": 22, "fields": {"password": "pbkdf2_sha256$1200000$x7WpVzP1C1tQruWVPX8FW3$aBhBROjmnhxaCDa9LlQZobwfZmIKlepn+GdT7uFC3xk=", "last_login": "2026-02-12T02:50:53.519Z", "is_superuser": false, "username": "jade", "first_name": "Oladimeji", "last_name": "Ademola", "email": "logiclanesolutions@gmail.com", "is_staff": false, "date_joined": "2026-02-01T13:55:47Z", "role": "STUDENT", "admission_number": "TBS/2026/IPL9K", "student_class": 3, "phone_number": "07447822446", "address": "66 Maidstone", "emergency_contact": "", "emergency_phone": "", "is_active": true, "is_approved": true, "profile_picture": "user_profiles/default_profile.png", "created_at": "2026-02-01T13:55:51.373Z", "updated_at": "2026-02-01T15:03:45.986Z", "groups": [], "user_permissions": [], "parents": [8]}}, {"model": "accounts.user", "pk": 23, "fields": {"password": "pbkdf2_sha256$1200000$3FX2nL4etJvR6ZNeNnyELB$d9A9mQzo3e02mQciChBL+kJRhPMQRdhfzz91K7nXeHM=", "last_login": "2026-02-13T20:41:23.553Z", "is_superuser": false, "username": "jane", "first_name": "Harley", "last_name": "Barnes", "email": "logiclanesolutions@gmail.com", "is_staff": false, "date_joined": "2026-02-01T15:00:43Z", "role": "STUDENT", "admission_number": "TBS/2026/ZRIQQ", "student_class": 2, "phone_number": "07447822446", "address": "66 Maidstone", "emergency_contact": "", "emergency_phone": "", "is_active": true, "is_approved": true, "profile_picture": "user_profiles/default_profile.png", "created_at": "2026-02-01T15:00:46.652Z", "updated_at": "2026-02-04T16:58:58.806Z", "groups": [], "user_permissions": [], "parents": [6]}}, {"model": "brillspay.productcategory", "pk": 1, "fields": {"class_name": "JSS1", "slug": "jss1", "is_active": true}}, {"model": "brillspay.productcategory", "pk": 2, "fields": {"class_name": "JSS2", "slug": "jss2", "is_active": true}}, {"model": "brillspay.productcategory", "pk": 3, "fields": {"class_name": "JSS3", "slug": "jss3", "is_active": true}}, {"model": "brillspay.productcategory", "pk": 4, "fields": {"class_name": "SSS1", "slug": "sss1", "is_active": true}}, {"model": "brillspay.productcategory", "pk": 5, "fields": {"class_name": "SSS2", "slug": "sss2", "is_active": true}}, {"model": "brillspay.productcategory", "pk": 6, "fields": {"class_name": "SSS3", "slug": "sss3", "is_active": true}}, {"model": "brillspay.product", "pk": "15b0ff0a-4130-4687-9c24-aec80603b065", "fields": {"name": "JSS1 Result Analytics", "category": 1, "price": "2500.00", "stock_quantity": 100, "image": "products/chemistry.jpg", "description": "Advanced performance analytics for JSS1", "is_active": true, "created_at": "2026-01-31T14:53:24.327Z"}}, {"model": "brillspay.product", "pk": "2d126965-4431-4640-af2a-1ae122ded8b0", "fields": {"name": "SSS1 CBT Exam Access", "category": 4, "price": "5000.00", "stock_quantity": 100, "image": "", "description": "Full CBT exam access for SSS1", "is_active": true, "created_at": "2026-01-31T14:53:24.340Z"}}, {"model": "brillspay.product", "pk": "331fa274-261d-4634-aceb-e6deb24ea921", "fields": {"name": "SSS1 Result Analytics", "category": 4, "price": "2500.00", "stock_quantity": 100, "image": "", "description": "Advanced performance analytics for SSS1", "is_active": true, "created_at": "2026-01-31T14:53:24.342Z"}}, {"model": "brillspay.product", "pk": "4520ea05-8030-450c-945f-63bd08b69b4e", "fields": {"name": "SSS2 CBT Exam Access", "category": 5, "price": "5000.00", "stock_quantity": 100, "image": "", "description": "Full CBT exam access for SSS2", "is_active": true, "created_at": "2026-01-31T14:53:24.344Z"}}, {"model": "brillspay.product", "pk": "4edabe3f-d4f6-48a9-9147-60fcc1ef721b", "fields": {"name": "SSS2 Result Analytics", "category": 5, "price": "2500.00", "stock_quantity": 100, "image": "", "description": "Advanced performance analytics for SSS2", "is_active": true, "created_at": "2026-01-31T14:53:24.347Z"}}, {"model": "brillspay.product", "pk": "65f43ef6-d311-4d6d-ba5f-f330d89062d5", "fields": {"name": "SSS3 CBT Exam Access", "category": 6, "price": "5000.00", "stock_quantity": 100, "image": "", "description": "Full CBT exam access for SSS3", "is_active": true, "created_at": "2026-01-31T14:53:24.350Z"}}, {"model": "brillspay.product", "pk": "8cffbd22-8ae6-4bab-832d-ab7eabc8bd7d", "fields": {"name": "JSS1 CBT Exam Access", "category": 1, "price": "5000.00", "stock_quantity": 100, "image": "", "description": "Full CBT exam access for JSS1", "is_active": true, "created_at": "2026-01-31T14:53:24.325Z"}}, {"model": "brillspay.product", "pk": "974f2b01-10c9-44da-95e7-290409866c67", "fields": {"name": "JSS2 CBT Exam Access", "category": 2, "price": "5000.00", "stock_quantity": 100, "image": "", "description": "Full CBT exam access for JSS2", "is_active": true, "created_at": "2026-01-31T14:53:24.330Z"}}, {"model": "brillspay.product", "pk": "a5c8a3b5-483f-42d1-8a94-14c4c5ddb45b", "fields": {"name": "JSS3 CBT Exam Access", "category": 3, "price": "5000.00", "stock_quantity": 100, "image": "products/background.jpg", "description": "Full CBT exam access for JSS3", "is_active": true, "created_at": "2026-01-31T14:53:24.335Z"}}, {"model": "brillspay.product", "pk": "b7617a3a-56f4-4321-80c6-49692ce88c98", "fields": {"name": "JSS2 Result Analytics", "category": 2, "price": "2500.00", "stock_quantity": 100, "image": "products/cbt.jpg", "description": "Advanced performance analytics for JSS2", "is_active": true, "created_at": "2026-01-31T14:53:24.332Z"}}, {"model": "brillspay.product", "pk": "c765cfbe-48f5-4fbc-b2bc-2dfdff48e02a", "fields": {"name": "JSS3 Result Analytics", "category": 3, "price": "2500.00", "stock_quantity": 100, "image": "", "description": "Advanced performance analytics for JSS3", "is_active": true, "created_at": "2026-01-31T14:53:24.337Z"}}, {"model": "brillspay.product", "pk": "ca7dddf7-7ad8-4de7-b93c-0959771ee7a9", "fields": {"name": "SSS3 Result Analytics", "category": 6, "price": "2500.00", "stock_quantity": 100, "image": "products/about-school_9L6OEUL.png", "description": "Advanced performance analytics for SSS3", "is_active": true, "created_at": "2026-01-31T14:53:24.351Z"}}, {"model": "brillspay.cart", "pk": 1, "fields": {"user": 6, "ward": 19, "created_at": "2026-02-11T04:58:00.655Z", "updated_at": "2026-02-11T04:58:00.655Z"}}, {"model": "brillspay.cart", "pk": 4, "fields": {"user": 7, "ward": 12, "created_at": "2026-02-12T03:49:10.631Z", "updated_at": "2026-02-12T03:49:10.631Z"}}, {"model": "brillspay.cart", "pk": 5, "fields": {"user": 6, "ward": 20, "created_at": "2026-02-12T04:10:37.642Z", "updated_at": "2026-02-12T04:10:37.642Z"}}, {"model": "brillspay.cartitem", "pk": 12, "fields": {"cart": 5, "product": "15b0ff0a-4130-4687-9c24-aec80603b065", "quantity": 1}}, {"model": "brillspay.cartitem", "pk": 13, "fields": {"cart": 1, "product": "15b0ff0a-4130-4687-9c24-aec80603b065", "quantity": 1}}, {"model": "brillspay.order", "pk": "0a7d0782-5f22-4faa-b0dc-79a211a42fff", "fields": {"buyer": 6, "ward": 23, "reference": "BP-97F86FB2F0", "exam": null, "status": "PAID", "total_amount": "7500.00", "is_override": false, "created_at": "2026-02-11T05:07:43.467Z"}}, {"model": "brillspay.order", "pk": "0cd3564e-4865-4603-a752-a3f26722682d", "fields": {"buyer": 6, "ward": 20, "reference": "BP-5168EB0CAC", "exam": null, "status": "PAID", "total_amount": "2500.00", "is_override": false, "created_at": "2026-02-11T05:06:43.116Z"}}, {"model": "brillspay.order", "pk": "22a85176-2b5d-474c-a954-d5893efc0afd", "fields": {"buyer": 7, "ward": 12, "reference": "BP-3CE71FEF80", "exam": null, "status": "PENDING", "total_amount": "2500.00", "is_override": false, "created_at": "2026-02-12T03:51:49.621Z"}}, {"model": "brillspay.order", "pk": "535bede6-2ef0-463f-8990-b143cb47daba", "fields": {"buyer": 7, "ward": 12, "reference": "BP-CC153BC29B", "exam": null, "status": "PENDING", "total_amount": "7500.00", "is_override": false, "created_at": "2026-02-12T03:59:12.785Z"}}, {"model": "brillspay.order", "pk": "68708e92-4251-426d-9df4-7c5e753016e3", "fields": {"buyer": 6, "ward": 20, "reference": "BP-5D071AE458", "exam": null, "status": "PENDING", "total_amount": "7500.00", "is_override": false, "created_at": "2026-02-11T05:05:08.626Z"}}, {"model": "brillspay.order", "pk": "fe311fae-7137-4893-8e76-13ba123370b2", "fields": {"buyer": 7, "ward": 12, "reference": "BP-ABC9A2366A", "exam": null, "status": "PENDING", "total_amount": "2500.00", "is_override": false, "created_at": "2026-02-12T03:54:27.465Z"}}, {"model": "brillspay.orderitem", "pk": 1, "fields": {"order": "68708e92-4251-426d-9df4-7c5e753016e3", "product": null, "product_name": "JSS1 Result Analytics", "price": "2500.00", "quantity": 3}}, {"model": "brillspay.orderitem", "pk": 2, "fields": {"order": "0cd3564e-4865-4603-a752-a3f26722682d", "product": null, "product_name": "JSS1 Result Analytics", "price": "2500.00", "quantity": 1}}, {"model": "brillspay.orderitem", "pk": 3, "fields": {"order": "0a7d0782-5f22-4faa-b0dc-79a211a42fff", "product": null, "product_name": "JSS2 Result Analytics", "price": "2500.00", "quantity": 3}}, {"model": "brillspay.orderitem", "pk": 4, "fields": {"order": "22a85176-2b5d-474c-a954-d5893efc0afd", "product": null, "product_name": "JSS2 Result Analytics", "price": "2500.00", "quantity": 1}}, {"model": "brillspay.orderitem", "pk": 5, "fields": {"order": "fe311fae-7137-4893-8e76-13ba123370b2", "product": "b7617a3a-56f4-4321-80c6-49692ce88c98", "product_name": "JSS2 Result Analytics", "price": "2500.00", "quantity": 1}}, {"model": "brillspay.orderitem", "pk": 6, "fields": {"order": "535bede6-2ef0-463f-8990-b143cb47daba", "product": "974f2b01-10c9-44da-95e7-290409866c67", "product_name": "JSS2 CBT Exam Access", "price": "5000.00", "quantity": 1}}, {"model": "brillspay.orderitem", "pk": 7, "fields": {"order": "535bede6-2ef0-463f-8990-b143cb47daba", "product": "b7617a3a-56f4-4321-80c6-49692ce88c98", "product_name": "JSS2 Result Analytics", "price": "2500.00", "quantity": 1}}, {"model": "brillspay.transaction", "pk": 1, "fields": {"gateway_reference": null, "user": 6, "ward": 20, "order": "68708e92-4251-426d-9df4-7c5e753016e3", "amount": "7500.00", "verified": false, "status": "initialized", "payload": null, "created_at": "2026-02-11T05:05:08.637Z"}}, {"model": "brillspay.transaction", "pk": 2, "fields": {"gateway_reference": "dcvgb0kkyi", "user": 6, "ward": 20, "order": "0cd3564e-4865-4603-a752-a3f26722682d", "amount": "2500.00", "verified": true, "status": "success", "payload": {"data": {"id": 5826983975, "log": null, "fees": 13750, "plan": {}, "split": {}, "amount": 250000, "domain": "test", "paidAt": "2026-02-11T05:06:57.000Z", "source": {"type": "api", "source": "merchant_api", "identifier": null, "entry_point": "transaction_initialize"}, "status": "success", "channel": "card", "message": null, "paid_at": "2026-02-11T05:06:57.000Z", "currency": "NGN", "customer": {"id": 328054401, "email": "parent1@mail.com", "phone": null, "metadata": null, "last_name": null, "first_name": null, "risk_action": "default", "customer_code": "CUS_jx6knybp8b8po8z", "international_format_phone": null}, "metadata": {"user_id": "6", "ward_id": "20", "order_id": "0cd3564e-4865-4603-a752-a3f26722682d", "internal_reference": "BP-5168EB0CAC"}, "order_id": null, "reference": "dcvgb0kkyi", "created_at": "2026-02-11T05:06:48.000Z", "fees_split": null, "ip_address": "197.211.63.30", "subaccount": {}, "authorization": {"bin": "408408", "bank": "TEST BANK", "brand": "visa", "last4": "4081", "channel": "card", "exp_year": "2030", "reusable": true, "card_type": "visa ", "exp_month": "12", "signature": "SIG_p06aSZQRKKPOcssk3FvV", "account_name": null, "country_code": "NG", "receiver_bank": null, "authorization_code": "AUTH_f2y0u1mi8n", "receiver_bank_account_number": null}, "fees_breakdown": null, "gateway_response": "Successful", "requested_amount": 250000, "pos_transaction_data": null}, "event": "charge.success"}, "created_at": "2026-02-11T05:06:43.139Z"}}, {"model": "brillspay.transaction", "pk": 3, "fields": {"gateway_reference": "lo2ke26jmh", "user": 6, "ward": 23, "order": "0a7d0782-5f22-4faa-b0dc-79a211a42fff", "amount": "7500.00", "verified": true, "status": "success", "payload": {"data": {"id": 5826986022, "log": null, "fees": 21250, "plan": {}, "split": {}, "amount": 750000, "domain": "test", "paidAt": "2026-02-11T05:08:02.000Z", "source": {"type": "api", "source": "merchant_api", "identifier": null, "entry_point": "transaction_initialize"}, "status": "success", "channel": "card", "message": null, "paid_at": "2026-02-11T05:08:02.000Z", "currency": "NGN", "customer": {"id": 328054401, "email": "parent1@mail.com", "phone": null, "metadata": null, "last_name": null, "first_name": null, "risk_action": "default", "customer_code": "CUS_jx6knybp8b8po8z", "international_format_phone": null}, "metadata": {"user_id": "6", "ward_id": "23", "order_id": "0a7d0782-5f22-4faa-b0dc-79a211a42fff", "internal_reference": "BP-97F86FB2F0"}, "order_id": null, "reference": "lo2ke26jmh", "created_at": "2026-02-11T05:07:54.000Z", "fees_split": null, "ip_address": "197.211.63.30", "subaccount": {}, "authorization": {"bin": "408408", "bank": "TEST BANK", "brand": "visa", "last4": "4081", "channel": "card", "exp_year": "2030", "reusable": true, "card_type": "visa ", "exp_month": "12", "signature": "SIG_p06aSZQRKKPOcssk3FvV", "account_name": null, "country_code": "NG", "receiver_bank": null, "authorization_code": "AUTH_nj9mqvuccz", "receiver_bank_account_number": null}, "fees_breakdown": null, "gateway_response": "Successful", "requested_amount": 750000, "pos_transaction_data": null}, "event": "charge.success"}, "created_at": "2026-02-11T05:07:43.480Z"}}, {"model": "brillspay.transaction", "pk": 4, "fields": {"gateway_reference": null, "user": 7, "ward": 12, "order": "22a85176-2b5d-474c-a954-d5893efc0afd", "amount": "2500.00", "verified": false, "status": "initialized", "payload": null, "created_at": "2026-02-12T03:51:49.650Z"}}, {"model": "brillspay.transaction", "pk": 5, "fields": {"gateway_reference": null, "user": 7, "ward": 12, "order": "fe311fae-7137-4893-8e76-13ba123370b2", "amount": "2500.00", "verified": false, "status": "initialized", "payload": null, "created_at": "2026-02-12T03:54:27.476Z"}}, {"model": "brillspay.transaction", "pk": 6, "fields": {"gateway_reference": null, "user": 7, "ward": 12, "order": "535bede6-2ef0-463f-8990-b143cb47daba", "amount": "7500.00", "verified": false, "status": "initialized", "payload": null, "created_at": "2026-02-12T03:59:12.797Z"}}, {"model": "brillspay.paymenttransaction", "pk": 1, "fields": {"order": "0cd3564e-4865-4603-a752-a3f26722682d", "gateway_reference": "dcvgb0kkyi", "gateway_name": "paystack", "amount": "2500.00", "verified": false, "raw_response": {"data": {"reference": "dcvgb0kkyi", "access_code": "vt1z7ar81y7m5wn", "authorization_url": "https://checkout.paystack.com/vt1z7ar81y7m5wn"}, "status": true, "message": "Authorization URL created"}, "created_at": "2026-02-11T05:06:49.945Z"}}, {"model": "brillspay.paymenttransaction", "pk": 2, "fields": {"order": "0a7d0782-5f22-4faa-b0dc-79a211a42fff", "gateway_reference": "lo2ke26jmh", "gateway_name": "paystack", "amount": "7500.00", "verified": false, "raw_response": {"data": {"reference": "lo2ke26jmh", "access_code": "ply3xs5v8xqszbj", "authorization_url": "https://checkout.paystack.com/ply3xs5v8xqszbj"}, "status": true, "message": "Authorization URL created"}, "created_at": "2026-02-11T05:07:55.918Z"}}, {"model": "brillspay.brillspaylog", "pk": 1, "fields": {"user": 6, "order": "68708e92-4251-426d-9df4-7c5e753016e3", "action": "ORDER_CREATED", "message": "Order created from cart", "metadata": null, "created_at": "2026-02-11T05:05:08.642Z"}}, {"model": "brillspay.brillspaylog", "pk": 2, "fields": {"user": 6, "order": "0cd3564e-4865-4603-a752-a3f26722682d", "action": "ORDER_CREATED", "message": "Order created from cart", "metadata": null, "created_at": "2026-02-11T05:06:43.153Z"}}, {"model": "brillspay.brillspaylog", "pk": 3, "fields": {"user": 6, "order": "0cd3564e-4865-4603-a752-a3f26722682d", "action": "PAYMENT_SUCCESS", "message": "Paystack payment confirmed via webhook", "metadata": {"amount": 250000, "gateway_reference": "dcvgb0kkyi"}, "created_at": "2026-02-11T05:06:59.405Z"}}, {"model": "brillspay.brillspaylog", "pk": 4, "fields": {"user": 6, "order": "0a7d0782-5f22-4faa-b0dc-79a211a42fff", "action": "ORDER_CREATED", "message": "Order created from cart", "metadata": null, "created_at": "2026-02-11T05:07:43.483Z"}}, {"model": "brillspay.brillspaylog", "pk": 5, "fields": {"user": 6, "order": "0a7d0782-5f22-4faa-b0dc-79a211a42fff", "action": "PAYMENT_SUCCESS", "message": "Paystack payment confirmed via webhook", "metadata": {"amount": 750000, "gateway_reference": "lo2ke26jmh"}, "created_at": "2026-02-11T05:08:05.112Z"}}, {"model": "brillspay.brillspaylog", "pk": 6, "fields": {"user": 7, "order": "22a85176-2b5d-474c-a954-d5893efc0afd", "action": "ORDER_CREATED", "message": "Order created from cart", "metadata": null, "created_at": "2026-02-12T03:51:49.656Z"}}, {"model": "brillspay.brillspaylog", "pk": 7, "fields": {"user": 7, "order": "fe311fae-7137-4893-8e76-13ba123370b2", "action": "ORDER_CREATED", "message": "Order created from cart", "metadata": null, "created_at": "2026-02-12T03:54:27.480Z"}}, {"model": "brillspay.brillspaylog", "pk": 8, "fields": {"user": 7, "order": "535bede6-2ef0-463f-8990-b143cb47daba", "action": "ORDER_CREATED", "message": "Order created from cart", "metadata": null, "created_at": "2026-02-12T03:59:12.798Z"}}, {"model": "pickup.pickupauthorization", "pk": 1, "fields": {"parent": 4, "reference": "be03742a-2924-4a82-a63c-0a8e442ba38a", "bearer_name": "Bearer for Harley", "relationship": "Uncle", "qrcode_image": "pickup_qrcodes/be03742a-2924-4a82-a63c-0a8e442ba38a.png", "expires_at": "2026-02-01T02:05:51.195Z", "is_used": false, "created_at": "2026-01-31T15:05:51.196Z"}}, {"model": "pickup.pickupauthorization", "pk": 2, "fields": {"parent": 5, "reference": "f05956dd-167c-4a23-b1bd-a49cd4eed5d8", "bearer_name": "Bearer for ", "relationship": "Father", "qrcode_image": "pickup_qrcodes/f05956dd-167c-4a23-b1bd-a49cd4eed5d8.png", "expires_at": "2026-02-01T02:05:51.337Z", "is_used": false, "created_at": "2026-01-31T15:05:51.338Z"}}, {"model": "pickup.pickupauthorization", "pk": 3, "fields": {"parent": 6, "reference": "d44e969f-cdac-49b4-a2d6-ad9a2bdb078c", "bearer_name": "Bearer for ", "relationship": "Uncle", "qrcode_image": "pickup_qrcodes/d44e969f-cdac-49b4-a2d6-ad9a2bdb078c.png", "expires_at": "2026-02-01T02:05:51.424Z", "is_used": true, "created_at": "2026-01-31T15:05:51.425Z"}}, {"model": "pickup.pickupauthorization", "pk": 4, "fields": {"parent": 7, "reference": "79a41240-3a58-4957-a78b-26c88559974b", "bearer_name": "Bearer for ", "relationship": "Uncle", "qrcode_image": "pickup_qrcodes/79a41240-3a58-4957-a78b-26c88559974b.png", "expires_at": "2026-02-04T17:28:41.086Z", "is_used": false, "created_at": "2026-01-31T15:05:51.547Z"}}, {"model": "pickup.pickupauthorization", "pk": 5, "fields": {"parent": 8, "reference": "f909b493-7496-42c4-afad-c10441e87d76", "bearer_name": "Bearer for ", "relationship": "Uncle", "qrcode_image": "pickup_qrcodes/f909b493-7496-42c4-afad-c10441e87d76.png", "expires_at": "2026-02-01T02:05:51.671Z", "is_used": true, "created_at": "2026-01-31T15:05:51.673Z"}}, {"model": "pickup.pickupauthorization", "pk": 6, "fields": {"parent": 6, "reference": "eabb45f8-d69e-4850-9f96-384929ac1419", "bearer_name": "Tolani", "relationship": "Sibling", "qrcode_image": "pickup_qrcodes/eabb45f8-d69e-4850-9f96-384929ac1419_xSwhN0D.png", "expires_at": "2026-02-05T02:57:15.657Z", "is_used": true, "created_at": "2026-02-04T15:57:15.659Z"}}, {"model": "pickup.pickupauthorization", "pk": 7, "fields": {"parent": 7, "reference": "d54eea6f-deb8-458a-9ad4-8a293c31206a", "bearer_name": "Tolani", "relationship": "Sibling", "qrcode_image": "pickup_qrcodes/d54eea6f-deb8-458a-9ad4-8a293c31206a_8ly2LNd.png", "expires_at": "2026-02-11T16:58:52.299Z", "is_used": true, "created_at": "2026-02-11T05:58:52.299Z"}}, {"model": "pickup.pickupstudent", "pk": 1, "fields": {"pickup": 1, "student": 19}}, {"model": "pickup.pickupstudent", "pk": 2, "fields": {"pickup": 1, "student": 20}}, {"model": "pickup.pickupstudent", "pk": 3, "fields": {"pickup": 2, "student": 20}}, {"model": "pickup.pickupstudent", "pk": 4, "fields": {"pickup": 3, "student": 19}}, {"model": "pickup.pickupstudent", "pk": 5, "fields": {"pickup": 3, "student": 20}}, {"model": "pickup.pickupstudent", "pk": 6, "fields": {"pickup": 3, "student": 18}}, {"model": "pickup.pickupstudent", "pk": 7, "fields": {"pickup": 4, "student": 20}}, {"model": "pickup.pickupstudent", "pk": 8, "fields": {"pickup": 4, "student": 19}}, {"model": "pickup.pickupstudent", "pk": 9, "fields": {"pickup": 4, "student": 18}}, {"model": "pickup.pickupstudent", "pk": 10, "fields": {"pickup": 5, "student": 18}}, {"model": "pickup.pickupstudent", "pk": 11, "fields": {"pickup": 5, "student": 20}}, {"model": "pickup.pickupstudent", "pk": 12, "fields": {"pickup": 6, "student": 18}}, {"model": "pickup.pickupstudent", "pk": 13, "fields": {"pickup": 6, "student": 20}}, {"model": "pickup.pickupstudent", "pk": 14, "fields": {"pickup": 7, "student": 19}}, {"model": "pickup.pickupstudent", "pk": 15, "fields": {"pickup": 7, "student": 20}}, {"model": "pickup.pickupverificationlog", "pk": 1, "fields": {"pickup": 1, "verified_by": 1, "status": "USED", "verified_at": "2026-01-31T15:05:51.319Z"}}, {"model": "pickup.pickupverificationlog", "pk": 2, "fields": {"pickup": 2, "verified_by": 1, "status": "USED", "verified_at": "2026-01-31T15:05:51.407Z"}}, {"model": "pickup.pickupverificationlog", "pk": 3, "fields": {"pickup": 3, "verified_by": 1, "status": "EXPIRED", "verified_at": "2026-01-31T15:05:51.532Z"}}, {"model": "pickup.pickupverificationlog", "pk": 4, "fields": {"pickup": 4, "verified_by": 1, "status": "SUCCESS", "verified_at": "2026-01-31T15:05:51.656Z"}}, {"model": "pickup.pickupverificationlog", "pk": 5, "fields": {"pickup": 5, "verified_by": 1, "status": "EXPIRED", "verified_at": "2026-01-31T15:05:51.767Z"}}, {"model": "pickup.pickupverificationlog", "pk": 6, "fields": {"pickup": 5, "verified_by": 1, "status": "SUCCESS", "verified_at": "2026-01-31T16:56:26.859Z"}}, {"model": "pickup.pickupverificationlog", "pk": 7, "fields": {"pickup": 3, "verified_by": 1, "status": "SUCCESS", "verified_at": "2026-01-31T16:57:05.358Z"}}, {"model": "pickup.pickupverificationlog", "pk": 8, "fields": {"pickup": 6, "verified_by": 1, "status": "SUCCESS", "verified_at": "2026-02-04T17:28:19.364Z"}}, {"model": "pickup.pickupverificationlog", "pk": 9, "fields": {"pickup": 4, "verified_by": 1, "status": "FORCE_EXPIRED", "verified_at": "2026-02-04T17:28:41.104Z"}}, {"model": "pickup.pickupverificationlog", "pk": 10, "fields": {"pickup": 7, "verified_by": 1, "status": "SUCCESS", "verified_at": "2026-02-11T06:01:23.867Z"}}, {"model": "payroll.payee", "pk": 1, "fields": {"user": 3, "payee_type": "teacher", "reference_code": "PAYEE-ADDC4F96", "is_confirmed": false, "is_active": true, "created_at": "2026-02-05T09:38:59.614Z"}}, {"model": "payroll.payee", "pk": 2, "fields": {"user": 4, "payee_type": "teacher", "reference_code": "PAYEE-93F5EE99", "is_confirmed": false, "is_active": true, "created_at": "2026-02-10T20:46:33.278Z"}}, {"model": "payroll.payee", "pk": 3, "fields": {"user": 1, "payee_type": "admin", "reference_code": "PAYEE-2690828E", "is_confirmed": false, "is_active": true, "created_at": "2026-02-11T10:50:58.497Z"}}, {"model": "payroll.bankaccount", "pk": 1, "fields": {"payee": 1, "bank_name": "Jaiz Bank", "bank_code": "301", "account_number": "8079823665", "account_name": "Idrees Ademola Oladimeji", "recipient_code": "", "is_primary": true, "is_approved": true}}, {"model": "payroll.bankaccount", "pk": 2, "fields": {"payee": 3, "bank_name": "OPay Digital Services Limited (Paycom)", "bank_code": "999992", "account_number": "8022566144", "account_name": "Idrees Ademola Oladimeji", "recipient_code": "", "is_primary": true, "is_approved": true}}, {"model": "payroll.salarycomponent", "pk": 1, "fields": {"name": "Basic Salary", "component_type": "earning", "is_active": true}}, {"model": "payroll.salarycomponent", "pk": 2, "fields": {"name": "Allowances", "component_type": "earning", "is_active": true}}, {"model": "payroll.salarystructure", "pk": 1, "fields": {"name": "Teacher Level 1", "description": "Salary for teachers in level 1", "is_taxable": false, "tax_rate": "0.00", "created_at": "2026-02-10T20:45:01.591Z"}}, {"model": "payroll.salarystructureitem", "pk": 1, "fields": {"salary_structure": 1, "component": 1, "amount": "25000.00"}}, {"model": "payroll.salarystructureitem", "pk": 2, "fields": {"salary_structure": 1, "component": 2, "amount": "15000.00"}}, {"model": "payroll.payeesalarystructure", "pk": 1, "fields": {"payee": 2, "salary_structure": 1, "assigned_at": "2026-02-10T20:46:33.647Z"}}, {"model": "payroll.payrollperiod", "pk": 1, "fields": {"month": 2, "year": 2026, "is_generated": false, "is_locked": true, "is_approved_by_bursar": false, "is_approved_by_admin": true}}, {"model": "payroll.payrollperiod", "pk": 2, "fields": {"month": 3, "year": 2026, "is_generated": true, "is_locked": true, "is_approved_by_bursar": false, "is_approved_by_admin": true}}, {"model": "payroll.payrollperiod", "pk": 3, "fields": {"month": 1, "year": 2026, "is_generated": true, "is_locked": true, "is_approved_by_bursar": false, "is_approved_by_admin": true}}, {"model": "loans.loanapplication", "pk": 1, "fields": {"payee": 1, "loan_type": "personal", "loan_amount": "10000.00", "monthly_deduction": "2500.00", "tenure_months": 4, "outstanding_balance": "10000.00", "status": "approved", "progress": "0.00", "applied_at": "2026-02-05T09:42:31.847Z", "approved_by": 1, "approved_at": "2026-02-09T13:38:23.399Z"}}, {"model": "leaves.leavetype", "pk": 1, "fields": {"name": "Sick Leave", "annual_days": 7}}, {"model": "leaves.leavetype", "pk": 2, "fields": {"name": "Paternity Leave", "annual_days": 7}}, {"model": "leaves.leavetype", "pk": 3, "fields": {"name": "Maternity Leave", "annual_days": 40}}, {"model": "leaves.leaverequest", "pk": 1, "fields": {"payee": 1, "leave_type": 2, "start_date": "2026-02-20", "end_date": "2026-03-05", "reason": "mo bimo", "status": "rejected", "reviewed_by": 1, "reviewed_at": "2026-02-09T08:41:17.552Z", "created_at": "2026-02-05T09:56:40.701Z"}}, {"model": "leaves.leaverequest", "pk": 2, "fields": {"payee": 1, "leave_type": 3, "start_date": "2026-02-09", "end_date": "2026-02-11", "reason": "omo", "status": "approved", "reviewed_by": 1, "reviewed_at": "2026-02-09T15:13:27.488Z", "created_at": "2026-02-09T14:29:44.839Z"}}, {"model": "dashboards.questionbank", "pk": 1, "fields": {"text": "Who is Nigeria President", "question_type": "objective", "category": null, "marks": 1, "difficulty": "easy", "explanation": "", "image": "", "created_by": 1, "is_published": true, "school_class": null, "subject": null, "usage_count": 0, "created_at": "2026-02-01T15:14:39.254Z", "updated_at": "2026-02-01T15:14:39.254Z", "tags": []}}, {"model": "dashboards.questionbank", "pk": 2, "fields": {"text": "Who is Nigeria President", "question_type": "objective", "category": null, "marks": 1, "difficulty": "easy", "explanation": "", "image": "", "created_by": 1, "is_published": true, "school_class": null, "subject": null, "usage_count": 0, "created_at": "2026-02-01T15:17:38.172Z", "updated_at": "2026-02-01T15:19:06.674Z", "tags": []}}, {"model": "dashboards.questionbank", "pk": 3, "fields": {"text": "Excel Test Question", "question_type": "objective", "category": null, "marks": 5, "difficulty": "hard", "explanation": "", "image": "", "created_by": 1, "is_published": true, "school_class": null, "subject": null, "usage_count": 0, "created_at": "2026-02-04T05:40:47.307Z", "updated_at": "2026-02-04T05:40:47.307Z", "tags": []}}, {"model": "dashboards.questionbank", "pk": 4, "fields": {"text": "Word Test Question", "question_type": "objective", "category": null, "marks": 5, "difficulty": "medium", "explanation": "", "image": "", "created_by": 1, "is_published": true, "school_class": null, "subject": null, "usage_count": 0, "created_at": "2026-02-04T05:40:47.573Z", "updated_at": "2026-02-04T05:40:47.573Z", "tags": []}}, {"model": "dashboards.questionbank", "pk": 5, "fields": {"text": "Who is Nigeria President", "question_type": "objective", "category": null, "marks": 1, "difficulty": "medium", "explanation": "", "image": "", "created_by": 1, "is_published": true, "school_class": null, "subject": null, "usage_count": 0, "created_at": "2026-02-04T06:17:25.228Z", "updated_at": "2026-02-04T06:17:25.228Z", "tags": []}}, {"model": "dashboards.questionbank", "pk": 6, "fields": {"text": "Test Q1 Verification", "question_type": "objective", "category": null, "marks": 1, "difficulty": "medium", "explanation": "", "image": "", "created_by": 1, "is_published": true, "school_class": 14, "subject": 11, "usage_count": 0, "created_at": "2026-02-04T06:52:14.677Z", "updated_at": "2026-02-04T06:52:14.677Z", "tags": []}}, {"model": "dashboards.questionbank", "pk": 7, "fields": {"text": "Test Q2 Verification", "question_type": "subjective", "category": null, "marks": 5, "difficulty": "medium", "explanation": "", "image": "", "created_by": 1, "is_published": true, "school_class": 14, "subject": 11, "usage_count": 0, "created_at": "2026-02-04T06:52:14.699Z", "updated_at": "2026-02-04T06:52:14.699Z", "tags": []}}, {"model": "dashboards.questionbank", "pk": 8, "fields": {"text": "What's 5+6", "question_type": "objective", "category": null, "marks": 1, "difficulty": "medium", "explanation": "", "image": "", "created_by": 1, "is_published": true, "school_class": 9, "subject": 1, "usage_count": 0, "created_at": "2026-02-04T06:57:02.787Z", "updated_at": "2026-02-04T06:57:02.787Z", "tags": []}}, {"model": "dashboards.questionbank", "pk": 9, "fields": {"text": "What's 5+6", "question_type": "objective", "category": null, "marks": 1, "difficulty": "medium", "explanation": "", "image": "", "created_by": 1, "is_published": true, "school_class": 9, "subject": 1, "usage_count": 0, "created_at": "2026-02-04T07:10:20.550Z", "updated_at": "2026-02-04T07:10:20.550Z", "tags": []}}, {"model": "dashboards.questionchoice", "pk": 1, "fields": {"question": 1, "text": "Buhari", "is_correct": false, "order": 0}}, {"model": "dashboards.questionchoice", "pk": 2, "fields": {"question": 1, "text": "Chisom", "is_correct": false, "order": 1}}, {"model": "dashboards.questionchoice", "pk": 3, "fields": {"question": 1, "text": "Jonathan", "is_correct": false, "order": 2}}, {"model": "dashboards.questionchoice", "pk": 4, "fields": {"question": 1, "text": "Tinubu", "is_correct": true, "order": 3}}, {"model": "dashboards.questionchoice", "pk": 17, "fields": {"question": 2, "text": "Buhari", "is_correct": false, "order": 0}}, {"model": "dashboards.questionchoice", "pk": 18, "fields": {"question": 2, "text": "Chisom", "is_correct": false, "order": 1}}, {"model": "dashboards.questionchoice", "pk": 19, "fields": {"question": 2, "text": "Jonathan", "is_correct": false, "order": 2}}, {"model": "dashboards.questionchoice", "pk": 20, "fields": {"question": 2, "text": "Tinubu", "is_correct": true, "order": 3}}, {"model": "dashboards.questionchoice", "pk": 21, "fields": {"question": 3, "text": "Option A", "is_correct": false, "order": 1}}, {"model": "dashboards.questionchoice", "pk": 22, "fields": {"question": 3, "text": "Option B", "is_correct": true, "order": 2}}, {"model": "dashboards.questionchoice", "pk": 23, "fields": {"question": 4, "text": "Option X", "is_correct": true, "order": 1}}, {"model": "dashboards.questionchoice", "pk": 24, "fields": {"question": 4, "text": "Option Y", "is_correct": false, "order": 2}}, {"model": "dashboards.questionchoice", "pk": 25, "fields": {"question": 5, "text": "Obasanjo", "is_correct": false, "order": 1}}, {"model": "dashboards.questionchoice", "pk": 26, "fields": {"question": 5, "text": "Tinubu", "is_correct": true, "order": 2}}, {"model": "dashboards.questionchoice", "pk": 27, "fields": {"question": 5, "text": "Abacha", "is_correct": false, "order": 3}}, {"model": "dashboards.questionchoice", "pk": 28, "fields": {"question": 5, "text": "Buhari", "is_correct": false, "order": 4}}, {"model": "dashboards.questionchoice", "pk": 29, "fields": {"question": 8, "text": "13", "is_correct": false, "order": 1}}, {"model": "dashboards.questionchoice", "pk": 30, "fields": {"question": 8, "text": "11", "is_correct": true, "order": 2}}, {"model": "dashboards.questionchoice", "pk": 31, "fields": {"question": 9, "text": "13", "is_correct": false, "order": 1}}, {"model": "dashboards.questionchoice", "pk": 32, "fields": {"question": 9, "text": "11", "is_correct": true, "order": 2}}, {"model": "dashboards.examanalytics", "pk": 4, "fields": {"exam": 48, "total_attempts": 1, "total_passed": 0, "average_score": 4.0, "highest_score": 4.0, "lowest_score": 4.0, "average_time_taken": 0, "pass_rate": 0.0, "last_updated": "2026-02-09T14:40:35.094Z"}}, {"model": "dashboards.examanalytics", "pk": 5, "fields": {"exam": 50, "total_attempts": 1, "total_passed": 0, "average_score": 12.0, "highest_score": 12.0, "lowest_score": 12.0, "average_time_taken": 71, "pass_rate": 0.0, "last_updated": "2026-02-11T12:45:35.385Z"}}, {"model": "dashboards.certificatetemplate", "pk": 1, "fields": {"name": "Default", "school": "School of Excellence", "logo": "", "background": "", "text_color": "#333333", "font_family": "Arial", "custom_message": "", "is_default": true, "created_by": null, "created_at": "2026-02-09T11:01:30.431Z"}}, {"model": "dashboards.bulkimportjob", "pk": 1, "fields": {"import_type": "questions", "csv_file": "bulk_imports/test_questions.xlsx", "created_by": 1, "status": "completed", "total_rows": 1, "successful_rows": 1, "failed_rows": 0, "error_log": "", "started_at": "2026-02-04T05:40:47.271Z", "completed_at": "2026-02-04T05:40:47.356Z", "created_at": "2026-02-04T05:40:47.277Z"}}, {"model": "dashboards.bulkimportjob", "pk": 2, "fields": {"import_type": "questions", "csv_file": "bulk_imports/test_questions.docx", "created_by": 1, "status": "completed", "total_rows": 1, "successful_rows": 1, "failed_rows": 0, "error_log": "", "started_at": "2026-02-04T05:40:47.519Z", "completed_at": "2026-02-04T05:40:47.624Z", "created_at": "2026-02-04T05:40:47.523Z"}}, {"model": "dashboards.bulkimportjob", "pk": 3, "fields": {"import_type": "questions", "csv_file": "bulk_imports/question_template.xlsx", "created_by": 1, "status": "completed", "total_rows": 1, "successful_rows": 1, "failed_rows": 0, "error_log": "", "started_at": "2026-02-04T06:17:25.179Z", "completed_at": "2026-02-04T06:17:25.319Z", "created_at": "2026-02-04T06:17:25.187Z"}}, {"model": "dashboards.bulkimportjob", "pk": 4, "fields": {"import_type": "questions", "csv_file": "bulk_imports/test_questions.csv", "created_by": 1, "status": "failed", "total_rows": 1, "successful_rows": 0, "failed_rows": 1, "error_log": "No data found in file", "started_at": "2026-02-04T06:51:38.890Z", "completed_at": "2026-02-04T06:51:38.911Z", "created_at": "2026-02-04T06:51:38.892Z"}}, {"model": "dashboards.bulkimportjob", "pk": 5, "fields": {"import_type": "questions", "csv_file": "bulk_imports/test_questions_20dLOrN.csv", "created_by": 1, "status": "completed", "total_rows": 2, "successful_rows": 2, "failed_rows": 0, "error_log": "", "started_at": "2026-02-04T06:52:14.650Z", "completed_at": "2026-02-04T06:52:14.716Z", "created_at": "2026-02-04T06:52:14.655Z"}}, {"model": "dashboards.bulkimportjob", "pk": 6, "fields": {"import_type": "questions", "csv_file": "bulk_imports/question_template_3.xlsx", "created_by": 1, "status": "completed", "total_rows": 1, "successful_rows": 1, "failed_rows": 0, "error_log": "", "started_at": "2026-02-04T06:57:02.741Z", "completed_at": "2026-02-04T06:57:02.838Z", "created_at": "2026-02-04T06:57:02.747Z"}}, {"model": "dashboards.bulkimportjob", "pk": 7, "fields": {"import_type": "questions", "csv_file": "bulk_imports/question_template_3_kaZyGNn.xlsx", "created_by": 1, "status": "completed", "total_rows": 1, "successful_rows": 1, "failed_rows": 0, "error_log": "", "started_at": "2026-02-04T07:10:20.081Z", "completed_at": "2026-02-04T07:10:20.611Z", "created_at": "2026-02-04T07:10:20.084Z"}}, {"model": "dashboards.bulkimportjob", "pk": 8, "fields": {"import_type": "questions", "csv_file": "bulk_imports/question_template_4.xlsx", "created_by": 1, "status": "failed", "total_rows": 1, "successful_rows": 0, "failed_rows": 1, "error_log": "Row 1: Subject 'Yoruba' not found", "started_at": "2026-02-07T21:05:30.512Z", "completed_at": "2026-02-07T21:05:30.591Z", "created_at": "2026-02-07T21:05:30.525Z"}}, {"model": "dashboards.notification", "pk": 1, "fields": {"recipient": 4, "title": "Broadcast: Texbook purchase", "message": "Books are available, come and buy", "category": "info", "is_read": false, "related_exam": null, "created_at": "2026-02-05T07:25:44.300Z"}}, {"model": "dashboards.notification", "pk": 2, "fields": {"recipient": 6, "title": "Broadcast: Texbook purchase", "message": "Books are available, come and buy", "category": "info", "is_read": false, "related_exam": null, "created_at": "2026-02-05T07:25:44.300Z"}}, {"model": "dashboards.notification", "pk": 3, "fields": {"recipient": 7, "title": "Broadcast: Texbook purchase", "message": "Books are available, come and buy", "category": "info", "is_read": false, "related_exam": null, "created_at": "2026-02-05T07:25:44.300Z"}}, {"model": "dashboards.notification", "pk": 4, "fields": {"recipient": 8, "title": "Broadcast: Texbook purchase", "message": "Books are available, come and buy", "category": "info", "is_read": false, "related_exam": null, "created_at": "2026-02-05T07:25:44.300Z"}}, {"model": "dashboards.notification", "pk": 5, "fields": {"recipient": 6, "title": "Broadcast: hello", "message": "how are you\r\n", "category": "info", "is_read": false, "related_exam": null, "created_at": "2026-02-05T07:27:05.743Z"}}, {"model": "dashboards.chatroom", "pk": 1, "fields": {"name": "Staff Conference", "room_type": "GROUP", "created_by": 1, "created_at": "2026-02-05T06:50:46.418Z", "participants": [1, 2, 3]}}, {"model": "dashboards.chatroom", "pk": 2, "fields": {"name": "State of Affair", "room_type": "GROUP", "created_by": 1, "created_at": "2026-02-05T07:05:19.017Z", "participants": [1, 2, 3]}}, {"model": "dashboards.chatroom", "pk": 3, "fields": {"name": "State of Affairs", "room_type": "GROUP", "created_by": 1, "created_at": "2026-02-06T21:51:50.906Z", "participants": [1]}}, {"model": "dashboards.chatroom", "pk": 4, "fields": {"name": "class ordering", "room_type": "GROUP", "created_by": 1, "created_at": "2026-02-06T22:40:09.328Z", "participants": [1, 3]}}, {"model": "dashboards.chatroom", "pk": 5, "fields": {"name": "party", "room_type": "CONFERENCE", "created_by": 1, "created_at": "2026-02-06T22:45:30.006Z", "participants": [1, 3]}}, {"model": "dashboards.chatroommessage", "pk": 1, "fields": {"room": 2, "sender": 1, "message": "hi", "attachment": "", "created_at": "2026-02-05T07:13:16.730Z"}}, {"model": "dashboards.chatroommessage", "pk": 2, "fields": {"room": 4, "sender": 1, "message": "hello", "attachment": "", "created_at": "2026-02-06T22:41:02.408Z"}}, {"model": "dashboards.chatroommessage", "pk": 3, "fields": {"room": 5, "sender": 1, "message": "", "attachment": "room_attachments/about-school.png", "created_at": "2026-02-06T22:45:57.571Z"}}, {"model": "dashboards.chatroommessage", "pk": 4, "fields": {"room": 5, "sender": 1, "message": "fhgfh", "attachment": "", "created_at": "2026-02-07T00:27:05.280Z"}}, {"model": "dashboards.chatroomreadstatus", "pk": 1, "fields": {"room": 2, "user": 1, "last_read_at": "2026-02-06T22:47:10.886Z"}}, {"model": "dashboards.chatroomreadstatus", "pk": 2, "fields": {"room": 4, "user": 1, "last_read_at": "2026-02-06T23:36:21.854Z"}}, {"model": "dashboards.chatroomreadstatus", "pk": 3, "fields": {"room": 5, "user": 1, "last_read_at": "2026-02-07T00:27:05.304Z"}}, {"model": "dashboards.chatroomreadstatus", "pk": 4, "fields": {"room": 1, "user": 1, "last_read_at": "2026-02-08T22:14:13.366Z"}}, {"model": "dashboards.chatroomreadstatus", "pk": 5, "fields": {"room": 3, "user": 1, "last_read_at": "2026-02-08T22:15:55.160Z"}}, {"model": "dashboards.chatroomreadstatus", "pk": 6, "fields": {"room": 2, "user": 3, "last_read_at": "2026-02-09T14:28:43.222Z"}}, {"model": "dashboards.chatroomreadstatus", "pk": 7, "fields": {"room": 4, "user": 3, "last_read_at": "2026-02-09T14:28:35.501Z"}}, {"model": "dashboards.chatroomreadstatus", "pk": 8, "fields": {"room": 5, "user": 3, "last_read_at": "2026-02-09T14:28:37.223Z"}}]
