--
-- PostgreSQL database dump
--

\restrict hhcVwMTHom9csXewaIIvXscNMGGM3bI2kfgYOjyRL4IpJAXFSqFajpfnFlyPaKM

-- Dumped from database version 16.10
-- Dumped by pg_dump version 16.10

SET statement_timeout = 0;
SET lock_timeout = 0;
SET idle_in_transaction_session_timeout = 0;
SET client_encoding = 'UTF8';
SET standard_conforming_strings = on;
SELECT pg_catalog.set_config('search_path', '', false);
SET check_function_bodies = false;
SET xmloption = content;
SET client_min_messages = warning;
SET row_security = off;

SET default_tablespace = '';

SET default_table_access_method = heap;

--
-- Name: accounts_student; Type: TABLE; Schema: public; Owner: postgres
--

CREATE TABLE public.accounts_student (
    user_ptr_id bigint NOT NULL
);


ALTER TABLE public.accounts_student OWNER TO postgres;

--
-- Name: accounts_user; Type: TABLE; Schema: public; Owner: postgres
--

CREATE TABLE public.accounts_user (
    id bigint NOT NULL,
    password character varying(128) NOT NULL,
    last_login timestamp with time zone,
    is_superuser boolean NOT NULL,
    username character varying(150) NOT NULL,
    first_name character varying(150) NOT NULL,
    last_name character varying(150) NOT NULL,
    email character varying(254) NOT NULL,
    is_staff boolean NOT NULL,
    date_joined timestamp with time zone NOT NULL,
    role character varying(50) NOT NULL,
    admission_number character varying(20),
    phone_number character varying(20),
    address character varying(255),
    emergency_contact character varying(100) NOT NULL,
    emergency_phone character varying(15) NOT NULL,
    is_active boolean NOT NULL,
    is_approved boolean NOT NULL,
    profile_picture character varying(100),
    created_at timestamp with time zone NOT NULL,
    updated_at timestamp with time zone NOT NULL,
    student_class_id bigint
);


ALTER TABLE public.accounts_user OWNER TO postgres;

--
-- Name: accounts_user_groups; Type: TABLE; Schema: public; Owner: postgres
--

CREATE TABLE public.accounts_user_groups (
    id bigint NOT NULL,
    user_id bigint NOT NULL,
    group_id integer NOT NULL
);


ALTER TABLE public.accounts_user_groups OWNER TO postgres;

--
-- Name: accounts_user_groups_id_seq; Type: SEQUENCE; Schema: public; Owner: postgres
--

ALTER TABLE public.accounts_user_groups ALTER COLUMN id ADD GENERATED BY DEFAULT AS IDENTITY (
    SEQUENCE NAME public.accounts_user_groups_id_seq
    START WITH 1
    INCREMENT BY 1
    NO MINVALUE
    NO MAXVALUE
    CACHE 1
);


--
-- Name: accounts_user_id_seq; Type: SEQUENCE; Schema: public; Owner: postgres
--

ALTER TABLE public.accounts_user ALTER COLUMN id ADD GENERATED BY DEFAULT AS IDENTITY (
    SEQUENCE NAME public.accounts_user_id_seq
    START WITH 1
    INCREMENT BY 1
    NO MINVALUE
    NO MAXVALUE
    CACHE 1
);


--
-- Name: accounts_user_parents; Type: TABLE; Schema: public; Owner: postgres
--

CREATE TABLE public.accounts_user_parents (
    id bigint NOT NULL,
    from_user_id bigint NOT NULL,
    to_user_id bigint NOT NULL
);


ALTER TABLE public.accounts_user_parents OWNER TO postgres;

--
-- Name: accounts_user_parents_id_seq; Type: SEQUENCE; Schema: public; Owner: postgres
--

ALTER TABLE public.accounts_user_parents ALTER COLUMN id ADD GENERATED BY DEFAULT AS IDENTITY (
    SEQUENCE NAME public.accounts_user_parents_id_seq
    START WITH 1
    INCREMENT BY 1
    NO MINVALUE
    NO MAXVALUE
    CACHE 1
);


--
-- Name: accounts_user_user_permissions; Type: TABLE; Schema: public; Owner: postgres
--

CREATE TABLE public.accounts_user_user_permissions (
    id bigint NOT NULL,
    user_id bigint NOT NULL,
    permission_id integer NOT NULL
);


ALTER TABLE public.accounts_user_user_permissions OWNER TO postgres;

--
-- Name: accounts_user_user_permissions_id_seq; Type: SEQUENCE; Schema: public; Owner: postgres
--

ALTER TABLE public.accounts_user_user_permissions ALTER COLUMN id ADD GENERATED BY DEFAULT AS IDENTITY (
    SEQUENCE NAME public.accounts_user_user_permissions_id_seq
    START WITH 1
    INCREMENT BY 1
    NO MINVALUE
    NO MAXVALUE
    CACHE 1
);


--
-- Name: auth_group; Type: TABLE; Schema: public; Owner: postgres
--

CREATE TABLE public.auth_group (
    id integer NOT NULL,
    name character varying(150) NOT NULL
);


ALTER TABLE public.auth_group OWNER TO postgres;

--
-- Name: auth_group_id_seq; Type: SEQUENCE; Schema: public; Owner: postgres
--

ALTER TABLE public.auth_group ALTER COLUMN id ADD GENERATED BY DEFAULT AS IDENTITY (
    SEQUENCE NAME public.auth_group_id_seq
    START WITH 1
    INCREMENT BY 1
    NO MINVALUE
    NO MAXVALUE
    CACHE 1
);


--
-- Name: auth_group_permissions; Type: TABLE; Schema: public; Owner: postgres
--

CREATE TABLE public.auth_group_permissions (
    id bigint NOT NULL,
    group_id integer NOT NULL,
    permission_id integer NOT NULL
);


ALTER TABLE public.auth_group_permissions OWNER TO postgres;

--
-- Name: auth_group_permissions_id_seq; Type: SEQUENCE; Schema: public; Owner: postgres
--

ALTER TABLE public.auth_group_permissions ALTER COLUMN id ADD GENERATED BY DEFAULT AS IDENTITY (
    SEQUENCE NAME public.auth_group_permissions_id_seq
    START WITH 1
    INCREMENT BY 1
    NO MINVALUE
    NO MAXVALUE
    CACHE 1
);


--
-- Name: auth_permission; Type: TABLE; Schema: public; Owner: postgres
--

CREATE TABLE public.auth_permission (
    id integer NOT NULL,
    name character varying(255) NOT NULL,
    content_type_id integer NOT NULL,
    codename character varying(100) NOT NULL
);


ALTER TABLE public.auth_permission OWNER TO postgres;

--
-- Name: auth_permission_id_seq; Type: SEQUENCE; Schema: public; Owner: postgres
--

ALTER TABLE public.auth_permission ALTER COLUMN id ADD GENERATED BY DEFAULT AS IDENTITY (
    SEQUENCE NAME public.auth_permission_id_seq
    START WITH 1
    INCREMENT BY 1
    NO MINVALUE
    NO MAXVALUE
    CACHE 1
);


--
-- Name: brillspay_brillspaylog; Type: TABLE; Schema: public; Owner: postgres
--

CREATE TABLE public.brillspay_brillspaylog (
    id bigint NOT NULL,
    action character varying(50) NOT NULL,
    message text NOT NULL,
    metadata jsonb,
    created_at timestamp with time zone NOT NULL,
    user_id bigint,
    order_id uuid
);


ALTER TABLE public.brillspay_brillspaylog OWNER TO postgres;

--
-- Name: brillspay_brillspaylog_id_seq; Type: SEQUENCE; Schema: public; Owner: postgres
--

ALTER TABLE public.brillspay_brillspaylog ALTER COLUMN id ADD GENERATED BY DEFAULT AS IDENTITY (
    SEQUENCE NAME public.brillspay_brillspaylog_id_seq
    START WITH 1
    INCREMENT BY 1
    NO MINVALUE
    NO MAXVALUE
    CACHE 1
);


--
-- Name: brillspay_cart; Type: TABLE; Schema: public; Owner: postgres
--

CREATE TABLE public.brillspay_cart (
    id bigint NOT NULL,
    created_at timestamp with time zone NOT NULL,
    updated_at timestamp with time zone NOT NULL,
    user_id bigint NOT NULL,
    ward_id bigint NOT NULL
);


ALTER TABLE public.brillspay_cart OWNER TO postgres;

--
-- Name: brillspay_cart_id_seq; Type: SEQUENCE; Schema: public; Owner: postgres
--

ALTER TABLE public.brillspay_cart ALTER COLUMN id ADD GENERATED BY DEFAULT AS IDENTITY (
    SEQUENCE NAME public.brillspay_cart_id_seq
    START WITH 1
    INCREMENT BY 1
    NO MINVALUE
    NO MAXVALUE
    CACHE 1
);


--
-- Name: brillspay_cartitem; Type: TABLE; Schema: public; Owner: postgres
--

CREATE TABLE public.brillspay_cartitem (
    id bigint NOT NULL,
    quantity integer NOT NULL,
    cart_id bigint NOT NULL,
    product_id uuid NOT NULL,
    CONSTRAINT brillspay_cartitem_quantity_check CHECK ((quantity >= 0))
);


ALTER TABLE public.brillspay_cartitem OWNER TO postgres;

--
-- Name: brillspay_cartitem_id_seq; Type: SEQUENCE; Schema: public; Owner: postgres
--

ALTER TABLE public.brillspay_cartitem ALTER COLUMN id ADD GENERATED BY DEFAULT AS IDENTITY (
    SEQUENCE NAME public.brillspay_cartitem_id_seq
    START WITH 1
    INCREMENT BY 1
    NO MINVALUE
    NO MAXVALUE
    CACHE 1
);


--
-- Name: brillspay_order; Type: TABLE; Schema: public; Owner: postgres
--

CREATE TABLE public.brillspay_order (
    id uuid NOT NULL,
    reference character varying(50) NOT NULL,
    status character varying(20) NOT NULL,
    total_amount numeric(10,2) NOT NULL,
    is_override boolean NOT NULL,
    created_at timestamp with time zone NOT NULL,
    buyer_id bigint NOT NULL,
    exam_id bigint,
    ward_id bigint NOT NULL
);


ALTER TABLE public.brillspay_order OWNER TO postgres;

--
-- Name: brillspay_orderitem; Type: TABLE; Schema: public; Owner: postgres
--

CREATE TABLE public.brillspay_orderitem (
    id bigint NOT NULL,
    product_name character varying(255) NOT NULL,
    price numeric(10,2) NOT NULL,
    quantity integer NOT NULL,
    order_id uuid NOT NULL,
    product_id uuid,
    CONSTRAINT brillspay_orderitem_quantity_check CHECK ((quantity >= 0))
);


ALTER TABLE public.brillspay_orderitem OWNER TO postgres;

--
-- Name: brillspay_orderitem_id_seq; Type: SEQUENCE; Schema: public; Owner: postgres
--

ALTER TABLE public.brillspay_orderitem ALTER COLUMN id ADD GENERATED BY DEFAULT AS IDENTITY (
    SEQUENCE NAME public.brillspay_orderitem_id_seq
    START WITH 1
    INCREMENT BY 1
    NO MINVALUE
    NO MAXVALUE
    CACHE 1
);


--
-- Name: brillspay_paymenttransaction; Type: TABLE; Schema: public; Owner: postgres
--

CREATE TABLE public.brillspay_paymenttransaction (
    id bigint NOT NULL,
    gateway_reference character varying(100) NOT NULL,
    gateway_name character varying(20) NOT NULL,
    amount numeric(10,2) NOT NULL,
    verified boolean NOT NULL,
    raw_response jsonb,
    created_at timestamp with time zone NOT NULL,
    order_id uuid NOT NULL
);


ALTER TABLE public.brillspay_paymenttransaction OWNER TO postgres;

--
-- Name: brillspay_paymenttransaction_id_seq; Type: SEQUENCE; Schema: public; Owner: postgres
--

ALTER TABLE public.brillspay_paymenttransaction ALTER COLUMN id ADD GENERATED BY DEFAULT AS IDENTITY (
    SEQUENCE NAME public.brillspay_paymenttransaction_id_seq
    START WITH 1
    INCREMENT BY 1
    NO MINVALUE
    NO MAXVALUE
    CACHE 1
);


--
-- Name: brillspay_product; Type: TABLE; Schema: public; Owner: postgres
--

CREATE TABLE public.brillspay_product (
    id uuid NOT NULL,
    name character varying(255) NOT NULL,
    price numeric(10,2) NOT NULL,
    stock_quantity integer NOT NULL,
    image character varying(100),
    description text NOT NULL,
    is_active boolean NOT NULL,
    created_at timestamp with time zone NOT NULL,
    category_id bigint NOT NULL,
    CONSTRAINT brillspay_product_stock_quantity_check CHECK ((stock_quantity >= 0))
);


ALTER TABLE public.brillspay_product OWNER TO postgres;

--
-- Name: brillspay_productcategory; Type: TABLE; Schema: public; Owner: postgres
--

CREATE TABLE public.brillspay_productcategory (
    id bigint NOT NULL,
    class_name character varying(50) NOT NULL,
    slug character varying(50) NOT NULL,
    is_active boolean NOT NULL
);


ALTER TABLE public.brillspay_productcategory OWNER TO postgres;

--
-- Name: brillspay_productcategory_id_seq; Type: SEQUENCE; Schema: public; Owner: postgres
--

ALTER TABLE public.brillspay_productcategory ALTER COLUMN id ADD GENERATED BY DEFAULT AS IDENTITY (
    SEQUENCE NAME public.brillspay_productcategory_id_seq
    START WITH 1
    INCREMENT BY 1
    NO MINVALUE
    NO MAXVALUE
    CACHE 1
);


--
-- Name: brillspay_transaction; Type: TABLE; Schema: public; Owner: postgres
--

CREATE TABLE public.brillspay_transaction (
    id bigint NOT NULL,
    gateway_reference character varying(100),
    amount numeric(10,2) NOT NULL,
    verified boolean NOT NULL,
    status character varying(20) NOT NULL,
    payload jsonb,
    created_at timestamp with time zone NOT NULL,
    order_id uuid NOT NULL,
    user_id bigint NOT NULL,
    ward_id bigint NOT NULL
);


ALTER TABLE public.brillspay_transaction OWNER TO postgres;

--
-- Name: brillspay_transaction_id_seq; Type: SEQUENCE; Schema: public; Owner: postgres
--

ALTER TABLE public.brillspay_transaction ALTER COLUMN id ADD GENERATED BY DEFAULT AS IDENTITY (
    SEQUENCE NAME public.brillspay_transaction_id_seq
    START WITH 1
    INCREMENT BY 1
    NO MINVALUE
    NO MAXVALUE
    CACHE 1
);


--
-- Name: dashboards_attempthistory; Type: TABLE; Schema: public; Owner: postgres
--

CREATE TABLE public.dashboards_attempthistory (
    id bigint NOT NULL,
    attempt_number integer NOT NULL,
    score double precision NOT NULL,
    total_marks double precision NOT NULL,
    percentage double precision NOT NULL,
    status character varying(20) NOT NULL,
    time_taken integer NOT NULL,
    submitted_at timestamp with time zone NOT NULL,
    can_retake boolean NOT NULL,
    retake_available_from timestamp with time zone,
    attempt_id bigint,
    exam_id bigint NOT NULL,
    student_id bigint NOT NULL,
    CONSTRAINT dashboards_attempthistory_attempt_number_check CHECK ((attempt_number >= 0)),
    CONSTRAINT dashboards_attempthistory_time_taken_check CHECK ((time_taken >= 0))
);


ALTER TABLE public.dashboards_attempthistory OWNER TO postgres;

--
-- Name: dashboards_attempthistory_id_seq; Type: SEQUENCE; Schema: public; Owner: postgres
--

ALTER TABLE public.dashboards_attempthistory ALTER COLUMN id ADD GENERATED BY DEFAULT AS IDENTITY (
    SEQUENCE NAME public.dashboards_attempthistory_id_seq
    START WITH 1
    INCREMENT BY 1
    NO MINVALUE
    NO MAXVALUE
    CACHE 1
);


--
-- Name: dashboards_bulkexportjob; Type: TABLE; Schema: public; Owner: postgres
--

CREATE TABLE public.dashboards_bulkexportjob (
    id bigint NOT NULL,
    export_type character varying(20) NOT NULL,
    status character varying(20) NOT NULL,
    file_format character varying(10) NOT NULL,
    export_file character varying(100),
    created_at timestamp with time zone NOT NULL,
    completed_at timestamp with time zone,
    exam_id bigint,
    exported_by_id bigint NOT NULL
);


ALTER TABLE public.dashboards_bulkexportjob OWNER TO postgres;

--
-- Name: dashboards_bulkexportjob_id_seq; Type: SEQUENCE; Schema: public; Owner: postgres
--

ALTER TABLE public.dashboards_bulkexportjob ALTER COLUMN id ADD GENERATED BY DEFAULT AS IDENTITY (
    SEQUENCE NAME public.dashboards_bulkexportjob_id_seq
    START WITH 1
    INCREMENT BY 1
    NO MINVALUE
    NO MAXVALUE
    CACHE 1
);


--
-- Name: dashboards_bulkimportjob; Type: TABLE; Schema: public; Owner: postgres
--

CREATE TABLE public.dashboards_bulkimportjob (
    id bigint NOT NULL,
    import_type character varying(20) NOT NULL,
    csv_file character varying(100) NOT NULL,
    status character varying(20) NOT NULL,
    total_rows integer NOT NULL,
    successful_rows integer NOT NULL,
    failed_rows integer NOT NULL,
    error_log text NOT NULL,
    started_at timestamp with time zone,
    completed_at timestamp with time zone,
    created_at timestamp with time zone NOT NULL,
    created_by_id bigint NOT NULL,
    CONSTRAINT dashboards_bulkimportjob_failed_rows_check CHECK ((failed_rows >= 0)),
    CONSTRAINT dashboards_bulkimportjob_successful_rows_check CHECK ((successful_rows >= 0)),
    CONSTRAINT dashboards_bulkimportjob_total_rows_check CHECK ((total_rows >= 0))
);


ALTER TABLE public.dashboards_bulkimportjob OWNER TO postgres;

--
-- Name: dashboards_bulkimportjob_id_seq; Type: SEQUENCE; Schema: public; Owner: postgres
--

ALTER TABLE public.dashboards_bulkimportjob ALTER COLUMN id ADD GENERATED BY DEFAULT AS IDENTITY (
    SEQUENCE NAME public.dashboards_bulkimportjob_id_seq
    START WITH 1
    INCREMENT BY 1
    NO MINVALUE
    NO MAXVALUE
    CACHE 1
);


--
-- Name: dashboards_certificate; Type: TABLE; Schema: public; Owner: postgres
--

CREATE TABLE public.dashboards_certificate (
    id bigint NOT NULL,
    certificate_number character varying(50) NOT NULL,
    score double precision NOT NULL,
    total_marks double precision NOT NULL,
    percentage double precision NOT NULL,
    grade character varying(10) NOT NULL,
    issued_at timestamp with time zone NOT NULL,
    pdf_file character varying(100),
    is_digitally_verified boolean NOT NULL,
    verification_code character varying(50) NOT NULL,
    attempt_id bigint,
    exam_id bigint NOT NULL,
    student_id bigint NOT NULL
);


ALTER TABLE public.dashboards_certificate OWNER TO postgres;

--
-- Name: dashboards_certificate_id_seq; Type: SEQUENCE; Schema: public; Owner: postgres
--

ALTER TABLE public.dashboards_certificate ALTER COLUMN id ADD GENERATED BY DEFAULT AS IDENTITY (
    SEQUENCE NAME public.dashboards_certificate_id_seq
    START WITH 1
    INCREMENT BY 1
    NO MINVALUE
    NO MAXVALUE
    CACHE 1
);


--
-- Name: dashboards_certificatetemplate; Type: TABLE; Schema: public; Owner: postgres
--

CREATE TABLE public.dashboards_certificatetemplate (
    id bigint NOT NULL,
    name character varying(200) NOT NULL,
    school character varying(300) NOT NULL,
    logo character varying(100),
    background character varying(100),
    text_color character varying(7) NOT NULL,
    font_family character varying(50) NOT NULL,
    custom_message text NOT NULL,
    is_default boolean NOT NULL,
    created_at timestamp with time zone NOT NULL,
    created_by_id bigint
);


ALTER TABLE public.dashboards_certificatetemplate OWNER TO postgres;

--
-- Name: dashboards_certificatetemplate_id_seq; Type: SEQUENCE; Schema: public; Owner: postgres
--

ALTER TABLE public.dashboards_certificatetemplate ALTER COLUMN id ADD GENERATED BY DEFAULT AS IDENTITY (
    SEQUENCE NAME public.dashboards_certificatetemplate_id_seq
    START WITH 1
    INCREMENT BY 1
    NO MINVALUE
    NO MAXVALUE
    CACHE 1
);


--
-- Name: dashboards_chatroom; Type: TABLE; Schema: public; Owner: postgres
--

CREATE TABLE public.dashboards_chatroom (
    id bigint NOT NULL,
    name character varying(120) NOT NULL,
    created_at timestamp with time zone NOT NULL,
    created_by_id bigint,
    room_type character varying(20) NOT NULL
);


ALTER TABLE public.dashboards_chatroom OWNER TO postgres;

--
-- Name: dashboards_chatroom_id_seq; Type: SEQUENCE; Schema: public; Owner: postgres
--

ALTER TABLE public.dashboards_chatroom ALTER COLUMN id ADD GENERATED BY DEFAULT AS IDENTITY (
    SEQUENCE NAME public.dashboards_chatroom_id_seq
    START WITH 1
    INCREMENT BY 1
    NO MINVALUE
    NO MAXVALUE
    CACHE 1
);


--
-- Name: dashboards_chatroom_participants; Type: TABLE; Schema: public; Owner: postgres
--

CREATE TABLE public.dashboards_chatroom_participants (
    id bigint NOT NULL,
    chatroom_id bigint NOT NULL,
    user_id bigint NOT NULL
);


ALTER TABLE public.dashboards_chatroom_participants OWNER TO postgres;

--
-- Name: dashboards_chatroom_participants_id_seq; Type: SEQUENCE; Schema: public; Owner: postgres
--

ALTER TABLE public.dashboards_chatroom_participants ALTER COLUMN id ADD GENERATED BY DEFAULT AS IDENTITY (
    SEQUENCE NAME public.dashboards_chatroom_participants_id_seq
    START WITH 1
    INCREMENT BY 1
    NO MINVALUE
    NO MAXVALUE
    CACHE 1
);


--
-- Name: dashboards_chatroommessage; Type: TABLE; Schema: public; Owner: postgres
--

CREATE TABLE public.dashboards_chatroommessage (
    id bigint NOT NULL,
    message text NOT NULL,
    created_at timestamp with time zone NOT NULL,
    room_id bigint NOT NULL,
    sender_id bigint NOT NULL,
    attachment character varying(100)
);


ALTER TABLE public.dashboards_chatroommessage OWNER TO postgres;

--
-- Name: dashboards_chatroommessage_id_seq; Type: SEQUENCE; Schema: public; Owner: postgres
--

ALTER TABLE public.dashboards_chatroommessage ALTER COLUMN id ADD GENERATED BY DEFAULT AS IDENTITY (
    SEQUENCE NAME public.dashboards_chatroommessage_id_seq
    START WITH 1
    INCREMENT BY 1
    NO MINVALUE
    NO MAXVALUE
    CACHE 1
);


--
-- Name: dashboards_chatroomreadstatus; Type: TABLE; Schema: public; Owner: postgres
--

CREATE TABLE public.dashboards_chatroomreadstatus (
    id bigint NOT NULL,
    last_read_at timestamp with time zone NOT NULL,
    room_id bigint NOT NULL,
    user_id bigint NOT NULL
);


ALTER TABLE public.dashboards_chatroomreadstatus OWNER TO postgres;

--
-- Name: dashboards_chatroomreadstatus_id_seq; Type: SEQUENCE; Schema: public; Owner: postgres
--

ALTER TABLE public.dashboards_chatroomreadstatus ALTER COLUMN id ADD GENERATED BY DEFAULT AS IDENTITY (
    SEQUENCE NAME public.dashboards_chatroomreadstatus_id_seq
    START WITH 1
    INCREMENT BY 1
    NO MINVALUE
    NO MAXVALUE
    CACHE 1
);


--
-- Name: dashboards_examanalytics; Type: TABLE; Schema: public; Owner: postgres
--

CREATE TABLE public.dashboards_examanalytics (
    id bigint NOT NULL,
    total_attempts integer NOT NULL,
    total_passed integer NOT NULL,
    average_score double precision NOT NULL,
    highest_score double precision NOT NULL,
    lowest_score double precision NOT NULL,
    average_time_taken integer NOT NULL,
    pass_rate double precision NOT NULL,
    last_updated timestamp with time zone NOT NULL,
    exam_id bigint NOT NULL,
    CONSTRAINT dashboards_examanalytics_average_time_taken_check CHECK ((average_time_taken >= 0)),
    CONSTRAINT dashboards_examanalytics_total_attempts_check CHECK ((total_attempts >= 0)),
    CONSTRAINT dashboards_examanalytics_total_passed_check CHECK ((total_passed >= 0))
);


ALTER TABLE public.dashboards_examanalytics OWNER TO postgres;

--
-- Name: dashboards_examanalytics_id_seq; Type: SEQUENCE; Schema: public; Owner: postgres
--

ALTER TABLE public.dashboards_examanalytics ALTER COLUMN id ADD GENERATED BY DEFAULT AS IDENTITY (
    SEQUENCE NAME public.dashboards_examanalytics_id_seq
    START WITH 1
    INCREMENT BY 1
    NO MINVALUE
    NO MAXVALUE
    CACHE 1
);


--
-- Name: dashboards_examschedule; Type: TABLE; Schema: public; Owner: postgres
--

CREATE TABLE public.dashboards_examschedule (
    id bigint NOT NULL,
    scheduled_date timestamp with time zone NOT NULL,
    auto_open boolean NOT NULL,
    auto_close boolean NOT NULL,
    close_at timestamp with time zone,
    auto_submit_at_time boolean NOT NULL,
    notify_before_minutes integer NOT NULL,
    created_at timestamp with time zone NOT NULL,
    exam_id bigint NOT NULL,
    CONSTRAINT dashboards_examschedule_notify_before_minutes_check CHECK ((notify_before_minutes >= 0))
);


ALTER TABLE public.dashboards_examschedule OWNER TO postgres;

--
-- Name: dashboards_examschedule_id_seq; Type: SEQUENCE; Schema: public; Owner: postgres
--

ALTER TABLE public.dashboards_examschedule ALTER COLUMN id ADD GENERATED BY DEFAULT AS IDENTITY (
    SEQUENCE NAME public.dashboards_examschedule_id_seq
    START WITH 1
    INCREMENT BY 1
    NO MINVALUE
    NO MAXVALUE
    CACHE 1
);


--
-- Name: dashboards_gradingrubric; Type: TABLE; Schema: public; Owner: postgres
--

CREATE TABLE public.dashboards_gradingrubric (
    id bigint NOT NULL,
    name character varying(200) NOT NULL,
    description text NOT NULL,
    total_points integer NOT NULL,
    is_published boolean NOT NULL,
    created_at timestamp with time zone NOT NULL,
    created_by_id bigint NOT NULL,
    exam_id bigint,
    CONSTRAINT dashboards_gradingrubric_total_points_check CHECK ((total_points >= 0))
);


ALTER TABLE public.dashboards_gradingrubric OWNER TO postgres;

--
-- Name: dashboards_gradingrubric_id_seq; Type: SEQUENCE; Schema: public; Owner: postgres
--

ALTER TABLE public.dashboards_gradingrubric ALTER COLUMN id ADD GENERATED BY DEFAULT AS IDENTITY (
    SEQUENCE NAME public.dashboards_gradingrubric_id_seq
    START WITH 1
    INCREMENT BY 1
    NO MINVALUE
    NO MAXVALUE
    CACHE 1
);


--
-- Name: dashboards_notification; Type: TABLE; Schema: public; Owner: postgres
--

CREATE TABLE public.dashboards_notification (
    id bigint NOT NULL,
    title character varying(200) NOT NULL,
    message text NOT NULL,
    category character varying(20) NOT NULL,
    is_read boolean NOT NULL,
    created_at timestamp with time zone NOT NULL,
    recipient_id bigint NOT NULL,
    related_exam_id bigint
);


ALTER TABLE public.dashboards_notification OWNER TO postgres;

--
-- Name: dashboards_notification_id_seq; Type: SEQUENCE; Schema: public; Owner: postgres
--

ALTER TABLE public.dashboards_notification ALTER COLUMN id ADD GENERATED BY DEFAULT AS IDENTITY (
    SEQUENCE NAME public.dashboards_notification_id_seq
    START WITH 1
    INCREMENT BY 1
    NO MINVALUE
    NO MAXVALUE
    CACHE 1
);


--
-- Name: dashboards_permission; Type: TABLE; Schema: public; Owner: postgres
--

CREATE TABLE public.dashboards_permission (
    id bigint NOT NULL,
    code character varying(100) NOT NULL,
    name character varying(200) NOT NULL,
    description text NOT NULL,
    category character varying(50) NOT NULL
);


ALTER TABLE public.dashboards_permission OWNER TO postgres;

--
-- Name: dashboards_permission_id_seq; Type: SEQUENCE; Schema: public; Owner: postgres
--

ALTER TABLE public.dashboards_permission ALTER COLUMN id ADD GENERATED BY DEFAULT AS IDENTITY (
    SEQUENCE NAME public.dashboards_permission_id_seq
    START WITH 1
    INCREMENT BY 1
    NO MINVALUE
    NO MAXVALUE
    CACHE 1
);


--
-- Name: dashboards_questionbank; Type: TABLE; Schema: public; Owner: postgres
--

CREATE TABLE public.dashboards_questionbank (
    id bigint NOT NULL,
    text text NOT NULL,
    question_type character varying(20) NOT NULL,
    marks integer NOT NULL,
    difficulty character varying(10) NOT NULL,
    explanation text NOT NULL,
    image character varying(100),
    is_published boolean NOT NULL,
    usage_count integer NOT NULL,
    created_at timestamp with time zone NOT NULL,
    updated_at timestamp with time zone NOT NULL,
    created_by_id bigint NOT NULL,
    category_id bigint,
    school_class_id bigint,
    subject_id bigint,
    CONSTRAINT dashboards_questionbank_marks_check CHECK ((marks >= 0)),
    CONSTRAINT dashboards_questionbank_usage_count_check CHECK ((usage_count >= 0))
);


ALTER TABLE public.dashboards_questionbank OWNER TO postgres;

--
-- Name: dashboards_questionbank_id_seq; Type: SEQUENCE; Schema: public; Owner: postgres
--

ALTER TABLE public.dashboards_questionbank ALTER COLUMN id ADD GENERATED BY DEFAULT AS IDENTITY (
    SEQUENCE NAME public.dashboards_questionbank_id_seq
    START WITH 1
    INCREMENT BY 1
    NO MINVALUE
    NO MAXVALUE
    CACHE 1
);


--
-- Name: dashboards_questionbank_tags; Type: TABLE; Schema: public; Owner: postgres
--

CREATE TABLE public.dashboards_questionbank_tags (
    id bigint NOT NULL,
    questionbank_id bigint NOT NULL,
    questiontag_id bigint NOT NULL
);


ALTER TABLE public.dashboards_questionbank_tags OWNER TO postgres;

--
-- Name: dashboards_questionbank_tags_id_seq; Type: SEQUENCE; Schema: public; Owner: postgres
--

ALTER TABLE public.dashboards_questionbank_tags ALTER COLUMN id ADD GENERATED BY DEFAULT AS IDENTITY (
    SEQUENCE NAME public.dashboards_questionbank_tags_id_seq
    START WITH 1
    INCREMENT BY 1
    NO MINVALUE
    NO MAXVALUE
    CACHE 1
);


--
-- Name: dashboards_questioncategory; Type: TABLE; Schema: public; Owner: postgres
--

CREATE TABLE public.dashboards_questioncategory (
    id bigint NOT NULL,
    name character varying(100) NOT NULL,
    description text NOT NULL,
    color character varying(7) NOT NULL,
    created_at timestamp with time zone NOT NULL,
    created_by_id bigint
);


ALTER TABLE public.dashboards_questioncategory OWNER TO postgres;

--
-- Name: dashboards_questioncategory_id_seq; Type: SEQUENCE; Schema: public; Owner: postgres
--

ALTER TABLE public.dashboards_questioncategory ALTER COLUMN id ADD GENERATED BY DEFAULT AS IDENTITY (
    SEQUENCE NAME public.dashboards_questioncategory_id_seq
    START WITH 1
    INCREMENT BY 1
    NO MINVALUE
    NO MAXVALUE
    CACHE 1
);


--
-- Name: dashboards_questionchoice; Type: TABLE; Schema: public; Owner: postgres
--

CREATE TABLE public.dashboards_questionchoice (
    id bigint NOT NULL,
    text character varying(500) NOT NULL,
    is_correct boolean NOT NULL,
    "order" integer NOT NULL,
    question_id bigint NOT NULL,
    CONSTRAINT dashboards_questionchoice_order_check CHECK (("order" >= 0))
);


ALTER TABLE public.dashboards_questionchoice OWNER TO postgres;

--
-- Name: dashboards_questionchoice_id_seq; Type: SEQUENCE; Schema: public; Owner: postgres
--

ALTER TABLE public.dashboards_questionchoice ALTER COLUMN id ADD GENERATED BY DEFAULT AS IDENTITY (
    SEQUENCE NAME public.dashboards_questionchoice_id_seq
    START WITH 1
    INCREMENT BY 1
    NO MINVALUE
    NO MAXVALUE
    CACHE 1
);


--
-- Name: dashboards_questiontag; Type: TABLE; Schema: public; Owner: postgres
--

CREATE TABLE public.dashboards_questiontag (
    id bigint NOT NULL,
    name character varying(50) NOT NULL,
    created_at timestamp with time zone NOT NULL
);


ALTER TABLE public.dashboards_questiontag OWNER TO postgres;

--
-- Name: dashboards_questiontag_id_seq; Type: SEQUENCE; Schema: public; Owner: postgres
--

ALTER TABLE public.dashboards_questiontag ALTER COLUMN id ADD GENERATED BY DEFAULT AS IDENTITY (
    SEQUENCE NAME public.dashboards_questiontag_id_seq
    START WITH 1
    INCREMENT BY 1
    NO MINVALUE
    NO MAXVALUE
    CACHE 1
);


--
-- Name: dashboards_role; Type: TABLE; Schema: public; Owner: postgres
--

CREATE TABLE public.dashboards_role (
    id bigint NOT NULL,
    name character varying(100) NOT NULL,
    role_type character varying(20) NOT NULL,
    description text NOT NULL,
    is_active boolean NOT NULL,
    created_at timestamp with time zone NOT NULL,
    created_by_id bigint
);


ALTER TABLE public.dashboards_role OWNER TO postgres;

--
-- Name: dashboards_role_id_seq; Type: SEQUENCE; Schema: public; Owner: postgres
--

ALTER TABLE public.dashboards_role ALTER COLUMN id ADD GENERATED BY DEFAULT AS IDENTITY (
    SEQUENCE NAME public.dashboards_role_id_seq
    START WITH 1
    INCREMENT BY 1
    NO MINVALUE
    NO MAXVALUE
    CACHE 1
);


--
-- Name: dashboards_rolepermission; Type: TABLE; Schema: public; Owner: postgres
--

CREATE TABLE public.dashboards_rolepermission (
    id bigint NOT NULL,
    permission_id bigint NOT NULL,
    role_id bigint NOT NULL
);


ALTER TABLE public.dashboards_rolepermission OWNER TO postgres;

--
-- Name: dashboards_rolepermission_id_seq; Type: SEQUENCE; Schema: public; Owner: postgres
--

ALTER TABLE public.dashboards_rolepermission ALTER COLUMN id ADD GENERATED BY DEFAULT AS IDENTITY (
    SEQUENCE NAME public.dashboards_rolepermission_id_seq
    START WITH 1
    INCREMENT BY 1
    NO MINVALUE
    NO MAXVALUE
    CACHE 1
);


--
-- Name: dashboards_rubriccriteria; Type: TABLE; Schema: public; Owner: postgres
--

CREATE TABLE public.dashboards_rubriccriteria (
    id bigint NOT NULL,
    name character varying(200) NOT NULL,
    description text NOT NULL,
    max_points integer NOT NULL,
    "order" integer NOT NULL,
    rubric_id bigint NOT NULL,
    CONSTRAINT dashboards_rubriccriteria_max_points_check CHECK ((max_points >= 0)),
    CONSTRAINT dashboards_rubriccriteria_order_check CHECK (("order" >= 0))
);


ALTER TABLE public.dashboards_rubriccriteria OWNER TO postgres;

--
-- Name: dashboards_rubriccriteria_id_seq; Type: SEQUENCE; Schema: public; Owner: postgres
--

ALTER TABLE public.dashboards_rubriccriteria ALTER COLUMN id ADD GENERATED BY DEFAULT AS IDENTITY (
    SEQUENCE NAME public.dashboards_rubriccriteria_id_seq
    START WITH 1
    INCREMENT BY 1
    NO MINVALUE
    NO MAXVALUE
    CACHE 1
);


--
-- Name: dashboards_rubriccriteriagrade; Type: TABLE; Schema: public; Owner: postgres
--

CREATE TABLE public.dashboards_rubriccriteriagrade (
    id bigint NOT NULL,
    points_awarded double precision NOT NULL,
    comment text NOT NULL,
    criteria_id bigint NOT NULL,
    rubric_grade_id bigint NOT NULL,
    selected_score_id bigint
);


ALTER TABLE public.dashboards_rubriccriteriagrade OWNER TO postgres;

--
-- Name: dashboards_rubriccriteriagrade_id_seq; Type: SEQUENCE; Schema: public; Owner: postgres
--

ALTER TABLE public.dashboards_rubriccriteriagrade ALTER COLUMN id ADD GENERATED BY DEFAULT AS IDENTITY (
    SEQUENCE NAME public.dashboards_rubriccriteriagrade_id_seq
    START WITH 1
    INCREMENT BY 1
    NO MINVALUE
    NO MAXVALUE
    CACHE 1
);


--
-- Name: dashboards_rubricgrade; Type: TABLE; Schema: public; Owner: postgres
--

CREATE TABLE public.dashboards_rubricgrade (
    id bigint NOT NULL,
    total_score double precision NOT NULL,
    feedback text NOT NULL,
    graded_at timestamp with time zone NOT NULL,
    attempt_id bigint NOT NULL,
    graded_by_id bigint,
    rubric_id bigint NOT NULL
);


ALTER TABLE public.dashboards_rubricgrade OWNER TO postgres;

--
-- Name: dashboards_rubricgrade_id_seq; Type: SEQUENCE; Schema: public; Owner: postgres
--

ALTER TABLE public.dashboards_rubricgrade ALTER COLUMN id ADD GENERATED BY DEFAULT AS IDENTITY (
    SEQUENCE NAME public.dashboards_rubricgrade_id_seq
    START WITH 1
    INCREMENT BY 1
    NO MINVALUE
    NO MAXVALUE
    CACHE 1
);


--
-- Name: dashboards_rubricscore; Type: TABLE; Schema: public; Owner: postgres
--

CREATE TABLE public.dashboards_rubricscore (
    id bigint NOT NULL,
    level character varying(100) NOT NULL,
    points integer NOT NULL,
    description text NOT NULL,
    criteria_id bigint NOT NULL,
    CONSTRAINT dashboards_rubricscore_points_check CHECK ((points >= 0))
);


ALTER TABLE public.dashboards_rubricscore OWNER TO postgres;

--
-- Name: dashboards_rubricscore_id_seq; Type: SEQUENCE; Schema: public; Owner: postgres
--

ALTER TABLE public.dashboards_rubricscore ALTER COLUMN id ADD GENERATED BY DEFAULT AS IDENTITY (
    SEQUENCE NAME public.dashboards_rubricscore_id_seq
    START WITH 1
    INCREMENT BY 1
    NO MINVALUE
    NO MAXVALUE
    CACHE 1
);


--
-- Name: dashboards_schedulednotification; Type: TABLE; Schema: public; Owner: postgres
--

CREATE TABLE public.dashboards_schedulednotification (
    id bigint NOT NULL,
    notification_sent_at timestamp with time zone NOT NULL,
    was_successful boolean NOT NULL,
    exam_id bigint NOT NULL,
    student_id bigint NOT NULL
);


ALTER TABLE public.dashboards_schedulednotification OWNER TO postgres;

--
-- Name: dashboards_schedulednotification_id_seq; Type: SEQUENCE; Schema: public; Owner: postgres
--

ALTER TABLE public.dashboards_schedulednotification ALTER COLUMN id ADD GENERATED BY DEFAULT AS IDENTITY (
    SEQUENCE NAME public.dashboards_schedulednotification_id_seq
    START WITH 1
    INCREMENT BY 1
    NO MINVALUE
    NO MAXVALUE
    CACHE 1
);


--
-- Name: dashboards_studentperformance; Type: TABLE; Schema: public; Owner: postgres
--

CREATE TABLE public.dashboards_studentperformance (
    id bigint NOT NULL,
    attempt_number integer NOT NULL,
    score double precision NOT NULL,
    total_marks double precision NOT NULL,
    percentage double precision NOT NULL,
    time_taken integer NOT NULL,
    status character varying(20) NOT NULL,
    attempted_at timestamp with time zone NOT NULL,
    exam_id bigint NOT NULL,
    student_id bigint NOT NULL,
    CONSTRAINT dashboards_studentperformance_attempt_number_check CHECK ((attempt_number >= 0)),
    CONSTRAINT dashboards_studentperformance_time_taken_check CHECK ((time_taken >= 0))
);


ALTER TABLE public.dashboards_studentperformance OWNER TO postgres;

--
-- Name: dashboards_studentperformance_id_seq; Type: SEQUENCE; Schema: public; Owner: postgres
--

ALTER TABLE public.dashboards_studentperformance ALTER COLUMN id ADD GENERATED BY DEFAULT AS IDENTITY (
    SEQUENCE NAME public.dashboards_studentperformance_id_seq
    START WITH 1
    INCREMENT BY 1
    NO MINVALUE
    NO MAXVALUE
    CACHE 1
);


--
-- Name: dashboards_userrole; Type: TABLE; Schema: public; Owner: postgres
--

CREATE TABLE public.dashboards_userrole (
    id bigint NOT NULL,
    assigned_at timestamp with time zone NOT NULL,
    expires_at timestamp with time zone,
    assigned_by_id bigint,
    role_id bigint NOT NULL,
    user_id bigint NOT NULL
);


ALTER TABLE public.dashboards_userrole OWNER TO postgres;

--
-- Name: dashboards_userrole_id_seq; Type: SEQUENCE; Schema: public; Owner: postgres
--

ALTER TABLE public.dashboards_userrole ALTER COLUMN id ADD GENERATED BY DEFAULT AS IDENTITY (
    SEQUENCE NAME public.dashboards_userrole_id_seq
    START WITH 1
    INCREMENT BY 1
    NO MINVALUE
    NO MAXVALUE
    CACHE 1
);


--
-- Name: django_admin_log; Type: TABLE; Schema: public; Owner: postgres
--

CREATE TABLE public.django_admin_log (
    id integer NOT NULL,
    action_time timestamp with time zone NOT NULL,
    object_id text,
    object_repr character varying(200) NOT NULL,
    action_flag smallint NOT NULL,
    change_message text NOT NULL,
    content_type_id integer,
    user_id bigint NOT NULL,
    CONSTRAINT django_admin_log_action_flag_check CHECK ((action_flag >= 0))
);


ALTER TABLE public.django_admin_log OWNER TO postgres;

--
-- Name: django_admin_log_id_seq; Type: SEQUENCE; Schema: public; Owner: postgres
--

ALTER TABLE public.django_admin_log ALTER COLUMN id ADD GENERATED BY DEFAULT AS IDENTITY (
    SEQUENCE NAME public.django_admin_log_id_seq
    START WITH 1
    INCREMENT BY 1
    NO MINVALUE
    NO MAXVALUE
    CACHE 1
);


--
-- Name: django_content_type; Type: TABLE; Schema: public; Owner: postgres
--

CREATE TABLE public.django_content_type (
    id integer NOT NULL,
    app_label character varying(100) NOT NULL,
    model character varying(100) NOT NULL
);


ALTER TABLE public.django_content_type OWNER TO postgres;

--
-- Name: django_content_type_id_seq; Type: SEQUENCE; Schema: public; Owner: postgres
--

ALTER TABLE public.django_content_type ALTER COLUMN id ADD GENERATED BY DEFAULT AS IDENTITY (
    SEQUENCE NAME public.django_content_type_id_seq
    START WITH 1
    INCREMENT BY 1
    NO MINVALUE
    NO MAXVALUE
    CACHE 1
);


--
-- Name: django_migrations; Type: TABLE; Schema: public; Owner: postgres
--

CREATE TABLE public.django_migrations (
    id bigint NOT NULL,
    app character varying(255) NOT NULL,
    name character varying(255) NOT NULL,
    applied timestamp with time zone NOT NULL
);


ALTER TABLE public.django_migrations OWNER TO postgres;

--
-- Name: django_migrations_id_seq; Type: SEQUENCE; Schema: public; Owner: postgres
--

ALTER TABLE public.django_migrations ALTER COLUMN id ADD GENERATED BY DEFAULT AS IDENTITY (
    SEQUENCE NAME public.django_migrations_id_seq
    START WITH 1
    INCREMENT BY 1
    NO MINVALUE
    NO MAXVALUE
    CACHE 1
);


--
-- Name: django_session; Type: TABLE; Schema: public; Owner: postgres
--

CREATE TABLE public.django_session (
    session_key character varying(40) NOT NULL,
    session_data text NOT NULL,
    expire_date timestamp with time zone NOT NULL
);


ALTER TABLE public.django_session OWNER TO postgres;

--
-- Name: exams_broadcast; Type: TABLE; Schema: public; Owner: postgres
--

CREATE TABLE public.exams_broadcast (
    id bigint NOT NULL,
    title character varying(200) NOT NULL,
    message text NOT NULL,
    created_at timestamp with time zone NOT NULL,
    sender_id bigint NOT NULL,
    target_class_id bigint,
    target_role character varying(20) NOT NULL
);


ALTER TABLE public.exams_broadcast OWNER TO postgres;

--
-- Name: exams_broadcast_id_seq; Type: SEQUENCE; Schema: public; Owner: postgres
--

ALTER TABLE public.exams_broadcast ALTER COLUMN id ADD GENERATED BY DEFAULT AS IDENTITY (
    SEQUENCE NAME public.exams_broadcast_id_seq
    START WITH 1
    INCREMENT BY 1
    NO MINVALUE
    NO MAXVALUE
    CACHE 1
);


--
-- Name: exams_broadcast_recipients; Type: TABLE; Schema: public; Owner: postgres
--

CREATE TABLE public.exams_broadcast_recipients (
    id bigint NOT NULL,
    broadcast_id bigint NOT NULL,
    user_id bigint NOT NULL
);


ALTER TABLE public.exams_broadcast_recipients OWNER TO postgres;

--
-- Name: exams_broadcast_recipients_id_seq; Type: SEQUENCE; Schema: public; Owner: postgres
--

ALTER TABLE public.exams_broadcast_recipients ALTER COLUMN id ADD GENERATED BY DEFAULT AS IDENTITY (
    SEQUENCE NAME public.exams_broadcast_recipients_id_seq
    START WITH 1
    INCREMENT BY 1
    NO MINVALUE
    NO MAXVALUE
    CACHE 1
);


--
-- Name: exams_chatmessage; Type: TABLE; Schema: public; Owner: postgres
--

CREATE TABLE public.exams_chatmessage (
    id bigint NOT NULL,
    message text NOT NULL,
    is_read boolean NOT NULL,
    created_at timestamp with time zone NOT NULL,
    recipient_id bigint NOT NULL,
    sender_id bigint NOT NULL,
    attachment character varying(100)
);


ALTER TABLE public.exams_chatmessage OWNER TO postgres;

--
-- Name: exams_chatmessage_id_seq; Type: SEQUENCE; Schema: public; Owner: postgres
--

ALTER TABLE public.exams_chatmessage ALTER COLUMN id ADD GENERATED BY DEFAULT AS IDENTITY (
    SEQUENCE NAME public.exams_chatmessage_id_seq
    START WITH 1
    INCREMENT BY 1
    NO MINVALUE
    NO MAXVALUE
    CACHE 1
);


--
-- Name: exams_choice; Type: TABLE; Schema: public; Owner: postgres
--

CREATE TABLE public.exams_choice (
    id bigint NOT NULL,
    text character varying(255) NOT NULL,
    is_correct boolean NOT NULL,
    question_id bigint NOT NULL
);


ALTER TABLE public.exams_choice OWNER TO postgres;

--
-- Name: exams_choice_id_seq; Type: SEQUENCE; Schema: public; Owner: postgres
--

ALTER TABLE public.exams_choice ALTER COLUMN id ADD GENERATED BY DEFAULT AS IDENTITY (
    SEQUENCE NAME public.exams_choice_id_seq
    START WITH 1
    INCREMENT BY 1
    NO MINVALUE
    NO MAXVALUE
    CACHE 1
);


--
-- Name: exams_exam; Type: TABLE; Schema: public; Owner: postgres
--

CREATE TABLE public.exams_exam (
    id bigint NOT NULL,
    title character varying(200) NOT NULL,
    duration integer NOT NULL,
    start_time timestamp with time zone NOT NULL,
    end_time timestamp with time zone NOT NULL,
    is_active boolean NOT NULL,
    created_at timestamp with time zone NOT NULL,
    is_published boolean NOT NULL,
    allow_retake boolean NOT NULL,
    requires_payment boolean NOT NULL,
    price integer NOT NULL,
    passing_marks integer NOT NULL,
    created_by_id bigint NOT NULL,
    school_class_id bigint NOT NULL,
    CONSTRAINT exams_exam_duration_check CHECK ((duration >= 0)),
    CONSTRAINT exams_exam_passing_marks_check CHECK ((passing_marks >= 0)),
    CONSTRAINT exams_exam_price_check CHECK ((price >= 0))
);


ALTER TABLE public.exams_exam OWNER TO postgres;

--
-- Name: exams_exam_id_seq; Type: SEQUENCE; Schema: public; Owner: postgres
--

ALTER TABLE public.exams_exam ALTER COLUMN id ADD GENERATED BY DEFAULT AS IDENTITY (
    SEQUENCE NAME public.exams_exam_id_seq
    START WITH 1
    INCREMENT BY 1
    NO MINVALUE
    NO MAXVALUE
    CACHE 1
);


--
-- Name: exams_examaccess; Type: TABLE; Schema: public; Owner: postgres
--

CREATE TABLE public.exams_examaccess (
    id bigint NOT NULL,
    reason text NOT NULL,
    via_payment boolean NOT NULL,
    granted_at timestamp with time zone NOT NULL,
    exam_id bigint NOT NULL,
    granted_by_id bigint,
    student_id bigint NOT NULL
);


ALTER TABLE public.exams_examaccess OWNER TO postgres;

--
-- Name: exams_examaccess_id_seq; Type: SEQUENCE; Schema: public; Owner: postgres
--

ALTER TABLE public.exams_examaccess ALTER COLUMN id ADD GENERATED BY DEFAULT AS IDENTITY (
    SEQUENCE NAME public.exams_examaccess_id_seq
    START WITH 1
    INCREMENT BY 1
    NO MINVALUE
    NO MAXVALUE
    CACHE 1
);


--
-- Name: exams_examattempt; Type: TABLE; Schema: public; Owner: postgres
--

CREATE TABLE public.exams_examattempt (
    id bigint NOT NULL,
    score integer NOT NULL,
    status character varying(20) NOT NULL,
    verification_token uuid NOT NULL,
    is_submitted boolean NOT NULL,
    retake_allowed boolean NOT NULL,
    question_order jsonb NOT NULL,
    remaining_seconds integer NOT NULL,
    interruption_reason character varying(255) NOT NULL,
    started_at timestamp with time zone NOT NULL,
    last_activity_at timestamp with time zone NOT NULL,
    completed_at timestamp with time zone,
    exam_id bigint NOT NULL,
    student_id bigint NOT NULL,
    CONSTRAINT exams_examattempt_remaining_seconds_check CHECK ((remaining_seconds >= 0)),
    CONSTRAINT exams_examattempt_score_check CHECK ((score >= 0))
);


ALTER TABLE public.exams_examattempt OWNER TO postgres;

--
-- Name: exams_examattempt_id_seq; Type: SEQUENCE; Schema: public; Owner: postgres
--

ALTER TABLE public.exams_examattempt ALTER COLUMN id ADD GENERATED BY DEFAULT AS IDENTITY (
    SEQUENCE NAME public.exams_examattempt_id_seq
    START WITH 1
    INCREMENT BY 1
    NO MINVALUE
    NO MAXVALUE
    CACHE 1
);


--
-- Name: exams_notification; Type: TABLE; Schema: public; Owner: postgres
--

CREATE TABLE public.exams_notification (
    id bigint NOT NULL,
    title character varying(150) NOT NULL,
    message text NOT NULL,
    is_read boolean NOT NULL,
    created_at timestamp with time zone NOT NULL,
    related_exam integer,
    recipient_id bigint NOT NULL,
    sender_id bigint NOT NULL
);


ALTER TABLE public.exams_notification OWNER TO postgres;

--
-- Name: exams_notification_id_seq; Type: SEQUENCE; Schema: public; Owner: postgres
--

ALTER TABLE public.exams_notification ALTER COLUMN id ADD GENERATED BY DEFAULT AS IDENTITY (
    SEQUENCE NAME public.exams_notification_id_seq
    START WITH 1
    INCREMENT BY 1
    NO MINVALUE
    NO MAXVALUE
    CACHE 1
);


--
-- Name: exams_ptarequest; Type: TABLE; Schema: public; Owner: postgres
--

CREATE TABLE public.exams_ptarequest (
    id bigint NOT NULL,
    request_type character varying(10) NOT NULL,
    title character varying(100) NOT NULL,
    message text NOT NULL,
    status character varying(10) NOT NULL,
    scheduled_time timestamp with time zone,
    created_at timestamp with time zone NOT NULL,
    updated_at timestamp with time zone NOT NULL,
    parent_id bigint NOT NULL,
    recipient_id bigint
);


ALTER TABLE public.exams_ptarequest OWNER TO postgres;

--
-- Name: exams_ptarequest_id_seq; Type: SEQUENCE; Schema: public; Owner: postgres
--

ALTER TABLE public.exams_ptarequest ALTER COLUMN id ADD GENERATED BY DEFAULT AS IDENTITY (
    SEQUENCE NAME public.exams_ptarequest_id_seq
    START WITH 1
    INCREMENT BY 1
    NO MINVALUE
    NO MAXVALUE
    CACHE 1
);


--
-- Name: exams_question; Type: TABLE; Schema: public; Owner: postgres
--

CREATE TABLE public.exams_question (
    id bigint NOT NULL,
    text text NOT NULL,
    type character varying(20) NOT NULL,
    marks integer NOT NULL,
    "order" integer NOT NULL,
    exam_id bigint NOT NULL,
    CONSTRAINT exams_question_marks_check CHECK ((marks >= 0)),
    CONSTRAINT exams_question_order_check CHECK (("order" >= 0))
);


ALTER TABLE public.exams_question OWNER TO postgres;

--
-- Name: exams_question_id_seq; Type: SEQUENCE; Schema: public; Owner: postgres
--

ALTER TABLE public.exams_question ALTER COLUMN id ADD GENERATED BY DEFAULT AS IDENTITY (
    SEQUENCE NAME public.exams_question_id_seq
    START WITH 1
    INCREMENT BY 1
    NO MINVALUE
    NO MAXVALUE
    CACHE 1
);


--
-- Name: exams_retakerequest; Type: TABLE; Schema: public; Owner: postgres
--

CREATE TABLE public.exams_retakerequest (
    id bigint NOT NULL,
    reason text,
    status character varying(20) NOT NULL,
    created_at timestamp with time zone NOT NULL,
    updated_at timestamp with time zone NOT NULL,
    exam_id bigint NOT NULL,
    reviewed_by_id bigint,
    student_id bigint NOT NULL
);


ALTER TABLE public.exams_retakerequest OWNER TO postgres;

--
-- Name: exams_retakerequest_id_seq; Type: SEQUENCE; Schema: public; Owner: postgres
--

ALTER TABLE public.exams_retakerequest ALTER COLUMN id ADD GENERATED BY DEFAULT AS IDENTITY (
    SEQUENCE NAME public.exams_retakerequest_id_seq
    START WITH 1
    INCREMENT BY 1
    NO MINVALUE
    NO MAXVALUE
    CACHE 1
);


--
-- Name: exams_schoolclass; Type: TABLE; Schema: public; Owner: postgres
--

CREATE TABLE public.exams_schoolclass (
    id bigint NOT NULL,
    name character varying(100) NOT NULL,
    level character varying(20) NOT NULL,
    academic_year text NOT NULL,
    description text NOT NULL,
    is_active boolean NOT NULL,
    created_at timestamp with time zone NOT NULL,
    assistant_teacher_id bigint,
    teacher_id bigint
);


ALTER TABLE public.exams_schoolclass OWNER TO postgres;

--
-- Name: exams_schoolclass_id_seq; Type: SEQUENCE; Schema: public; Owner: postgres
--

ALTER TABLE public.exams_schoolclass ALTER COLUMN id ADD GENERATED BY DEFAULT AS IDENTITY (
    SEQUENCE NAME public.exams_schoolclass_id_seq
    START WITH 1
    INCREMENT BY 1
    NO MINVALUE
    NO MAXVALUE
    CACHE 1
);


--
-- Name: exams_studentanswer; Type: TABLE; Schema: public; Owner: postgres
--

CREATE TABLE public.exams_studentanswer (
    id bigint NOT NULL,
    answer_text text NOT NULL,
    attempt_id bigint NOT NULL,
    question_id bigint NOT NULL,
    selected_choice_id bigint
);


ALTER TABLE public.exams_studentanswer OWNER TO postgres;

--
-- Name: exams_studentanswer_id_seq; Type: SEQUENCE; Schema: public; Owner: postgres
--

ALTER TABLE public.exams_studentanswer ALTER COLUMN id ADD GENERATED BY DEFAULT AS IDENTITY (
    SEQUENCE NAME public.exams_studentanswer_id_seq
    START WITH 1
    INCREMENT BY 1
    NO MINVALUE
    NO MAXVALUE
    CACHE 1
);


--
-- Name: exams_subject; Type: TABLE; Schema: public; Owner: postgres
--

CREATE TABLE public.exams_subject (
    id bigint NOT NULL,
    name character varying(100) NOT NULL,
    description text NOT NULL,
    department character varying(100) NOT NULL,
    is_active boolean NOT NULL,
    created_at timestamp with time zone NOT NULL,
    created_by_id bigint
);


ALTER TABLE public.exams_subject OWNER TO postgres;

--
-- Name: exams_subject_classes; Type: TABLE; Schema: public; Owner: postgres
--

CREATE TABLE public.exams_subject_classes (
    id bigint NOT NULL,
    subject_id bigint NOT NULL,
    schoolclass_id bigint NOT NULL
);


ALTER TABLE public.exams_subject_classes OWNER TO postgres;

--
-- Name: exams_subject_classes_id_seq; Type: SEQUENCE; Schema: public; Owner: postgres
--

ALTER TABLE public.exams_subject_classes ALTER COLUMN id ADD GENERATED BY DEFAULT AS IDENTITY (
    SEQUENCE NAME public.exams_subject_classes_id_seq
    START WITH 1
    INCREMENT BY 1
    NO MINVALUE
    NO MAXVALUE
    CACHE 1
);


--
-- Name: exams_subject_id_seq; Type: SEQUENCE; Schema: public; Owner: postgres
--

ALTER TABLE public.exams_subject ALTER COLUMN id ADD GENERATED BY DEFAULT AS IDENTITY (
    SEQUENCE NAME public.exams_subject_id_seq
    START WITH 1
    INCREMENT BY 1
    NO MINVALUE
    NO MAXVALUE
    CACHE 1
);


--
-- Name: exams_subjectivemark; Type: TABLE; Schema: public; Owner: postgres
--

CREATE TABLE public.exams_subjectivemark (
    id bigint NOT NULL,
    score integer NOT NULL,
    marked_at timestamp with time zone NOT NULL,
    answer_id bigint NOT NULL,
    marked_by_id bigint,
    CONSTRAINT exams_subjectivemark_score_check CHECK ((score >= 0))
);


ALTER TABLE public.exams_subjectivemark OWNER TO postgres;

--
-- Name: exams_subjectivemark_id_seq; Type: SEQUENCE; Schema: public; Owner: postgres
--

ALTER TABLE public.exams_subjectivemark ALTER COLUMN id ADD GENERATED BY DEFAULT AS IDENTITY (
    SEQUENCE NAME public.exams_subjectivemark_id_seq
    START WITH 1
    INCREMENT BY 1
    NO MINVALUE
    NO MAXVALUE
    CACHE 1
);


--
-- Name: exams_systemlog; Type: TABLE; Schema: public; Owner: postgres
--

CREATE TABLE public.exams_systemlog (
    id bigint NOT NULL,
    level character varying(20) NOT NULL,
    source character varying(100) NOT NULL,
    message text NOT NULL,
    created_at timestamp with time zone NOT NULL
);


ALTER TABLE public.exams_systemlog OWNER TO postgres;

--
-- Name: exams_systemlog_id_seq; Type: SEQUENCE; Schema: public; Owner: postgres
--

ALTER TABLE public.exams_systemlog ALTER COLUMN id ADD GENERATED BY DEFAULT AS IDENTITY (
    SEQUENCE NAME public.exams_systemlog_id_seq
    START WITH 1
    INCREMENT BY 1
    NO MINVALUE
    NO MAXVALUE
    CACHE 1
);


--
-- Name: leaves_leaverequest; Type: TABLE; Schema: public; Owner: postgres
--

CREATE TABLE public.leaves_leaverequest (
    id bigint NOT NULL,
    start_date date NOT NULL,
    end_date date NOT NULL,
    reason text NOT NULL,
    status character varying(20) NOT NULL,
    reviewed_at timestamp with time zone,
    created_at timestamp with time zone NOT NULL,
    payee_id bigint NOT NULL,
    reviewed_by_id bigint,
    leave_type_id bigint NOT NULL
);


ALTER TABLE public.leaves_leaverequest OWNER TO postgres;

--
-- Name: leaves_leaverequest_id_seq; Type: SEQUENCE; Schema: public; Owner: postgres
--

ALTER TABLE public.leaves_leaverequest ALTER COLUMN id ADD GENERATED BY DEFAULT AS IDENTITY (
    SEQUENCE NAME public.leaves_leaverequest_id_seq
    START WITH 1
    INCREMENT BY 1
    NO MINVALUE
    NO MAXVALUE
    CACHE 1
);


--
-- Name: leaves_leavetype; Type: TABLE; Schema: public; Owner: postgres
--

CREATE TABLE public.leaves_leavetype (
    id bigint NOT NULL,
    name character varying(50) NOT NULL,
    annual_days integer NOT NULL,
    CONSTRAINT leaves_leavetype_annual_days_check CHECK ((annual_days >= 0))
);


ALTER TABLE public.leaves_leavetype OWNER TO postgres;

--
-- Name: leaves_leavetype_id_seq; Type: SEQUENCE; Schema: public; Owner: postgres
--

ALTER TABLE public.leaves_leavetype ALTER COLUMN id ADD GENERATED BY DEFAULT AS IDENTITY (
    SEQUENCE NAME public.leaves_leavetype_id_seq
    START WITH 1
    INCREMENT BY 1
    NO MINVALUE
    NO MAXVALUE
    CACHE 1
);


--
-- Name: loans_loanapplication; Type: TABLE; Schema: public; Owner: postgres
--

CREATE TABLE public.loans_loanapplication (
    id bigint NOT NULL,
    loan_type character varying(100) NOT NULL,
    loan_amount numeric(12,2) NOT NULL,
    monthly_deduction numeric(12,2) NOT NULL,
    tenure_months integer NOT NULL,
    outstanding_balance numeric(12,2) NOT NULL,
    status character varying(20) NOT NULL,
    progress numeric(5,2) NOT NULL,
    applied_at timestamp with time zone NOT NULL,
    approved_at timestamp with time zone,
    approved_by_id bigint,
    payee_id bigint NOT NULL,
    CONSTRAINT loans_loanapplication_tenure_months_check CHECK ((tenure_months >= 0))
);


ALTER TABLE public.loans_loanapplication OWNER TO postgres;

--
-- Name: loans_loanapplication_id_seq; Type: SEQUENCE; Schema: public; Owner: postgres
--

ALTER TABLE public.loans_loanapplication ALTER COLUMN id ADD GENERATED BY DEFAULT AS IDENTITY (
    SEQUENCE NAME public.loans_loanapplication_id_seq
    START WITH 1
    INCREMENT BY 1
    NO MINVALUE
    NO MAXVALUE
    CACHE 1
);


--
-- Name: loans_loanrepayment; Type: TABLE; Schema: public; Owner: postgres
--

CREATE TABLE public.loans_loanrepayment (
    id bigint NOT NULL,
    amount_paid numeric(12,2) NOT NULL,
    balance_after numeric(12,2) NOT NULL,
    created_at timestamp with time zone NOT NULL,
    loan_id bigint NOT NULL,
    payroll_record_id bigint
);


ALTER TABLE public.loans_loanrepayment OWNER TO postgres;

--
-- Name: loans_loanrepayment_id_seq; Type: SEQUENCE; Schema: public; Owner: postgres
--

ALTER TABLE public.loans_loanrepayment ALTER COLUMN id ADD GENERATED BY DEFAULT AS IDENTITY (
    SEQUENCE NAME public.loans_loanrepayment_id_seq
    START WITH 1
    INCREMENT BY 1
    NO MINVALUE
    NO MAXVALUE
    CACHE 1
);


--
-- Name: payroll_auditlog; Type: TABLE; Schema: public; Owner: postgres
--

CREATE TABLE public.payroll_auditlog (
    id bigint NOT NULL,
    action character varying(20) NOT NULL,
    model_name character varying(100) NOT NULL,
    object_id character varying(50) NOT NULL,
    description text NOT NULL,
    "timestamp" timestamp with time zone NOT NULL,
    user_id bigint
);


ALTER TABLE public.payroll_auditlog OWNER TO postgres;

--
-- Name: payroll_auditlog_id_seq; Type: SEQUENCE; Schema: public; Owner: postgres
--

ALTER TABLE public.payroll_auditlog ALTER COLUMN id ADD GENERATED BY DEFAULT AS IDENTITY (
    SEQUENCE NAME public.payroll_auditlog_id_seq
    START WITH 1
    INCREMENT BY 1
    NO MINVALUE
    NO MAXVALUE
    CACHE 1
);


--
-- Name: payroll_bankaccount; Type: TABLE; Schema: public; Owner: postgres
--

CREATE TABLE public.payroll_bankaccount (
    id bigint NOT NULL,
    bank_name character varying(100) NOT NULL,
    bank_code character varying(20) NOT NULL,
    account_number character varying(20) NOT NULL,
    account_name character varying(100) NOT NULL,
    recipient_code character varying(100) NOT NULL,
    is_primary boolean NOT NULL,
    is_approved boolean NOT NULL,
    payee_id bigint NOT NULL
);


ALTER TABLE public.payroll_bankaccount OWNER TO postgres;

--
-- Name: payroll_bankaccount_id_seq; Type: SEQUENCE; Schema: public; Owner: postgres
--

ALTER TABLE public.payroll_bankaccount ALTER COLUMN id ADD GENERATED BY DEFAULT AS IDENTITY (
    SEQUENCE NAME public.payroll_bankaccount_id_seq
    START WITH 1
    INCREMENT BY 1
    NO MINVALUE
    NO MAXVALUE
    CACHE 1
);


--
-- Name: payroll_payee; Type: TABLE; Schema: public; Owner: postgres
--

CREATE TABLE public.payroll_payee (
    id bigint NOT NULL,
    payee_type character varying(20) NOT NULL,
    reference_code character varying(50) NOT NULL,
    is_confirmed boolean NOT NULL,
    is_active boolean NOT NULL,
    created_at timestamp with time zone NOT NULL,
    user_id bigint
);


ALTER TABLE public.payroll_payee OWNER TO postgres;

--
-- Name: payroll_payee_id_seq; Type: SEQUENCE; Schema: public; Owner: postgres
--

ALTER TABLE public.payroll_payee ALTER COLUMN id ADD GENERATED BY DEFAULT AS IDENTITY (
    SEQUENCE NAME public.payroll_payee_id_seq
    START WITH 1
    INCREMENT BY 1
    NO MINVALUE
    NO MAXVALUE
    CACHE 1
);


--
-- Name: payroll_payeesalarystructure; Type: TABLE; Schema: public; Owner: postgres
--

CREATE TABLE public.payroll_payeesalarystructure (
    id bigint NOT NULL,
    assigned_at timestamp with time zone NOT NULL,
    payee_id bigint NOT NULL,
    salary_structure_id bigint NOT NULL
);


ALTER TABLE public.payroll_payeesalarystructure OWNER TO postgres;

--
-- Name: payroll_payeesalarystructure_id_seq; Type: SEQUENCE; Schema: public; Owner: postgres
--

ALTER TABLE public.payroll_payeesalarystructure ALTER COLUMN id ADD GENERATED BY DEFAULT AS IDENTITY (
    SEQUENCE NAME public.payroll_payeesalarystructure_id_seq
    START WITH 1
    INCREMENT BY 1
    NO MINVALUE
    NO MAXVALUE
    CACHE 1
);


--
-- Name: payroll_paymentbatch; Type: TABLE; Schema: public; Owner: postgres
--

CREATE TABLE public.payroll_paymentbatch (
    id bigint NOT NULL,
    reference character varying(50) NOT NULL,
    total_amount numeric(15,2) NOT NULL,
    created_at timestamp with time zone NOT NULL,
    is_processed boolean NOT NULL,
    created_by_id bigint,
    payroll_period_id bigint NOT NULL
);


ALTER TABLE public.payroll_paymentbatch OWNER TO postgres;

--
-- Name: payroll_paymentbatch_id_seq; Type: SEQUENCE; Schema: public; Owner: postgres
--

ALTER TABLE public.payroll_paymentbatch ALTER COLUMN id ADD GENERATED BY DEFAULT AS IDENTITY (
    SEQUENCE NAME public.payroll_paymentbatch_id_seq
    START WITH 1
    INCREMENT BY 1
    NO MINVALUE
    NO MAXVALUE
    CACHE 1
);


--
-- Name: payroll_paymenttransaction; Type: TABLE; Schema: public; Owner: postgres
--

CREATE TABLE public.payroll_paymenttransaction (
    id bigint NOT NULL,
    amount numeric(12,2) NOT NULL,
    currency character varying(3) NOT NULL,
    paystack_reference character varying(100) NOT NULL,
    transfer_code character varying(100) NOT NULL,
    status character varying(20) NOT NULL,
    failure_reason text NOT NULL,
    response_data jsonb NOT NULL,
    created_at timestamp with time zone NOT NULL,
    updated_at timestamp with time zone NOT NULL,
    batch_id bigint,
    payroll_record_id bigint NOT NULL
);


ALTER TABLE public.payroll_paymenttransaction OWNER TO postgres;

--
-- Name: payroll_paymenttransaction_id_seq; Type: SEQUENCE; Schema: public; Owner: postgres
--

ALTER TABLE public.payroll_paymenttransaction ALTER COLUMN id ADD GENERATED BY DEFAULT AS IDENTITY (
    SEQUENCE NAME public.payroll_paymenttransaction_id_seq
    START WITH 1
    INCREMENT BY 1
    NO MINVALUE
    NO MAXVALUE
    CACHE 1
);


--
-- Name: payroll_payrolllineitem; Type: TABLE; Schema: public; Owner: postgres
--

CREATE TABLE public.payroll_payrolllineitem (
    id bigint NOT NULL,
    name character varying(100) NOT NULL,
    amount numeric(12,2) NOT NULL,
    is_deduction boolean NOT NULL,
    payroll_record_id bigint NOT NULL
);


ALTER TABLE public.payroll_payrolllineitem OWNER TO postgres;

--
-- Name: payroll_payrolllineitem_id_seq; Type: SEQUENCE; Schema: public; Owner: postgres
--

ALTER TABLE public.payroll_payrolllineitem ALTER COLUMN id ADD GENERATED BY DEFAULT AS IDENTITY (
    SEQUENCE NAME public.payroll_payrolllineitem_id_seq
    START WITH 1
    INCREMENT BY 1
    NO MINVALUE
    NO MAXVALUE
    CACHE 1
);


--
-- Name: payroll_payrollperiod; Type: TABLE; Schema: public; Owner: postgres
--

CREATE TABLE public.payroll_payrollperiod (
    id bigint NOT NULL,
    month integer NOT NULL,
    year integer NOT NULL,
    is_generated boolean NOT NULL,
    is_locked boolean NOT NULL,
    is_approved_by_bursar boolean NOT NULL,
    is_approved_by_admin boolean NOT NULL,
    CONSTRAINT payroll_payrollperiod_month_check CHECK ((month >= 0)),
    CONSTRAINT payroll_payrollperiod_year_check CHECK ((year >= 0))
);


ALTER TABLE public.payroll_payrollperiod OWNER TO postgres;

--
-- Name: payroll_payrollperiod_id_seq; Type: SEQUENCE; Schema: public; Owner: postgres
--

ALTER TABLE public.payroll_payrollperiod ALTER COLUMN id ADD GENERATED BY DEFAULT AS IDENTITY (
    SEQUENCE NAME public.payroll_payrollperiod_id_seq
    START WITH 1
    INCREMENT BY 1
    NO MINVALUE
    NO MAXVALUE
    CACHE 1
);


--
-- Name: payroll_payrollrecord; Type: TABLE; Schema: public; Owner: postgres
--

CREATE TABLE public.payroll_payrollrecord (
    id bigint NOT NULL,
    gross_pay numeric(12,2) NOT NULL,
    loan_deductions numeric(12,2) NOT NULL,
    tax_deductions numeric(12,2) NOT NULL,
    other_deductions numeric(12,2) NOT NULL,
    total_deductions numeric(12,2) NOT NULL,
    net_pay numeric(12,2) NOT NULL,
    created_at timestamp with time zone NOT NULL,
    payee_id bigint NOT NULL,
    payroll_period_id bigint NOT NULL,
    is_processed boolean NOT NULL,
    processing_error text
);


ALTER TABLE public.payroll_payrollrecord OWNER TO postgres;

--
-- Name: payroll_payrollrecord_id_seq; Type: SEQUENCE; Schema: public; Owner: postgres
--

ALTER TABLE public.payroll_payrollrecord ALTER COLUMN id ADD GENERATED BY DEFAULT AS IDENTITY (
    SEQUENCE NAME public.payroll_payrollrecord_id_seq
    START WITH 1
    INCREMENT BY 1
    NO MINVALUE
    NO MAXVALUE
    CACHE 1
);


--
-- Name: payroll_salarycomponent; Type: TABLE; Schema: public; Owner: postgres
--

CREATE TABLE public.payroll_salarycomponent (
    id bigint NOT NULL,
    name character varying(100) NOT NULL,
    component_type character varying(20) NOT NULL,
    is_active boolean NOT NULL
);


ALTER TABLE public.payroll_salarycomponent OWNER TO postgres;

--
-- Name: payroll_salarycomponent_id_seq; Type: SEQUENCE; Schema: public; Owner: postgres
--

ALTER TABLE public.payroll_salarycomponent ALTER COLUMN id ADD GENERATED BY DEFAULT AS IDENTITY (
    SEQUENCE NAME public.payroll_salarycomponent_id_seq
    START WITH 1
    INCREMENT BY 1
    NO MINVALUE
    NO MAXVALUE
    CACHE 1
);


--
-- Name: payroll_salarystructure; Type: TABLE; Schema: public; Owner: postgres
--

CREATE TABLE public.payroll_salarystructure (
    id bigint NOT NULL,
    name character varying(100) NOT NULL,
    description text NOT NULL,
    created_at timestamp with time zone NOT NULL,
    is_taxable boolean NOT NULL,
    tax_rate numeric(5,2) NOT NULL
);


ALTER TABLE public.payroll_salarystructure OWNER TO postgres;

--
-- Name: payroll_salarystructure_id_seq; Type: SEQUENCE; Schema: public; Owner: postgres
--

ALTER TABLE public.payroll_salarystructure ALTER COLUMN id ADD GENERATED BY DEFAULT AS IDENTITY (
    SEQUENCE NAME public.payroll_salarystructure_id_seq
    START WITH 1
    INCREMENT BY 1
    NO MINVALUE
    NO MAXVALUE
    CACHE 1
);


--
-- Name: payroll_salarystructureitem; Type: TABLE; Schema: public; Owner: postgres
--

CREATE TABLE public.payroll_salarystructureitem (
    id bigint NOT NULL,
    amount numeric(12,2) NOT NULL,
    component_id bigint NOT NULL,
    salary_structure_id bigint NOT NULL
);


ALTER TABLE public.payroll_salarystructureitem OWNER TO postgres;

--
-- Name: payroll_salarystructureitem_id_seq; Type: SEQUENCE; Schema: public; Owner: postgres
--

ALTER TABLE public.payroll_salarystructureitem ALTER COLUMN id ADD GENERATED BY DEFAULT AS IDENTITY (
    SEQUENCE NAME public.payroll_salarystructureitem_id_seq
    START WITH 1
    INCREMENT BY 1
    NO MINVALUE
    NO MAXVALUE
    CACHE 1
);


--
-- Name: payroll_schoolsettings; Type: TABLE; Schema: public; Owner: postgres
--

CREATE TABLE public.payroll_schoolsettings (
    id bigint NOT NULL,
    name character varying(255) NOT NULL,
    address text NOT NULL,
    logo character varying(100)
);


ALTER TABLE public.payroll_schoolsettings OWNER TO postgres;

--
-- Name: payroll_schoolsettings_id_seq; Type: SEQUENCE; Schema: public; Owner: postgres
--

ALTER TABLE public.payroll_schoolsettings ALTER COLUMN id ADD GENERATED BY DEFAULT AS IDENTITY (
    SEQUENCE NAME public.payroll_schoolsettings_id_seq
    START WITH 1
    INCREMENT BY 1
    NO MINVALUE
    NO MAXVALUE
    CACHE 1
);


--
-- Name: pickup_pickupauthorization; Type: TABLE; Schema: public; Owner: postgres
--

CREATE TABLE public.pickup_pickupauthorization (
    id bigint NOT NULL,
    reference character varying(50) NOT NULL,
    bearer_name character varying(100) NOT NULL,
    relationship character varying(50) NOT NULL,
    qrcode_image character varying(100),
    expires_at timestamp with time zone NOT NULL,
    is_used boolean NOT NULL,
    created_at timestamp with time zone NOT NULL,
    parent_id bigint NOT NULL
);


ALTER TABLE public.pickup_pickupauthorization OWNER TO postgres;

--
-- Name: pickup_pickupauthorization_id_seq; Type: SEQUENCE; Schema: public; Owner: postgres
--

ALTER TABLE public.pickup_pickupauthorization ALTER COLUMN id ADD GENERATED BY DEFAULT AS IDENTITY (
    SEQUENCE NAME public.pickup_pickupauthorization_id_seq
    START WITH 1
    INCREMENT BY 1
    NO MINVALUE
    NO MAXVALUE
    CACHE 1
);


--
-- Name: pickup_pickupstudent; Type: TABLE; Schema: public; Owner: postgres
--

CREATE TABLE public.pickup_pickupstudent (
    id bigint NOT NULL,
    pickup_id bigint NOT NULL,
    student_id bigint NOT NULL
);


ALTER TABLE public.pickup_pickupstudent OWNER TO postgres;

--
-- Name: pickup_pickupstudent_id_seq; Type: SEQUENCE; Schema: public; Owner: postgres
--

ALTER TABLE public.pickup_pickupstudent ALTER COLUMN id ADD GENERATED BY DEFAULT AS IDENTITY (
    SEQUENCE NAME public.pickup_pickupstudent_id_seq
    START WITH 1
    INCREMENT BY 1
    NO MINVALUE
    NO MAXVALUE
    CACHE 1
);


--
-- Name: pickup_pickupverificationlog; Type: TABLE; Schema: public; Owner: postgres
--

CREATE TABLE public.pickup_pickupverificationlog (
    id bigint NOT NULL,
    status character varying(20) NOT NULL,
    verified_at timestamp with time zone NOT NULL,
    pickup_id bigint NOT NULL,
    verified_by_id bigint NOT NULL
);


ALTER TABLE public.pickup_pickupverificationlog OWNER TO postgres;

--
-- Name: pickup_pickupverificationlog_id_seq; Type: SEQUENCE; Schema: public; Owner: postgres
--

ALTER TABLE public.pickup_pickupverificationlog ALTER COLUMN id ADD GENERATED BY DEFAULT AS IDENTITY (
    SEQUENCE NAME public.pickup_pickupverificationlog_id_seq
    START WITH 1
    INCREMENT BY 1
    NO MINVALUE
    NO MAXVALUE
    CACHE 1
);


--
-- Data for Name: accounts_student; Type: TABLE DATA; Schema: public; Owner: postgres
--

COPY public.accounts_student (user_ptr_id) FROM stdin;
\.


--
-- Data for Name: accounts_user; Type: TABLE DATA; Schema: public; Owner: postgres
--

COPY public.accounts_user (id, password, last_login, is_superuser, username, first_name, last_name, email, is_staff, date_joined, role, admission_number, phone_number, address, emergency_contact, emergency_phone, is_active, is_approved, profile_picture, created_at, updated_at, student_class_id) FROM stdin;
2	pbkdf2_sha256$1200000$JVF3Ob7jyZ8TnojOYQLbyj$K4j/oz6ve1bxlpceZdsGwLXQwuyD3ruyx4/rUx2sPcM=	2026-02-05 15:15:44.921+01	t	admin			admin@school.com	t	2026-01-31 15:52:47+01	ADMIN	TBS/STF/2026/XWYAR	08022566144	No15 Ososami road, Oke Ado Ibadn	Oladimeji Idrees Ademola	08022566144	t	t	user_profiles/teacher-4_NCaKLtK.jpg	2026-01-31 15:52:47.768+01	2026-02-05 15:16:28.727+01	\N
5	pbkdf2_sha256$1200000$PFTK81q8rt8gWo6Y26jbeL$is4wOSr/GoNdnGmH2paMXeiaXIntAdq375kI/flf7x8=	2026-02-10 21:25:58+01	f	teacher3	Idrees	Oladimeji	teacher3@school.com	f	2026-01-31 15:52:54+01	TEACHER	TBS/STF/2026/VCGYF	08022566144	No15 Ososami road, Oke Ado Ibadn			t	t	user_profiles/default_profile.png	2026-01-31 15:52:54.351+01	2026-02-10 21:26:03.195+01	9
9	pbkdf2_sha256$1200000$eAeHZ0Vq47BuHiax1yEZOB$QIYvxj2uipirUqHLVrZnErorDnhN6vhUP8Zi+XA+Vt8=	\N	f	parent4			parent4@mail.com	f	2026-01-31 15:53:02.199+01	PARENT	\N	\N	\N			t	t	user_profiles/default_profile.png	2026-01-31 15:53:02.201+01	2026-01-31 15:53:03.913+01	\N
10	pbkdf2_sha256$1200000$D6ueNvGF9fgt10603zzq9q$daEDItvDOnQ5ZfkOJNDO5KeQD/g/+NkE5kzFSV8V5NE=	\N	f	parent5			parent5@mail.com	f	2026-01-31 15:53:03.93+01	PARENT	\N	\N	\N			t	t	user_profiles/default_profile.png	2026-01-31 15:53:03.931+01	2026-01-31 15:53:05.808+01	\N
11	pbkdf2_sha256$1200000$D131tLEJHH3xXqqOQMNyya$PvLHmr9xa8WFY/zPcYll23X/Pa6hQTLBpQgok16Z6xc=	\N	f	student1			student1@school.com	f	2026-01-31 15:53:05.828+01	PARENT	\N	\N	\N			t	t	user_profiles/default_profile.png	2026-01-31 15:53:05.828+01	2026-01-31 15:53:07.518+01	1
12	pbkdf2_sha256$1200000$w4UaZ9H6L3nuHVWRQ6jdJA$eumYOmknwFA5lP4Xsj4J+nVnFDI8q51uSPRRT00vAf8=	2026-02-01 18:16:15.385+01	f	bola			student2@school.com	f	2026-01-31 15:53:07+01	STUDENT	TBS/2026/3UJCW	07447822446	66 Maidstone	Harley Barnes		t	t	user_profiles/default_profile.png	2026-01-31 15:53:07.555+01	2026-02-01 17:40:04.434+01	2
13	pbkdf2_sha256$1200000$2c8xhMK2viH9i8RJdPvFTW$MddYPL1HcxriW0gJltp31AeNbt5bzJObno3dWe7y7xI=	\N	f	student3			student3@school.com	f	2026-01-31 15:53:09.42+01	PARENT	\N	\N	\N			t	t	user_profiles/default_profile.png	2026-01-31 15:53:09.422+01	2026-01-31 15:53:11.345+01	3
14	pbkdf2_sha256$1200000$20MCN6thrkfCHEGxUCeMEP$lSNhiIXzjONFSFCM8fA/UoYwqjZ61Tl3I4sMTuHOv4c=	\N	f	student4			student4@school.com	f	2026-01-31 15:53:11.382+01	PARENT	\N	\N	\N			t	t	user_profiles/default_profile.png	2026-01-31 15:53:11.383+01	2026-01-31 15:53:13.129+01	4
15	pbkdf2_sha256$1200000$K2PDinl5qqmFg1IqqPlKtf$apqJb2iNpJ1zp8tCHyoNVFl/gLmj1GG19YoY1yRZnE0=	\N	f	student5			student5@school.com	f	2026-01-31 15:53:13.163+01	PARENT	\N	\N	\N			t	t	user_profiles/default_profile.png	2026-01-31 15:53:13.165+01	2026-01-31 15:53:14.946+01	5
16	pbkdf2_sha256$1200000$MkINrtPg2cWfROz4ARypGG$yZo1RpGwypoLQPX/9OqUagW1hx6gEc7mdHB7Wv548YQ=	\N	f	student6			student6@school.com	f	2026-01-31 15:53:14.981+01	PARENT	\N	\N	\N			t	t	user_profiles/default_profile.png	2026-01-31 15:53:14.982+01	2026-01-31 15:53:17.062+01	6
17	pbkdf2_sha256$1200000$rRIrzlu0EyfZOIrq4WBG49$CKSDOCb87/9dIZ4t7XMGBHllprJcFfhM0LjPArYKlfI=	\N	f	student7			student7@school.com	f	2026-01-31 15:53:17.096+01	PARENT	\N	\N	\N			t	t	user_profiles/default_profile.png	2026-01-31 15:53:17.097+01	2026-01-31 15:53:18.883+01	1
18	pbkdf2_sha256$1200000$AxJJlkN8LH3M7WLN6a9Nll$bLj+O1KDDI7gim4R7PrxkBKF532Ec3CsCzJsxWkL88A=	2026-02-01 17:06:52+01	f	sola	Harley	Barnes	student8@school.com	f	2026-01-31 15:53:18+01	STUDENT	TBS/2026/GVOIL	07447822446	66 Maidstone			t	t	user_profiles/default_profile.png	2026-01-31 15:53:18.919+01	2026-02-10 21:27:15.589+01	3
19	pbkdf2_sha256$1200000$LZJxyzG17etdXfZcY1jJC3$wxxH9OiH+fRRIUBMf5AnjJsTdbN+UxXQtp1g2sr27/Q=	2026-01-31 16:02:02+01	f	student9	Oladimeji	Ademola	student9@school.com	f	2026-01-31 15:53:20+01	STUDENT	TBS/2026/QPIMA	08022566144	No15 Ososami road, Oke Ado Ibadn			t	t	user_profiles/default_profile.png	2026-01-31 15:53:20.65+01	2026-01-31 16:02:05.117+01	1
21	pbkdf2_sha256$1200000$VO8UHj7ZQlppYrj5CjqHmC$MhO3PojVDkRIcu1i61SxToxyVO9qR1U5flOiIdwdgvU=	2026-02-04 06:09:37.633+01	f	tola	Oladimeji	Ademola	logiclanesolutions@gmail.com	f	2026-02-01 14:43:29+01	STUDENT	TBS/2026/AVMAC	08022566144	No15 Ososami road, Oke Ado Ibadn			t	t	user_profiles/default_profile.png	2026-02-01 14:43:33.012+01	2026-02-01 16:02:51.862+01	3
23	pbkdf2_sha256$1200000$3FX2nL4etJvR6ZNeNnyELB$d9A9mQzo3e02mQciChBL+kJRhPMQRdhfzz91K7nXeHM=	2026-02-12 03:42:07.516+01	f	jane	Harley	Barnes	logiclanesolutions@gmail.com	f	2026-02-01 16:00:43+01	STUDENT	TBS/2026/ZRIQQ	07447822446	66 Maidstone			t	t	user_profiles/default_profile.png	2026-02-01 16:00:46.652+01	2026-02-04 17:58:58.806+01	2
3	pbkdf2_sha256$1200000$HxM5nifR5MAosWv6pbsAva$HC7fxpqatqo310LD5eji+Hzq8tASKFhgxRMzEYAWOR0=	2026-02-14 07:14:35.284689+01	f	teacher1	Oladimeji	Ademola	teacher1@school.com	f	2026-01-31 15:52:50+01	TEACHER	TBS/STF/2026/LTQJQ	08022566144	No15 Ososami road, Oke Ado Ibadn			t	t	user_profiles/default_profile.png	2026-01-31 15:52:50.205+01	2026-01-31 15:57:40.414+01	1
20	pbkdf2_sha256$1200000$QEN44pzO1nSZMfSkCozYzU$6nlGwgVJ9VxDw+/aQNqPEjnEdmOZNOGwaG4FaZEVc5k=	2026-02-19 12:38:58.008844+01	f	student10	Harley	Barnes	student10@school.com	f	2026-01-31 15:53:22+01	STUDENT	TBS/2026/WGUFY	07447822446	66 Maidstone			t	t	user_profiles/default_profile.png	2026-01-31 15:53:22.567+01	2026-01-31 16:20:55.179+01	1
4	pbkdf2_sha256$1200000$Zpr3ZZXhjbvFgfZB4TGqxu$6TE3iHmMtvl8Anh5GUNm0GH9HHQvT0MLhm37qNO5Uf0=	2026-02-14 21:59:13.933039+01	f	teacher2	Harley	Barnes	teacher2@school.com	f	2026-01-31 15:52:51+01	TEACHER	TBS/STF/2026/XFK3W	07447822446	66 Maidstone			t	t	user_profiles/default_profile.png	2026-01-31 15:52:51.988+01	2026-02-10 21:24:28.223+01	12
1	pbkdf2_sha256$1200000$1DQSzXgX0SmYHV2rH4OxPT$bDF/HvKixfi+6aH9/frIw77MGDssAy4LF0HBsqAQwhU=	2026-02-19 12:50:35.605959+01	t	idrees	Oladimeji	Ademola	logiclanesolutions@gmail.com	t	2026-01-31 14:00:29+01	ADMIN	TBS/STF/2026/LJQ9J	08022566144	No15 Ososami road, Oke Ado Ibadn	Oladimeji Idrees Ademola	08022566144	t	t	user_profiles/icon-1.png	2026-01-31 14:00:31.225+01	2026-01-31 15:54:45.393+01	\N
6	pbkdf2_sha256$1200000$im4T8tAoUbIEZiioLSWgys$jReCDtGOmUcMMxBLjG31+FwbIkdpP0wtUHzrHxxgquo=	2026-02-19 12:47:45.079872+01	f	baba	Harley	Barnes	parent1@mail.com	f	2026-01-31 15:52:56+01	PARENT	\N	07447822446	66 Maidstone			t	t	user_profiles/default_profile.png	2026-01-31 15:52:56.417+01	2026-02-11 05:54:11.265+01	\N
7	pbkdf2_sha256$1200000$8vSFp002opKHNzHCmpebL7$SgoHin2ZgAjsIQQ0jXkNNp27QuWMf6lr/a/23H8exBs=	2026-02-19 12:49:49.026682+01	f	parent2			parent2@mail.com	f	2026-01-31 15:52:58.288+01	PARENT	\N	08022566144	No15 Ososami road, Oke Ado Ibadn	Oladimeji Idrees Ademola	07447822446	t	t	user_profiles/background.png	2026-01-31 15:52:58.288+01	2026-02-04 18:04:02.123+01	\N
8	pbkdf2_sha256$1200000$4v0bUbT1Y35M4A3cukmHjR$CYHIsf9fXcHDhusMKijsbMgueb4TCW3pPsneROllH5c=	2026-02-19 12:51:37.194766+01	f	parent3			parent3@mail.com	f	2026-01-31 15:53:00.174+01	PARENT	\N	07447822446	66 Maidstone	Harley Barnes	08022566144	t	t	user_profiles/hero-bg_DdnIOwl.jpg	2026-01-31 15:53:00.176+01	2026-02-19 12:52:07.271576+01	\N
22	pbkdf2_sha256$1200000$x7WpVzP1C1tQruWVPX8FW3$aBhBROjmnhxaCDa9LlQZobwfZmIKlepn+GdT7uFC3xk=	2026-02-19 12:44:37.672177+01	f	jade	Oladimeji	Ademola	logiclanesolutions@gmail.com	f	2026-02-01 14:55:47+01	STUDENT	TBS/2026/IPL9K	07447822446	66 Maidstone			t	t	user_profiles/default_profile.png	2026-02-01 14:55:51.373+01	2026-02-01 16:03:45.986+01	3
\.


--
-- Data for Name: accounts_user_groups; Type: TABLE DATA; Schema: public; Owner: postgres
--

COPY public.accounts_user_groups (id, user_id, group_id) FROM stdin;
\.


--
-- Data for Name: accounts_user_parents; Type: TABLE DATA; Schema: public; Owner: postgres
--

COPY public.accounts_user_parents (id, from_user_id, to_user_id) FROM stdin;
1	11	6
2	12	7
3	13	8
4	14	9
5	15	10
6	16	6
7	17	7
8	18	8
9	18	6
10	19	9
11	19	6
12	19	7
13	20	6
14	20	7
15	21	8
16	22	8
17	23	6
\.


--
-- Data for Name: accounts_user_user_permissions; Type: TABLE DATA; Schema: public; Owner: postgres
--

COPY public.accounts_user_user_permissions (id, user_id, permission_id) FROM stdin;
\.


--
-- Data for Name: auth_group; Type: TABLE DATA; Schema: public; Owner: postgres
--

COPY public.auth_group (id, name) FROM stdin;
\.


--
-- Data for Name: auth_group_permissions; Type: TABLE DATA; Schema: public; Owner: postgres
--

COPY public.auth_group_permissions (id, group_id, permission_id) FROM stdin;
\.


--
-- Data for Name: auth_permission; Type: TABLE DATA; Schema: public; Owner: postgres
--

COPY public.auth_permission (id, name, content_type_id, codename) FROM stdin;
317	Can add permission	66	add_permission
318	Can change permission	66	change_permission
319	Can delete permission	66	delete_permission
320	Can view permission	66	view_permission
321	Can add question tag	70	add_questiontag
322	Can change question tag	70	change_questiontag
323	Can delete question tag	70	delete_questiontag
324	Can view question tag	70	view_questiontag
325	Can add exam analytics	62	add_examanalytics
326	Can change exam analytics	62	change_examanalytics
327	Can delete exam analytics	62	delete_examanalytics
328	Can view exam analytics	62	view_examanalytics
329	Can add exam schedule	63	add_examschedule
330	Can change exam schedule	63	change_examschedule
331	Can delete exam schedule	63	delete_examschedule
332	Can view exam schedule	63	view_examschedule
333	Can add grading rubric	64	add_gradingrubric
334	Can change grading rubric	64	change_gradingrubric
335	Can delete grading rubric	64	delete_gradingrubric
336	Can view grading rubric	64	view_gradingrubric
337	Can add question category	68	add_questioncategory
338	Can change question category	68	change_questioncategory
339	Can delete question category	68	delete_questioncategory
340	Can view question category	68	view_questioncategory
341	Can add question bank	67	add_questionbank
342	Can change question bank	67	change_questionbank
343	Can delete question bank	67	delete_questionbank
344	Can view question bank	67	view_questionbank
345	Can add question choice	69	add_questionchoice
346	Can change question choice	69	change_questionchoice
347	Can delete question choice	69	delete_questionchoice
348	Can view question choice	69	view_questionchoice
349	Can add role	71	add_role
350	Can change role	71	change_role
351	Can delete role	71	delete_role
352	Can view role	71	view_role
353	Can add role permission	72	add_rolepermission
354	Can change role permission	72	change_rolepermission
355	Can delete role permission	72	delete_rolepermission
356	Can view role permission	72	view_rolepermission
357	Can add rubric criteria	73	add_rubriccriteria
358	Can change rubric criteria	73	change_rubriccriteria
359	Can delete rubric criteria	73	delete_rubriccriteria
360	Can view rubric criteria	73	view_rubriccriteria
361	Can add rubric grade	75	add_rubricgrade
362	Can change rubric grade	75	change_rubricgrade
363	Can delete rubric grade	75	delete_rubricgrade
364	Can view rubric grade	75	view_rubricgrade
365	Can add rubric score	76	add_rubricscore
366	Can change rubric score	76	change_rubricscore
367	Can delete rubric score	76	delete_rubricscore
368	Can view rubric score	76	view_rubricscore
369	Can add rubric criteria grade	74	add_rubriccriteriagrade
370	Can change rubric criteria grade	74	change_rubriccriteriagrade
371	Can delete rubric criteria grade	74	delete_rubriccriteriagrade
372	Can view rubric criteria grade	74	view_rubriccriteriagrade
373	Can add scheduled notification	77	add_schedulednotification
374	Can change scheduled notification	77	change_schedulednotification
375	Can delete scheduled notification	77	delete_schedulednotification
376	Can view scheduled notification	77	view_schedulednotification
377	Can add student performance	78	add_studentperformance
378	Can change student performance	78	change_studentperformance
379	Can delete student performance	78	delete_studentperformance
380	Can view student performance	78	view_studentperformance
381	Can add user role	79	add_userrole
382	Can change user role	79	change_userrole
383	Can delete user role	79	delete_userrole
384	Can view user role	79	view_userrole
385	Can add notification	65	add_notification
386	Can change notification	65	change_notification
387	Can delete notification	65	delete_notification
388	Can view notification	65	view_notification
389	Can add chat room	59	add_chatroom
390	Can change chat room	59	change_chatroom
391	Can delete chat room	59	delete_chatroom
392	Can view chat room	59	view_chatroom
393	Can add chat room message	60	add_chatroommessage
394	Can change chat room message	60	change_chatroommessage
395	Can delete chat room message	60	delete_chatroommessage
396	Can view chat room message	60	view_chatroommessage
397	Can add chat room read status	61	add_chatroomreadstatus
398	Can change chat room read status	61	change_chatroomreadstatus
399	Can delete chat room read status	61	delete_chatroomreadstatus
400	Can view chat room read status	61	view_chatroomreadstatus
257	Can add role	68	add_role
1	Can add log entry	1	add_logentry
2	Can change log entry	1	change_logentry
3	Can delete log entry	1	delete_logentry
4	Can view log entry	1	view_logentry
5	Can add permission	3	add_permission
6	Can change permission	3	change_permission
7	Can delete permission	3	delete_permission
8	Can view permission	3	view_permission
9	Can add group	2	add_group
10	Can change group	2	change_group
11	Can delete group	2	delete_group
12	Can view group	2	view_group
13	Can add content type	4	add_contenttype
14	Can change content type	4	change_contenttype
15	Can delete content type	4	delete_contenttype
16	Can view content type	4	view_contenttype
17	Can add session	5	add_session
18	Can change session	5	change_session
19	Can delete session	5	delete_session
20	Can view session	5	view_session
21	Can add system log	20	add_systemlog
22	Can change system log	20	change_systemlog
23	Can delete system log	20	delete_systemlog
24	Can view system log	20	view_systemlog
25	Can add chat message	7	add_chatmessage
26	Can change chat message	7	change_chatmessage
27	Can delete chat message	7	delete_chatmessage
28	Can view chat message	7	view_chatmessage
29	Can add exam	9	add_exam
30	Can change exam	9	change_exam
31	Can delete exam	9	delete_exam
32	Can view exam	9	view_exam
33	Can add exam attempt	11	add_examattempt
34	Can change exam attempt	11	change_examattempt
35	Can delete exam attempt	11	delete_examattempt
36	Can view exam attempt	11	view_examattempt
37	Can add notification	12	add_notification
38	Can change notification	12	change_notification
39	Can delete notification	12	delete_notification
40	Can view notification	12	view_notification
41	Can add pta request	13	add_ptarequest
42	Can change pta request	13	change_ptarequest
43	Can delete pta request	13	delete_ptarequest
44	Can view pta request	13	view_ptarequest
45	Can add question	14	add_question
46	Can change question	14	change_question
47	Can delete question	14	delete_question
48	Can view question	14	view_question
49	Can add choice	8	add_choice
50	Can change choice	8	change_choice
51	Can delete choice	8	delete_choice
52	Can view choice	8	view_choice
53	Can add retake request	15	add_retakerequest
54	Can change retake request	15	change_retakerequest
55	Can delete retake request	15	delete_retakerequest
56	Can view retake request	15	view_retakerequest
57	Can add school class	16	add_schoolclass
58	Can change school class	16	change_schoolclass
59	Can delete school class	16	delete_schoolclass
60	Can view school class	16	view_schoolclass
61	Can add broadcast	6	add_broadcast
62	Can change broadcast	6	change_broadcast
63	Can delete broadcast	6	delete_broadcast
64	Can view broadcast	6	view_broadcast
65	Can add student answer	17	add_studentanswer
66	Can change student answer	17	change_studentanswer
67	Can delete student answer	17	delete_studentanswer
68	Can view student answer	17	view_studentanswer
69	Can add subject	18	add_subject
70	Can change subject	18	change_subject
71	Can delete subject	18	delete_subject
72	Can view subject	18	view_subject
73	Can add subjective mark	19	add_subjectivemark
74	Can change subjective mark	19	change_subjectivemark
75	Can delete subjective mark	19	delete_subjectivemark
76	Can view subjective mark	19	view_subjectivemark
77	Can add exam access	10	add_examaccess
78	Can change exam access	10	change_examaccess
79	Can delete exam access	10	delete_examaccess
80	Can view exam access	10	view_examaccess
81	Can add user	24	add_user
82	Can change user	24	change_user
83	Can delete user	24	delete_user
84	Can view user	24	view_user
85	Can add Student	22	add_student
86	Can change Student	22	change_student
87	Can delete Student	22	delete_student
88	Can view Student	22	view_student
89	Can add Parent/Guardian	21	add_parent
90	Can change Parent/Guardian	21	change_parent
91	Can delete Parent/Guardian	21	delete_parent
92	Can view Parent/Guardian	21	view_parent
93	Can add Staff Member	23	add_teacher
94	Can change Staff Member	23	change_teacher
95	Can delete Staff Member	23	delete_teacher
96	Can view Staff Member	23	view_teacher
97	Can add product category	32	add_productcategory
98	Can change product category	32	change_productcategory
99	Can delete product category	32	delete_productcategory
100	Can view product category	32	view_productcategory
101	Can add cart	26	add_cart
102	Can change cart	26	change_cart
103	Can delete cart	26	delete_cart
104	Can view cart	26	view_cart
105	Can add order	28	add_order
106	Can change order	28	change_order
107	Can delete order	28	delete_order
108	Can view order	28	view_order
109	Can add brills pay log	25	add_brillspaylog
110	Can change brills pay log	25	change_brillspaylog
111	Can delete brills pay log	25	delete_brillspaylog
112	Can view brills pay log	25	view_brillspaylog
113	Can add order item	29	add_orderitem
114	Can change order item	29	change_orderitem
115	Can delete order item	29	delete_orderitem
116	Can view order item	29	view_orderitem
117	Can add payment transaction	30	add_paymenttransaction
118	Can change payment transaction	30	change_paymenttransaction
119	Can delete payment transaction	30	delete_paymenttransaction
120	Can view payment transaction	30	view_paymenttransaction
121	Can add product	31	add_product
122	Can change product	31	change_product
123	Can delete product	31	delete_product
124	Can view product	31	view_product
125	Can add transaction	33	add_transaction
126	Can change transaction	33	change_transaction
127	Can delete transaction	33	delete_transaction
128	Can view transaction	33	view_transaction
129	Can add cart item	27	add_cartitem
130	Can change cart item	27	change_cartitem
131	Can delete cart item	27	delete_cartitem
132	Can view cart item	27	view_cartitem
133	Can add pickup authorization	34	add_pickupauthorization
134	Can change pickup authorization	34	change_pickupauthorization
135	Can delete pickup authorization	34	delete_pickupauthorization
136	Can view pickup authorization	34	view_pickupauthorization
137	Can add pickup student	35	add_pickupstudent
138	Can change pickup student	35	change_pickupstudent
139	Can delete pickup student	35	delete_pickupstudent
140	Can view pickup student	35	view_pickupstudent
141	Can add pickup verification log	36	add_pickupverificationlog
142	Can change pickup verification log	36	change_pickupverificationlog
143	Can delete pickup verification log	36	delete_pickupverificationlog
144	Can view pickup verification log	36	view_pickupverificationlog
145	Can add salary component	46	add_salarycomponent
146	Can change salary component	46	change_salarycomponent
147	Can delete salary component	46	delete_salarycomponent
148	Can view salary component	46	view_salarycomponent
149	Can add salary structure	47	add_salarystructure
150	Can change salary structure	47	change_salarystructure
151	Can delete salary structure	47	delete_salarystructure
152	Can view salary structure	47	view_salarystructure
153	Can add school settings	49	add_schoolsettings
154	Can change school settings	49	change_schoolsettings
155	Can delete school settings	49	delete_schoolsettings
156	Can view school settings	49	view_schoolsettings
157	Can add audit log	37	add_auditlog
158	Can change audit log	37	change_auditlog
159	Can delete audit log	37	delete_auditlog
160	Can view audit log	37	view_auditlog
161	Can add payee	39	add_payee
162	Can change payee	39	change_payee
163	Can delete payee	39	delete_payee
164	Can view payee	39	view_payee
165	Can add payroll period	44	add_payrollperiod
166	Can change payroll period	44	change_payrollperiod
167	Can delete payroll period	44	delete_payrollperiod
168	Can view payroll period	44	view_payrollperiod
169	Can add payment batch	41	add_paymentbatch
170	Can change payment batch	41	change_paymentbatch
171	Can delete payment batch	41	delete_paymentbatch
172	Can view payment batch	41	view_paymentbatch
173	Can add payroll record	45	add_payrollrecord
174	Can change payroll record	45	change_payrollrecord
175	Can delete payroll record	45	delete_payrollrecord
176	Can view payroll record	45	view_payrollrecord
177	Can add payroll line item	43	add_payrolllineitem
178	Can change payroll line item	43	change_payrolllineitem
179	Can delete payroll line item	43	delete_payrolllineitem
180	Can view payroll line item	43	view_payrolllineitem
181	Can add payment transaction	42	add_paymenttransaction
182	Can change payment transaction	42	change_paymenttransaction
183	Can delete payment transaction	42	delete_paymenttransaction
184	Can view payment transaction	42	view_paymenttransaction
185	Can add payee salary structure	40	add_payeesalarystructure
186	Can change payee salary structure	40	change_payeesalarystructure
187	Can delete payee salary structure	40	delete_payeesalarystructure
188	Can view payee salary structure	40	view_payeesalarystructure
189	Can add salary structure item	48	add_salarystructureitem
190	Can change salary structure item	48	change_salarystructureitem
191	Can delete salary structure item	48	delete_salarystructureitem
192	Can view salary structure item	48	view_salarystructureitem
193	Can add bank account	38	add_bankaccount
194	Can change bank account	38	change_bankaccount
195	Can delete bank account	38	delete_bankaccount
196	Can view bank account	38	view_bankaccount
197	Can add loan application	50	add_loanapplication
198	Can change loan application	50	change_loanapplication
199	Can delete loan application	50	delete_loanapplication
200	Can view loan application	50	view_loanapplication
201	Can add loan repayment	51	add_loanrepayment
202	Can change loan repayment	51	change_loanrepayment
203	Can delete loan repayment	51	delete_loanrepayment
204	Can view loan repayment	51	view_loanrepayment
205	Can add leave type	53	add_leavetype
206	Can change leave type	53	change_leavetype
207	Can delete leave type	53	delete_leavetype
208	Can view leave type	53	view_leavetype
209	Can add leave request	52	add_leaverequest
210	Can change leave request	52	change_leaverequest
211	Can delete leave request	52	delete_leaverequest
212	Can view leave request	52	view_leaverequest
213	Can add permission	63	add_permission
214	Can change permission	63	change_permission
215	Can delete permission	63	delete_permission
216	Can view permission	63	view_permission
217	Can add question tag	67	add_questiontag
218	Can change question tag	67	change_questiontag
219	Can delete question tag	67	delete_questiontag
220	Can view question tag	67	view_questiontag
221	Can add bulk export job	55	add_bulkexportjob
222	Can change bulk export job	55	change_bulkexportjob
223	Can delete bulk export job	55	delete_bulkexportjob
224	Can view bulk export job	55	view_bulkexportjob
225	Can add bulk import job	56	add_bulkimportjob
226	Can change bulk import job	56	change_bulkimportjob
227	Can delete bulk import job	56	delete_bulkimportjob
228	Can view bulk import job	56	view_bulkimportjob
229	Can add certificate template	58	add_certificatetemplate
230	Can change certificate template	58	change_certificatetemplate
231	Can delete certificate template	58	delete_certificatetemplate
232	Can view certificate template	58	view_certificatetemplate
233	Can add exam analytics	59	add_examanalytics
234	Can change exam analytics	59	change_examanalytics
235	Can delete exam analytics	59	delete_examanalytics
236	Can view exam analytics	59	view_examanalytics
237	Can add exam schedule	60	add_examschedule
238	Can change exam schedule	60	change_examschedule
239	Can delete exam schedule	60	delete_examschedule
240	Can view exam schedule	60	view_examschedule
241	Can add grading rubric	61	add_gradingrubric
242	Can change grading rubric	61	change_gradingrubric
243	Can delete grading rubric	61	delete_gradingrubric
244	Can view grading rubric	61	view_gradingrubric
245	Can add question category	65	add_questioncategory
246	Can change question category	65	change_questioncategory
247	Can delete question category	65	delete_questioncategory
248	Can view question category	65	view_questioncategory
249	Can add question bank	64	add_questionbank
250	Can change question bank	64	change_questionbank
251	Can delete question bank	64	delete_questionbank
252	Can view question bank	64	view_questionbank
253	Can add question choice	66	add_questionchoice
254	Can change question choice	66	change_questionchoice
255	Can delete question choice	66	delete_questionchoice
256	Can view question choice	66	view_questionchoice
258	Can change role	68	change_role
259	Can delete role	68	delete_role
260	Can view role	68	view_role
261	Can add role permission	69	add_rolepermission
262	Can change role permission	69	change_rolepermission
263	Can delete role permission	69	delete_rolepermission
264	Can view role permission	69	view_rolepermission
265	Can add rubric criteria	70	add_rubriccriteria
266	Can change rubric criteria	70	change_rubriccriteria
267	Can delete rubric criteria	70	delete_rubriccriteria
268	Can view rubric criteria	70	view_rubriccriteria
269	Can add rubric grade	72	add_rubricgrade
270	Can change rubric grade	72	change_rubricgrade
271	Can delete rubric grade	72	delete_rubricgrade
272	Can view rubric grade	72	view_rubricgrade
273	Can add rubric score	73	add_rubricscore
274	Can change rubric score	73	change_rubricscore
275	Can delete rubric score	73	delete_rubricscore
276	Can view rubric score	73	view_rubricscore
277	Can add rubric criteria grade	71	add_rubriccriteriagrade
278	Can change rubric criteria grade	71	change_rubriccriteriagrade
279	Can delete rubric criteria grade	71	delete_rubriccriteriagrade
280	Can view rubric criteria grade	71	view_rubriccriteriagrade
281	Can add scheduled notification	74	add_schedulednotification
282	Can change scheduled notification	74	change_schedulednotification
283	Can delete scheduled notification	74	delete_schedulednotification
284	Can view scheduled notification	74	view_schedulednotification
285	Can add student performance	75	add_studentperformance
286	Can change student performance	75	change_studentperformance
287	Can delete student performance	75	delete_studentperformance
288	Can view student performance	75	view_studentperformance
289	Can add user role	76	add_userrole
290	Can change user role	76	change_userrole
291	Can delete user role	76	delete_userrole
292	Can view user role	76	view_userrole
293	Can add attempt history	54	add_attempthistory
294	Can change attempt history	54	change_attempthistory
295	Can delete attempt history	54	delete_attempthistory
296	Can view attempt history	54	view_attempthistory
297	Can add certificate	57	add_certificate
298	Can change certificate	57	change_certificate
299	Can delete certificate	57	delete_certificate
300	Can view certificate	57	view_certificate
301	Can add notification	62	add_notification
302	Can change notification	62	change_notification
303	Can delete notification	62	delete_notification
304	Can view notification	62	view_notification
305	Can add chat room	77	add_chatroom
306	Can change chat room	77	change_chatroom
307	Can delete chat room	77	delete_chatroom
308	Can view chat room	77	view_chatroom
309	Can add chat room message	78	add_chatroommessage
310	Can change chat room message	78	change_chatroommessage
311	Can delete chat room message	78	delete_chatroommessage
312	Can view chat room message	78	view_chatroommessage
313	Can add chat room read status	79	add_chatroomreadstatus
314	Can change chat room read status	79	change_chatroomreadstatus
315	Can delete chat room read status	79	delete_chatroomreadstatus
316	Can view chat room read status	79	view_chatroomreadstatus
\.


--
-- Data for Name: brillspay_brillspaylog; Type: TABLE DATA; Schema: public; Owner: postgres
--

COPY public.brillspay_brillspaylog (id, action, message, metadata, created_at, user_id, order_id) FROM stdin;
1	ORDER_CREATED	Order created from cart	\N	2026-02-11 06:05:08.642+01	6	68708e92-4251-426d-9df4-7c5e753016e3
2	ORDER_CREATED	Order created from cart	\N	2026-02-11 06:06:43.153+01	6	0cd3564e-4865-4603-a752-a3f26722682d
3	PAYMENT_SUCCESS	Paystack payment confirmed via webhook	{"amount": 250000, "gateway_reference": "dcvgb0kkyi"}	2026-02-11 06:06:59.405+01	6	0cd3564e-4865-4603-a752-a3f26722682d
4	ORDER_CREATED	Order created from cart	\N	2026-02-11 06:07:43.483+01	6	0a7d0782-5f22-4faa-b0dc-79a211a42fff
5	PAYMENT_SUCCESS	Paystack payment confirmed via webhook	{"amount": 750000, "gateway_reference": "lo2ke26jmh"}	2026-02-11 06:08:05.112+01	6	0a7d0782-5f22-4faa-b0dc-79a211a42fff
6	ORDER_CREATED	Order created from cart	\N	2026-02-12 04:51:49.656+01	7	22a85176-2b5d-474c-a954-d5893efc0afd
7	ORDER_CREATED	Order created from cart	\N	2026-02-12 04:54:27.48+01	7	fe311fae-7137-4893-8e76-13ba123370b2
8	ORDER_CREATED	Order created from cart	\N	2026-02-12 04:59:12.798+01	7	535bede6-2ef0-463f-8990-b143cb47daba
9	ORDER_CREATED	Order created from cart	\N	2026-02-14 07:11:27.753199+01	6	5219369c-9afd-488f-b7a1-59234760eef7
\.


--
-- Data for Name: brillspay_cart; Type: TABLE DATA; Schema: public; Owner: postgres
--

COPY public.brillspay_cart (id, created_at, updated_at, user_id, ward_id) FROM stdin;
1	2026-02-11 05:58:00.655+01	2026-02-11 05:58:00.655+01	6	19
4	2026-02-12 04:49:10.631+01	2026-02-12 04:49:10.631+01	7	12
5	2026-02-12 05:10:37.642+01	2026-02-12 05:10:37.642+01	6	20
6	2026-02-13 22:22:35.051388+01	2026-02-13 22:22:35.051388+01	6	18
\.


--
-- Data for Name: brillspay_cartitem; Type: TABLE DATA; Schema: public; Owner: postgres
--

COPY public.brillspay_cartitem (id, quantity, cart_id, product_id) FROM stdin;
13	1	1	15b0ff0a-4130-4687-9c24-aec80603b065
\.


--
-- Data for Name: brillspay_order; Type: TABLE DATA; Schema: public; Owner: postgres
--

COPY public.brillspay_order (id, reference, status, total_amount, is_override, created_at, buyer_id, exam_id, ward_id) FROM stdin;
0a7d0782-5f22-4faa-b0dc-79a211a42fff	BP-97F86FB2F0	PAID	7500.00	f	2026-02-11 06:07:43.467+01	6	\N	23
0cd3564e-4865-4603-a752-a3f26722682d	BP-5168EB0CAC	PAID	2500.00	f	2026-02-11 06:06:43.116+01	6	\N	20
22a85176-2b5d-474c-a954-d5893efc0afd	BP-3CE71FEF80	PENDING	2500.00	f	2026-02-12 04:51:49.621+01	7	\N	12
535bede6-2ef0-463f-8990-b143cb47daba	BP-CC153BC29B	PENDING	7500.00	f	2026-02-12 04:59:12.785+01	7	\N	12
68708e92-4251-426d-9df4-7c5e753016e3	BP-5D071AE458	PENDING	7500.00	f	2026-02-11 06:05:08.626+01	6	\N	20
fe311fae-7137-4893-8e76-13ba123370b2	BP-ABC9A2366A	PENDING	2500.00	f	2026-02-12 04:54:27.465+01	7	\N	12
5219369c-9afd-488f-b7a1-59234760eef7	BP-308D1D6AC0	PENDING	15000.00	f	2026-02-14 07:11:27.71752+01	6	\N	18
\.


--
-- Data for Name: brillspay_orderitem; Type: TABLE DATA; Schema: public; Owner: postgres
--

COPY public.brillspay_orderitem (id, product_name, price, quantity, order_id, product_id) FROM stdin;
1	JSS1 Result Analytics	2500.00	3	68708e92-4251-426d-9df4-7c5e753016e3	\N
2	JSS1 Result Analytics	2500.00	1	0cd3564e-4865-4603-a752-a3f26722682d	\N
3	JSS2 Result Analytics	2500.00	3	0a7d0782-5f22-4faa-b0dc-79a211a42fff	\N
4	JSS2 Result Analytics	2500.00	1	22a85176-2b5d-474c-a954-d5893efc0afd	\N
5	JSS2 Result Analytics	2500.00	1	fe311fae-7137-4893-8e76-13ba123370b2	b7617a3a-56f4-4321-80c6-49692ce88c98
6	JSS2 CBT Exam Access	5000.00	1	535bede6-2ef0-463f-8990-b143cb47daba	974f2b01-10c9-44da-95e7-290409866c67
7	JSS2 Result Analytics	2500.00	1	535bede6-2ef0-463f-8990-b143cb47daba	b7617a3a-56f4-4321-80c6-49692ce88c98
8	JSS3 CBT Exam Access	5000.00	3	5219369c-9afd-488f-b7a1-59234760eef7	a5c8a3b5-483f-42d1-8a94-14c4c5ddb45b
\.


--
-- Data for Name: brillspay_paymenttransaction; Type: TABLE DATA; Schema: public; Owner: postgres
--

COPY public.brillspay_paymenttransaction (id, gateway_reference, gateway_name, amount, verified, raw_response, created_at, order_id) FROM stdin;
1	dcvgb0kkyi	paystack	2500.00	f	{"data": {"reference": "dcvgb0kkyi", "access_code": "vt1z7ar81y7m5wn", "authorization_url": "https://checkout.paystack.com/vt1z7ar81y7m5wn"}, "status": true, "message": "Authorization URL created"}	2026-02-11 06:06:49.945+01	0cd3564e-4865-4603-a752-a3f26722682d
2	lo2ke26jmh	paystack	7500.00	f	{"data": {"reference": "lo2ke26jmh", "access_code": "ply3xs5v8xqszbj", "authorization_url": "https://checkout.paystack.com/ply3xs5v8xqszbj"}, "status": true, "message": "Authorization URL created"}	2026-02-11 06:07:55.918+01	0a7d0782-5f22-4faa-b0dc-79a211a42fff
\.


--
-- Data for Name: brillspay_product; Type: TABLE DATA; Schema: public; Owner: postgres
--

COPY public.brillspay_product (id, name, price, stock_quantity, image, description, is_active, created_at, category_id) FROM stdin;
15b0ff0a-4130-4687-9c24-aec80603b065	JSS1 Result Analytics	2500.00	100	products/chemistry.jpg	Advanced performance analytics for JSS1	t	2026-01-31 15:53:24.327+01	1
2d126965-4431-4640-af2a-1ae122ded8b0	SSS1 CBT Exam Access	5000.00	100		Full CBT exam access for SSS1	t	2026-01-31 15:53:24.34+01	4
331fa274-261d-4634-aceb-e6deb24ea921	SSS1 Result Analytics	2500.00	100		Advanced performance analytics for SSS1	t	2026-01-31 15:53:24.342+01	4
4520ea05-8030-450c-945f-63bd08b69b4e	SSS2 CBT Exam Access	5000.00	100		Full CBT exam access for SSS2	t	2026-01-31 15:53:24.344+01	5
4edabe3f-d4f6-48a9-9147-60fcc1ef721b	SSS2 Result Analytics	2500.00	100		Advanced performance analytics for SSS2	t	2026-01-31 15:53:24.347+01	5
65f43ef6-d311-4d6d-ba5f-f330d89062d5	SSS3 CBT Exam Access	5000.00	100		Full CBT exam access for SSS3	t	2026-01-31 15:53:24.35+01	6
8cffbd22-8ae6-4bab-832d-ab7eabc8bd7d	JSS1 CBT Exam Access	5000.00	100		Full CBT exam access for JSS1	t	2026-01-31 15:53:24.325+01	1
974f2b01-10c9-44da-95e7-290409866c67	JSS2 CBT Exam Access	5000.00	100		Full CBT exam access for JSS2	t	2026-01-31 15:53:24.33+01	2
a5c8a3b5-483f-42d1-8a94-14c4c5ddb45b	JSS3 CBT Exam Access	5000.00	100	products/background.jpg	Full CBT exam access for JSS3	t	2026-01-31 15:53:24.335+01	3
b7617a3a-56f4-4321-80c6-49692ce88c98	JSS2 Result Analytics	2500.00	100	products/cbt.jpg	Advanced performance analytics for JSS2	t	2026-01-31 15:53:24.332+01	2
c765cfbe-48f5-4fbc-b2bc-2dfdff48e02a	JSS3 Result Analytics	2500.00	100		Advanced performance analytics for JSS3	t	2026-01-31 15:53:24.337+01	3
ca7dddf7-7ad8-4de7-b93c-0959771ee7a9	SSS3 Result Analytics	2500.00	100	products/about-school_9L6OEUL.png	Advanced performance analytics for SSS3	t	2026-01-31 15:53:24.351+01	6
\.


--
-- Data for Name: brillspay_productcategory; Type: TABLE DATA; Schema: public; Owner: postgres
--

COPY public.brillspay_productcategory (id, class_name, slug, is_active) FROM stdin;
1	JSS1	jss1	t
2	JSS2	jss2	t
3	JSS3	jss3	t
4	SSS1	sss1	t
5	SSS2	sss2	t
6	SSS3	sss3	t
\.


--
-- Data for Name: brillspay_transaction; Type: TABLE DATA; Schema: public; Owner: postgres
--

COPY public.brillspay_transaction (id, gateway_reference, amount, verified, status, payload, created_at, order_id, user_id, ward_id) FROM stdin;
1	\N	7500.00	f	initialized	\N	2026-02-11 06:05:08.637+01	68708e92-4251-426d-9df4-7c5e753016e3	6	20
2	dcvgb0kkyi	2500.00	t	success	{"data": {"id": 5826983975, "log": null, "fees": 13750, "plan": {}, "split": {}, "amount": 250000, "domain": "test", "paidAt": "2026-02-11T05:06:57.000Z", "source": {"type": "api", "source": "merchant_api", "identifier": null, "entry_point": "transaction_initialize"}, "status": "success", "channel": "card", "message": null, "paid_at": "2026-02-11T05:06:57.000Z", "currency": "NGN", "customer": {"id": 328054401, "email": "parent1@mail.com", "phone": null, "metadata": null, "last_name": null, "first_name": null, "risk_action": "default", "customer_code": "CUS_jx6knybp8b8po8z", "international_format_phone": null}, "metadata": {"user_id": "6", "ward_id": "20", "order_id": "0cd3564e-4865-4603-a752-a3f26722682d", "internal_reference": "BP-5168EB0CAC"}, "order_id": null, "reference": "dcvgb0kkyi", "created_at": "2026-02-11T05:06:48.000Z", "fees_split": null, "ip_address": "197.211.63.30", "subaccount": {}, "authorization": {"bin": "408408", "bank": "TEST BANK", "brand": "visa", "last4": "4081", "channel": "card", "exp_year": "2030", "reusable": true, "card_type": "visa ", "exp_month": "12", "signature": "SIG_p06aSZQRKKPOcssk3FvV", "account_name": null, "country_code": "NG", "receiver_bank": null, "authorization_code": "AUTH_f2y0u1mi8n", "receiver_bank_account_number": null}, "fees_breakdown": null, "gateway_response": "Successful", "requested_amount": 250000, "pos_transaction_data": null}, "event": "charge.success"}	2026-02-11 06:06:43.139+01	0cd3564e-4865-4603-a752-a3f26722682d	6	20
3	lo2ke26jmh	7500.00	t	success	{"data": {"id": 5826986022, "log": null, "fees": 21250, "plan": {}, "split": {}, "amount": 750000, "domain": "test", "paidAt": "2026-02-11T05:08:02.000Z", "source": {"type": "api", "source": "merchant_api", "identifier": null, "entry_point": "transaction_initialize"}, "status": "success", "channel": "card", "message": null, "paid_at": "2026-02-11T05:08:02.000Z", "currency": "NGN", "customer": {"id": 328054401, "email": "parent1@mail.com", "phone": null, "metadata": null, "last_name": null, "first_name": null, "risk_action": "default", "customer_code": "CUS_jx6knybp8b8po8z", "international_format_phone": null}, "metadata": {"user_id": "6", "ward_id": "23", "order_id": "0a7d0782-5f22-4faa-b0dc-79a211a42fff", "internal_reference": "BP-97F86FB2F0"}, "order_id": null, "reference": "lo2ke26jmh", "created_at": "2026-02-11T05:07:54.000Z", "fees_split": null, "ip_address": "197.211.63.30", "subaccount": {}, "authorization": {"bin": "408408", "bank": "TEST BANK", "brand": "visa", "last4": "4081", "channel": "card", "exp_year": "2030", "reusable": true, "card_type": "visa ", "exp_month": "12", "signature": "SIG_p06aSZQRKKPOcssk3FvV", "account_name": null, "country_code": "NG", "receiver_bank": null, "authorization_code": "AUTH_nj9mqvuccz", "receiver_bank_account_number": null}, "fees_breakdown": null, "gateway_response": "Successful", "requested_amount": 750000, "pos_transaction_data": null}, "event": "charge.success"}	2026-02-11 06:07:43.48+01	0a7d0782-5f22-4faa-b0dc-79a211a42fff	6	23
4	\N	2500.00	f	initialized	\N	2026-02-12 04:51:49.65+01	22a85176-2b5d-474c-a954-d5893efc0afd	7	12
5	\N	2500.00	f	initialized	\N	2026-02-12 04:54:27.476+01	fe311fae-7137-4893-8e76-13ba123370b2	7	12
6	\N	7500.00	f	initialized	\N	2026-02-12 04:59:12.797+01	535bede6-2ef0-463f-8990-b143cb47daba	7	12
7	\N	15000.00	f	initialized	\N	2026-02-14 07:11:27.744192+01	5219369c-9afd-488f-b7a1-59234760eef7	6	18
\.


--
-- Data for Name: dashboards_attempthistory; Type: TABLE DATA; Schema: public; Owner: postgres
--

COPY public.dashboards_attempthistory (id, attempt_number, score, total_marks, percentage, status, time_taken, submitted_at, can_retake, retake_available_from, attempt_id, exam_id, student_id) FROM stdin;
\.


--
-- Data for Name: dashboards_bulkexportjob; Type: TABLE DATA; Schema: public; Owner: postgres
--

COPY public.dashboards_bulkexportjob (id, export_type, status, file_format, export_file, created_at, completed_at, exam_id, exported_by_id) FROM stdin;
\.


--
-- Data for Name: dashboards_bulkimportjob; Type: TABLE DATA; Schema: public; Owner: postgres
--

COPY public.dashboards_bulkimportjob (id, import_type, csv_file, status, total_rows, successful_rows, failed_rows, error_log, started_at, completed_at, created_at, created_by_id) FROM stdin;
1	questions	bulk_imports/test_questions.xlsx	completed	1	1	0		2026-02-04 06:40:47.271+01	2026-02-04 06:40:47.356+01	2026-02-04 06:40:47.277+01	1
2	questions	bulk_imports/test_questions.docx	completed	1	1	0		2026-02-04 06:40:47.519+01	2026-02-04 06:40:47.624+01	2026-02-04 06:40:47.523+01	1
3	questions	bulk_imports/question_template.xlsx	completed	1	1	0		2026-02-04 07:17:25.179+01	2026-02-04 07:17:25.319+01	2026-02-04 07:17:25.187+01	1
4	questions	bulk_imports/test_questions.csv	failed	1	0	1	No data found in file	2026-02-04 07:51:38.89+01	2026-02-04 07:51:38.911+01	2026-02-04 07:51:38.892+01	1
5	questions	bulk_imports/test_questions_20dLOrN.csv	completed	2	2	0		2026-02-04 07:52:14.65+01	2026-02-04 07:52:14.716+01	2026-02-04 07:52:14.655+01	1
6	questions	bulk_imports/question_template_3.xlsx	completed	1	1	0		2026-02-04 07:57:02.741+01	2026-02-04 07:57:02.838+01	2026-02-04 07:57:02.747+01	1
7	questions	bulk_imports/question_template_3_kaZyGNn.xlsx	completed	1	1	0		2026-02-04 08:10:20.081+01	2026-02-04 08:10:20.611+01	2026-02-04 08:10:20.084+01	1
8	questions	bulk_imports/question_template_4.xlsx	failed	1	0	1	Row 1: Subject 'Yoruba' not found	2026-02-07 22:05:30.512+01	2026-02-07 22:05:30.591+01	2026-02-07 22:05:30.525+01	1
\.


--
-- Data for Name: dashboards_certificate; Type: TABLE DATA; Schema: public; Owner: postgres
--

COPY public.dashboards_certificate (id, certificate_number, score, total_marks, percentage, grade, issued_at, pdf_file, is_digitally_verified, verification_code, attempt_id, exam_id, student_id) FROM stdin;
\.


--
-- Data for Name: dashboards_certificatetemplate; Type: TABLE DATA; Schema: public; Owner: postgres
--

COPY public.dashboards_certificatetemplate (id, name, school, logo, background, text_color, font_family, custom_message, is_default, created_at, created_by_id) FROM stdin;
1	Default	School of Excellence			#333333	Arial		t	2026-02-09 12:01:30.431+01	\N
\.


--
-- Data for Name: dashboards_chatroom; Type: TABLE DATA; Schema: public; Owner: postgres
--

COPY public.dashboards_chatroom (id, name, created_at, created_by_id, room_type) FROM stdin;
1	Staff Conference	2026-02-05 07:50:46.418+01	1	GROUP
2	State of Affair	2026-02-05 08:05:19.017+01	1	GROUP
3	State of Affairs	2026-02-06 22:51:50.906+01	1	GROUP
4	class ordering	2026-02-06 23:40:09.328+01	1	GROUP
5	party	2026-02-06 23:45:30.006+01	1	CONFERENCE
\.


--
-- Data for Name: dashboards_chatroom_participants; Type: TABLE DATA; Schema: public; Owner: postgres
--

COPY public.dashboards_chatroom_participants (id, chatroom_id, user_id) FROM stdin;
1	1	1
2	1	2
3	1	3
4	2	1
5	2	2
6	2	3
7	3	1
8	4	1
9	4	3
10	5	1
11	5	3
\.


--
-- Data for Name: dashboards_chatroommessage; Type: TABLE DATA; Schema: public; Owner: postgres
--

COPY public.dashboards_chatroommessage (id, message, created_at, room_id, sender_id, attachment) FROM stdin;
1	hi	2026-02-05 08:13:16.73+01	2	1	
2	hello	2026-02-06 23:41:02.408+01	4	1	
3		2026-02-06 23:45:57.571+01	5	1	room_attachments/about-school.png
4	fhgfh	2026-02-07 01:27:05.28+01	5	1	
\.


--
-- Data for Name: dashboards_chatroomreadstatus; Type: TABLE DATA; Schema: public; Owner: postgres
--

COPY public.dashboards_chatroomreadstatus (id, last_read_at, room_id, user_id) FROM stdin;
1	2026-02-06 23:47:10.886+01	2	1
2	2026-02-07 00:36:21.854+01	4	1
3	2026-02-07 01:27:05.304+01	5	1
4	2026-02-08 23:14:13.366+01	1	1
6	2026-02-09 15:28:43.222+01	2	3
7	2026-02-09 15:28:35.501+01	4	3
8	2026-02-09 15:28:37.223+01	5	3
5	2026-02-13 20:14:14.565597+01	3	1
\.


--
-- Data for Name: dashboards_examanalytics; Type: TABLE DATA; Schema: public; Owner: postgres
--

COPY public.dashboards_examanalytics (id, total_attempts, total_passed, average_score, highest_score, lowest_score, average_time_taken, pass_rate, last_updated, exam_id) FROM stdin;
4	1	0	4	4	4	0	0	2026-02-09 15:40:35.094+01	48
5	1	0	12	12	12	71	0	2026-02-11 13:45:35.385+01	50
\.


--
-- Data for Name: dashboards_examschedule; Type: TABLE DATA; Schema: public; Owner: postgres
--

COPY public.dashboards_examschedule (id, scheduled_date, auto_open, auto_close, close_at, auto_submit_at_time, notify_before_minutes, created_at, exam_id) FROM stdin;
\.


--
-- Data for Name: dashboards_gradingrubric; Type: TABLE DATA; Schema: public; Owner: postgres
--

COPY public.dashboards_gradingrubric (id, name, description, total_points, is_published, created_at, created_by_id, exam_id) FROM stdin;
\.


--
-- Data for Name: dashboards_notification; Type: TABLE DATA; Schema: public; Owner: postgres
--

COPY public.dashboards_notification (id, title, message, category, is_read, created_at, recipient_id, related_exam_id) FROM stdin;
1	Broadcast: Texbook purchase	Books are available, come and buy	info	f	2026-02-05 08:25:44.3+01	4	\N
2	Broadcast: Texbook purchase	Books are available, come and buy	info	f	2026-02-05 08:25:44.3+01	6	\N
3	Broadcast: Texbook purchase	Books are available, come and buy	info	f	2026-02-05 08:25:44.3+01	7	\N
4	Broadcast: Texbook purchase	Books are available, come and buy	info	f	2026-02-05 08:25:44.3+01	8	\N
5	Broadcast: hello	how are you\r\n	info	f	2026-02-05 08:27:05.743+01	6	\N
\.


--
-- Data for Name: dashboards_permission; Type: TABLE DATA; Schema: public; Owner: postgres
--

COPY public.dashboards_permission (id, code, name, description, category) FROM stdin;
\.


--
-- Data for Name: dashboards_questionbank; Type: TABLE DATA; Schema: public; Owner: postgres
--

COPY public.dashboards_questionbank (id, text, question_type, marks, difficulty, explanation, image, is_published, usage_count, created_at, updated_at, created_by_id, category_id, school_class_id, subject_id) FROM stdin;
1	Who is Nigeria President	objective	1	easy			t	0	2026-02-01 16:14:39.254+01	2026-02-01 16:14:39.254+01	1	\N	\N	\N
2	Who is Nigeria President	objective	1	easy			t	0	2026-02-01 16:17:38.172+01	2026-02-01 16:19:06.674+01	1	\N	\N	\N
3	Excel Test Question	objective	5	hard			t	0	2026-02-04 06:40:47.307+01	2026-02-04 06:40:47.307+01	1	\N	\N	\N
4	Word Test Question	objective	5	medium			t	0	2026-02-04 06:40:47.573+01	2026-02-04 06:40:47.573+01	1	\N	\N	\N
5	Who is Nigeria President	objective	1	medium			t	0	2026-02-04 07:17:25.228+01	2026-02-04 07:17:25.228+01	1	\N	\N	\N
6	Test Q1 Verification	objective	1	medium			t	0	2026-02-04 07:52:14.677+01	2026-02-04 07:52:14.677+01	1	\N	14	11
7	Test Q2 Verification	subjective	5	medium			t	0	2026-02-04 07:52:14.699+01	2026-02-04 07:52:14.699+01	1	\N	14	11
8	What's 5+6	objective	1	medium			t	0	2026-02-04 07:57:02.787+01	2026-02-04 07:57:02.787+01	1	\N	9	1
9	What's 5+6	objective	1	medium			t	0	2026-02-04 08:10:20.55+01	2026-02-04 08:10:20.55+01	1	\N	9	1
\.


--
-- Data for Name: dashboards_questionbank_tags; Type: TABLE DATA; Schema: public; Owner: postgres
--

COPY public.dashboards_questionbank_tags (id, questionbank_id, questiontag_id) FROM stdin;
\.


--
-- Data for Name: dashboards_questioncategory; Type: TABLE DATA; Schema: public; Owner: postgres
--

COPY public.dashboards_questioncategory (id, name, description, color, created_at, created_by_id) FROM stdin;
\.


--
-- Data for Name: dashboards_questionchoice; Type: TABLE DATA; Schema: public; Owner: postgres
--

COPY public.dashboards_questionchoice (id, text, is_correct, "order", question_id) FROM stdin;
1	Buhari	f	0	1
2	Chisom	f	1	1
3	Jonathan	f	2	1
4	Tinubu	t	3	1
17	Buhari	f	0	2
18	Chisom	f	1	2
19	Jonathan	f	2	2
20	Tinubu	t	3	2
21	Option A	f	1	3
22	Option B	t	2	3
23	Option X	t	1	4
24	Option Y	f	2	4
25	Obasanjo	f	1	5
26	Tinubu	t	2	5
27	Abacha	f	3	5
28	Buhari	f	4	5
29	13	f	1	8
30	11	t	2	8
31	13	f	1	9
32	11	t	2	9
\.


--
-- Data for Name: dashboards_questiontag; Type: TABLE DATA; Schema: public; Owner: postgres
--

COPY public.dashboards_questiontag (id, name, created_at) FROM stdin;
\.


--
-- Data for Name: dashboards_role; Type: TABLE DATA; Schema: public; Owner: postgres
--

COPY public.dashboards_role (id, name, role_type, description, is_active, created_at, created_by_id) FROM stdin;
\.


--
-- Data for Name: dashboards_rolepermission; Type: TABLE DATA; Schema: public; Owner: postgres
--

COPY public.dashboards_rolepermission (id, permission_id, role_id) FROM stdin;
\.


--
-- Data for Name: dashboards_rubriccriteria; Type: TABLE DATA; Schema: public; Owner: postgres
--

COPY public.dashboards_rubriccriteria (id, name, description, max_points, "order", rubric_id) FROM stdin;
\.


--
-- Data for Name: dashboards_rubriccriteriagrade; Type: TABLE DATA; Schema: public; Owner: postgres
--

COPY public.dashboards_rubriccriteriagrade (id, points_awarded, comment, criteria_id, rubric_grade_id, selected_score_id) FROM stdin;
\.


--
-- Data for Name: dashboards_rubricgrade; Type: TABLE DATA; Schema: public; Owner: postgres
--

COPY public.dashboards_rubricgrade (id, total_score, feedback, graded_at, attempt_id, graded_by_id, rubric_id) FROM stdin;
\.


--
-- Data for Name: dashboards_rubricscore; Type: TABLE DATA; Schema: public; Owner: postgres
--

COPY public.dashboards_rubricscore (id, level, points, description, criteria_id) FROM stdin;
\.


--
-- Data for Name: dashboards_schedulednotification; Type: TABLE DATA; Schema: public; Owner: postgres
--

COPY public.dashboards_schedulednotification (id, notification_sent_at, was_successful, exam_id, student_id) FROM stdin;
\.


--
-- Data for Name: dashboards_studentperformance; Type: TABLE DATA; Schema: public; Owner: postgres
--

COPY public.dashboards_studentperformance (id, attempt_number, score, total_marks, percentage, time_taken, status, attempted_at, exam_id, student_id) FROM stdin;
\.


--
-- Data for Name: dashboards_userrole; Type: TABLE DATA; Schema: public; Owner: postgres
--

COPY public.dashboards_userrole (id, assigned_at, expires_at, assigned_by_id, role_id, user_id) FROM stdin;
\.


--
-- Data for Name: django_admin_log; Type: TABLE DATA; Schema: public; Owner: postgres
--

COPY public.django_admin_log (id, action_time, object_id, object_repr, action_flag, change_message, content_type_id, user_id) FROM stdin;
1	2026-01-31 15:48:54.928+01	1	idrees - Admin	2	[{"changed": {"fields": ["First name", "Last name", "Role"]}}]	24	1
2	2026-01-31 15:54:45.406+01	1	idrees - Admin	2	[{"changed": {"fields": ["Email address", "Is approved"]}}]	24	1
3	2026-01-31 15:56:38.276+01	2	admin - Admin	2	[{"changed": {"fields": ["Role", "Last login"]}}]	24	1
4	2026-01-31 15:57:40.428+01	3	teacher1 - Teacher	2	[{"changed": {"fields": ["First name", "Last name", "Phone number", "Address", "Role", "Student class", "Last login"]}}]	24	1
5	2026-01-31 15:58:23.651+01	4	teacher2 - Parent	2	[{"changed": {"fields": ["First name", "Last name", "Phone number", "Address", "Student class", "Last login"]}}]	24	1
6	2026-01-31 16:00:59.11+01	20	student10 - Student	2	[{"changed": {"fields": ["First name", "Last name", "Phone number", "Address", "Role", "Student class", "Parent/Guardian", "Last login"]}}]	24	1
7	2026-01-31 16:02:05.129+01	19	student9 - Student	2	[{"changed": {"fields": ["First name", "Last name", "Phone number", "Address", "Role", "Student class", "Parent/Guardian", "Last login"]}}]	24	1
8	2026-01-31 16:02:59.346+01	18	student8 - Student	2	[{"changed": {"fields": ["First name", "Last name", "Phone number", "Address", "Role", "Parent/Guardian", "Last login"]}}]	24	1
9	2026-01-31 16:20:55.189+01	20	student10 - Student	2	[]	24	1
10	2026-01-31 19:54:27.83+01	1	JSS1	2	[{"changed": {"fields": ["Level", "Academic year", "Teacher", "Assistant teacher"]}}]	16	1
11	2026-02-01 16:02:51.872+01	21	tola - Student	2	[{"changed": {"fields": ["Username", "Phone number", "Address", "Role", "Student class", "Parent/Guardian", "Is active", "Is approved", "Last login"]}}]	24	1
12	2026-02-01 16:03:45.996+01	22	jade - Student	2	[{"changed": {"fields": ["Phone number", "Address", "Role", "Student class", "Parent/Guardian", "Is active", "Is approved", "Last login"]}}]	24	1
13	2026-02-01 16:04:32.521+01	23	jane - Student	2	[{"changed": {"fields": ["Role", "Parent/Guardian", "Is approved", "Last login"]}}]	24	1
14	2026-02-01 16:38:19.453+01	23	jane - Student	2	[{"changed": {"fields": ["password"]}}]	24	1
15	2026-02-01 16:38:21.578+01	23	jane - Student	2	[{"changed": {"fields": ["password"]}}]	24	1
16	2026-02-01 16:38:22.498+01	23	jane - Student	2	[{"changed": {"fields": ["password"]}}]	24	1
17	2026-02-01 16:38:23.34+01	23	jane - Student	2	[{"changed": {"fields": ["password"]}}]	24	1
18	2026-02-01 17:04:18.518+01	18	student8 - Student	2	[{"changed": {"fields": ["password"]}}]	24	1
19	2026-02-01 17:37:11.61+01	12	student2 - Parent	2	[{"changed": {"fields": ["password"]}}]	24	1
20	2026-02-01 17:37:55.678+01	12	bola - Parent	2	[{"changed": {"fields": ["Username", "Last login"]}}]	24	1
21	2026-02-01 17:38:27.272+01	18	sola - Student	2	[{"changed": {"fields": ["Username"]}}]	24	1
22	2026-02-01 17:40:04.446+01	12	bola - Student	2	[{"changed": {"fields": ["Role"]}}]	24	1
23	2026-02-01 18:02:04.008+01	2	First Term English Language	3		9	1
24	2026-02-04 16:54:39.729+01	6	parent1 - Parent	2	[{"changed": {"fields": ["password"]}}]	24	1
25	2026-02-04 16:55:04.631+01	6	parent1 - Parent	2	[{"changed": {"fields": ["First name", "Last name", "Phone number", "Address", "Last login"]}}]	24	1
26	2026-02-04 16:55:26.489+01	7	parent2 - Parent	2	[{"changed": {"fields": ["password"]}}]	24	1
27	2026-02-04 17:58:58.815+01	23	jane - Student	2	[]	24	1
28	2026-02-10 21:23:26.337+01	4	teacher2 - Parent	2	[{"changed": {"fields": ["password"]}}]	24	1
29	2026-02-10 21:24:28.233+01	4	teacher2 - Teacher	2	[{"changed": {"fields": ["Role", "Student class"]}}]	24	1
30	2026-02-10 21:25:01.808+01	5	teacher3 - Parent	2	[{"changed": {"fields": ["password"]}}]	24	1
31	2026-02-10 21:26:03.206+01	5	teacher3 - Teacher	2	[{"changed": {"fields": ["First name", "Last name", "Phone number", "Address", "Role", "Student class", "Last login"]}}]	24	1
32	2026-02-10 21:27:15.6+01	18	sola - Student	2	[{"changed": {"fields": ["Student class"]}}]	24	1
33	2026-02-11 05:51:53.85+01	6	parent1 - Parent	2	[{"changed": {"fields": ["password"]}}]	24	1
34	2026-02-11 05:52:16.871+01	6	parent1 - Parent	2	[]	24	1
35	2026-02-11 05:54:11.299+01	6	baba - Parent	2	[{"changed": {"fields": ["Username"]}}]	24	1
\.


--
-- Data for Name: django_content_type; Type: TABLE DATA; Schema: public; Owner: postgres
--

COPY public.django_content_type (id, app_label, model) FROM stdin;
1	admin	logentry
2	auth	group
3	auth	permission
4	contenttypes	contenttype
5	sessions	session
6	exams	broadcast
7	exams	chatmessage
8	exams	choice
9	exams	exam
10	exams	examaccess
11	exams	examattempt
12	exams	notification
13	exams	ptarequest
14	exams	question
15	exams	retakerequest
16	exams	schoolclass
17	exams	studentanswer
18	exams	subject
19	exams	subjectivemark
20	exams	systemlog
21	accounts	parent
22	accounts	student
23	accounts	teacher
24	accounts	user
25	brillspay	brillspaylog
26	brillspay	cart
27	brillspay	cartitem
28	brillspay	order
29	brillspay	orderitem
30	brillspay	paymenttransaction
31	brillspay	product
32	brillspay	productcategory
33	brillspay	transaction
34	pickup	pickupauthorization
35	pickup	pickupstudent
36	pickup	pickupverificationlog
37	payroll	auditlog
38	payroll	bankaccount
39	payroll	payee
40	payroll	payeesalarystructure
41	payroll	paymentbatch
42	payroll	paymenttransaction
43	payroll	payrolllineitem
44	payroll	payrollperiod
45	payroll	payrollrecord
46	payroll	salarycomponent
47	payroll	salarystructure
48	payroll	salarystructureitem
49	payroll	schoolsettings
50	loans	loanapplication
51	loans	loanrepayment
52	leaves	leaverequest
53	leaves	leavetype
54	dashboards	attempthistory
55	dashboards	bulkexportjob
56	dashboards	bulkimportjob
57	dashboards	certificate
58	dashboards	certificatetemplate
59	dashboards	chatroom
60	dashboards	chatroommessage
61	dashboards	chatroomreadstatus
62	dashboards	examanalytics
63	dashboards	examschedule
64	dashboards	gradingrubric
65	dashboards	notification
66	dashboards	permission
67	dashboards	questionbank
68	dashboards	questioncategory
69	dashboards	questionchoice
70	dashboards	questiontag
71	dashboards	role
72	dashboards	rolepermission
73	dashboards	rubriccriteria
74	dashboards	rubriccriteriagrade
75	dashboards	rubricgrade
76	dashboards	rubricscore
77	dashboards	schedulednotification
78	dashboards	studentperformance
79	dashboards	userrole
\.


--
-- Data for Name: django_migrations; Type: TABLE DATA; Schema: public; Owner: postgres
--

COPY public.django_migrations (id, app, name, applied) FROM stdin;
1	contenttypes	0001_initial	2026-02-13 14:38:55.032385+01
2	contenttypes	0002_remove_content_type_name	2026-02-13 14:38:55.04501+01
3	auth	0001_initial	2026-02-13 14:38:55.169353+01
4	auth	0002_alter_permission_name_max_length	2026-02-13 14:38:55.178449+01
5	auth	0003_alter_user_email_max_length	2026-02-13 14:38:55.186303+01
6	auth	0004_alter_user_username_opts	2026-02-13 14:38:55.196421+01
7	auth	0005_alter_user_last_login_null	2026-02-13 14:38:55.202496+01
8	auth	0006_require_contenttypes_0002	2026-02-13 14:38:55.204527+01
9	auth	0007_alter_validators_add_error_messages	2026-02-13 14:38:55.215857+01
10	auth	0008_alter_user_username_max_length	2026-02-13 14:38:55.22415+01
11	auth	0009_alter_user_last_name_max_length	2026-02-13 14:38:55.231749+01
12	auth	0010_alter_group_name_max_length	2026-02-13 14:38:55.244339+01
13	auth	0011_update_proxy_permissions	2026-02-13 14:38:55.251265+01
14	auth	0012_alter_user_first_name_max_length	2026-02-13 14:38:55.260656+01
15	accounts	0001_initial	2026-02-13 14:38:55.402173+01
16	exams	0001_initial	2026-02-13 14:38:56.34479+01
17	accounts	0002_initial	2026-02-13 14:38:56.453959+01
18	admin	0001_initial	2026-02-13 14:38:56.519629+01
19	admin	0002_logentry_remove_auto_add	2026-02-13 14:38:56.549021+01
20	admin	0003_logentry_add_action_flag_choices	2026-02-13 14:38:56.582328+01
21	brillspay	0001_initial	2026-02-13 14:38:57.161642+01
22	brillspay	0002_orderitem_product	2026-02-13 14:38:57.219628+01
23	exams	0002_alter_exam_school_class	2026-02-13 14:38:57.267988+01
24	dashboards	0001_initial	2026-02-13 14:38:59.585559+01
25	dashboards	0002_questionbank_school_class_questionbank_subject	2026-02-13 14:38:59.734807+01
26	dashboards	0003_chatroom_chatroommessage	2026-02-13 14:39:00.058484+01
27	dashboards	0004_chatroommessage_attachment	2026-02-13 14:39:00.122157+01
28	dashboards	0005_chatroom_room_type	2026-02-13 14:39:00.189257+01
29	dashboards	0006_chatroomreadstatus	2026-02-13 14:39:00.307897+01
30	exams	0003_broadcast_recipients_broadcast_target_role	2026-02-13 14:39:00.484816+01
31	exams	0004_chatmessage_attachment	2026-02-13 14:39:00.552907+01
32	payroll	0001_initial	2026-02-13 14:39:01.606207+01
33	payroll	0002_remove_payee_address_remove_payee_date_of_employment_and_more	2026-02-13 14:39:01.853406+01
34	payroll	0003_salarycomponent_tax_rate	2026-02-13 14:39:01.861452+01
35	payroll	0004_remove_salarycomponent_is_taxable_and_more	2026-02-13 14:39:01.887139+01
36	leaves	0001_initial	2026-02-13 14:39:02.040047+01
37	loans	0001_initial	2026-02-13 14:39:02.376888+01
38	payroll	0005_payrollrecord_is_processed_and_more	2026-02-13 14:39:02.424463+01
39	pickup	0001_initial	2026-02-13 14:39:02.782162+01
40	sessions	0001_initial	2026-02-13 14:39:02.8151+01
\.


--
-- Data for Name: django_session; Type: TABLE DATA; Schema: public; Owner: postgres
--

COPY public.django_session (session_key, session_data, expire_date) FROM stdin;
na8r1iuh7nn7d8kwjz2pik1qr5egby14	.eJxVjDsOwjAQBe_iGlnxyo6zlPScwXrrDw6gRIqTCnF3iJQC2jcz76UCtrWGreUljEmdlVGn300QH3naQbpjus06ztO6jKJ3RR-06euc8vNyuH8HFa1-ay_WAD6id1wKOfGRI4CSDPLgyAp76pJYggw9kyFnSWznGczkod4fAXM3-w:1vrZBd:tMAJHMur1No-ntvTUnHEq82-KMkSjzqF5Ae71-9tUYk	2026-03-01 11:17:09.009647+01
2fk5d2lbdvuqt9vkuzfs9k55hnvwnyzn	.eJxVjMsOwiAQRf-FtSEdKMK4dN9vIDNlkKqBpI-V8d-1SRe6veec-1KRtrXEbZE5TkldVFCn341pfEjdQbpTvTU9trrOE-td0Qdd9NCSPK-H-3dQaCnfuiMGgmBDh6YTA-TZeJfEUuoBz5YzejAZe2cheyEPGRjsSOi4l4zq_QHPLDeb:1vt2ZF:pMJUBOGcMSJXL9SVMM1OXWo8pzsIRjGPtF0Kz2rnFGQ	2026-03-05 12:51:37.198347+01
\.


--
-- Data for Name: exams_broadcast; Type: TABLE DATA; Schema: public; Owner: postgres
--

COPY public.exams_broadcast (id, title, message, created_at, sender_id, target_class_id, target_role) FROM stdin;
1	School Fees	Pay yourschool fee	2026-02-04 18:54:41.803+01	1	11	
2	Texbook purchase	Books are available, come and buy	2026-02-05 08:19:09.935+01	1	\N	parents
3	Texbook purchase	Books are available, come and buy	2026-02-05 08:25:44.227+01	1	\N	parents
4	hello	how are you\r\n	2026-02-05 08:27:05.671+01	1	2	parents
5	Read your books	Read your books	2026-02-09 15:14:07.761+01	1	\N	students
6	Punctuality	Come to school early	2026-02-09 15:14:50.816+01	1	\N	students
\.


--
-- Data for Name: exams_broadcast_recipients; Type: TABLE DATA; Schema: public; Owner: postgres
--

COPY public.exams_broadcast_recipients (id, broadcast_id, user_id) FROM stdin;
1	2	8
2	2	4
3	2	6
4	2	7
5	3	8
6	3	4
7	3	6
8	3	7
9	4	6
\.


--
-- Data for Name: exams_chatmessage; Type: TABLE DATA; Schema: public; Owner: postgres
--

COPY public.exams_chatmessage (id, message, is_read, created_at, recipient_id, sender_id, attachment) FROM stdin;
1	Hi 	t	2026-01-31 17:55:41.575+01	3	1	
16	hello sir	f	2026-02-09 15:30:50.022+01	2	3	
17		f	2026-02-09 15:31:01.336+01	2	3	chat_attachments/CERT-F6CE28837F0A-20260209_16.pdf
\.


--
-- Data for Name: exams_choice; Type: TABLE DATA; Schema: public; Owner: postgres
--

COPY public.exams_choice (id, text, is_correct, question_id) FROM stdin;
328	my_variable	f	142
329	_variable	f	142
330	2variable	t	142
331	variable2	f	142
332	O(n)	f	143
333	O(log n)	t	143
334	O(n^2)	f	143
335	O(1)	f	143
336	Queue	f	144
337	Stack	t	144
338	Tree	f	144
339	Linked List	f	144
340	Hyper Text Markup Language	t	145
341	High Tech Modern Language	f	145
342	Hyper Transfer Mark Language	f	145
343	Home Tool Markup Language	f	145
344	1943	f	146
345	1944	f	146
346	1945	t	146
347	1946	f	146
348	Yuri Gagarin	f	147
349	Neil Armstrong	t	147
350	Buzz Aldrin	f	147
351	Michael Collins	f	147
352	Joule	f	150
353	Newton	t	150
354	Watt	f	150
355	Pascal	f	150
356	Mass x Velocity	f	151
357	Mass x Acceleration	t	151
358	Mass / Acceleration	f	151
359	Acceleration / Mass	f	151
360	5	t	154
361	4	f	154
362	45	f	154
363	32	f	154
364	0	f	155
365	1	f	155
366	2	t	155
367	3	f	155
368	34	f	156
369	43	f	156
370	12	t	156
371	1	f	156
\.


--
-- Data for Name: exams_exam; Type: TABLE DATA; Schema: public; Owner: postgres
--

COPY public.exams_exam (id, title, duration, start_time, end_time, is_active, created_at, is_published, allow_retake, requires_payment, price, passing_marks, created_by_id, school_class_id) FROM stdin;
47	Computer Science Fundamentals	60	2026-02-04 13:36:03.68+01	2026-03-11 13:36:03.68+01	t	2026-02-09 13:36:03.68+01	t	t	f	0	50	3	11
48	World History: 20th Century	90	2026-02-07 13:36:04.042+01	2026-03-11 13:36:04.042+01	t	2026-02-09 13:36:04.043+01	t	f	f	0	40	3	11
49	Advanced Physics: Mechanics	120	2026-01-30 13:36:04.263+01	2026-03-11 13:36:04.263+01	t	2026-02-09 13:36:04.264+01	t	f	f	0	60	3	11
50	First Term Exam Math	5	2026-02-09 15:49:00+01	2026-02-28 15:49:00+01	t	2026-02-09 15:52:44.323+01	t	t	f	0	40	3	3
\.


--
-- Data for Name: exams_examaccess; Type: TABLE DATA; Schema: public; Owner: postgres
--

COPY public.exams_examaccess (id, reason, via_payment, granted_at, exam_id, granted_by_id, student_id) FROM stdin;
1	Special access granted for testing	f	2026-02-09 16:53:23.505+01	50	\N	12
\.


--
-- Data for Name: exams_examattempt; Type: TABLE DATA; Schema: public; Owner: postgres
--

COPY public.exams_examattempt (id, score, status, verification_token, is_submitted, retake_allowed, question_order, remaining_seconds, interruption_reason, started_at, last_activity_at, completed_at, exam_id, student_id) FROM stdin;
20	12	archived	b44acb49-efc6-4e06-b701-bb9b1500485f	f	f	[]	300		2026-02-19 12:39:57.539459+01	2026-02-19 12:40:23.896313+01	2026-02-19 12:40:23.854265+01	50	22
21	12	submitted	d876694c-de69-463b-ba0d-842bb2e3a1eb	f	f	[]	300		2026-02-19 12:45:27.407927+01	2026-02-19 12:45:49.285674+01	2026-02-19 12:45:49.244048+01	50	22
\.


--
-- Data for Name: exams_notification; Type: TABLE DATA; Schema: public; Owner: postgres
--

COPY public.exams_notification (id, title, message, is_read, created_at, related_exam, recipient_id, sender_id) FROM stdin;
29	Broadcast: Read your books	Read your books	t	2026-02-09 15:14:07.829+01	\N	12	1
30	Broadcast: Read your books	Read your books	t	2026-02-09 15:14:07.829+01	\N	18	1
31	Broadcast: Read your books	Read your books	t	2026-02-09 15:14:07.829+01	\N	19	1
32	Broadcast: Read your books	Read your books	t	2026-02-09 15:14:07.829+01	\N	20	1
33	Broadcast: Read your books	Read your books	t	2026-02-09 15:14:07.829+01	\N	21	1
36	Broadcast: Punctuality	Come to school early	t	2026-02-09 15:14:50.881+01	\N	12	1
37	Broadcast: Punctuality	Come to school early	t	2026-02-09 15:14:50.881+01	\N	18	1
38	Broadcast: Punctuality	Come to school early	t	2026-02-09 15:14:50.881+01	\N	19	1
39	Broadcast: Punctuality	Come to school early	t	2026-02-09 15:14:50.881+01	\N	20	1
40	Broadcast: Punctuality	Come to school early	t	2026-02-09 15:14:50.881+01	\N	21	1
47	Exam Graded	Your answer to "Analyze the primary causes of the Cold War. Discus..." has been graded (10/10 marks)	f	2026-02-11 12:37:13.87+01	48	12	3
48	Exam Graded	Your answer to "Describe the impact of the Industrial Revolution o..." has been graded (10/10 marks)	f	2026-02-11 12:37:52.393+01	48	12	3
49	Exam Graded	Your answer to "Analyze the primary causes of the Cold War. Discus..." has been graded (10/10 marks)	f	2026-02-11 12:43:21.774+01	48	12	3
50	Exam Graded	Your answer to "Describe the impact of the Industrial Revolution o..." has been graded (10/10 marks)	f	2026-02-11 12:43:37.531+01	48	12	3
51	Exam Graded	Your answer to "Analyze the primary causes of the Cold War. Discus..." has been graded (10/10 marks)	f	2026-02-12 03:40:17.007+01	48	12	3
52	Exam Graded	Your answer to "Describe the impact of the Industrial Revolution o..." has been graded (10/10 marks)	f	2026-02-12 03:40:23.797+01	48	12	3
53	exam_started	Oladimeji Ademola started exam: First Term Exam Math	f	2026-02-19 12:39:57.569262+01	50	3	22
54	Exam Submitted	Oladimeji Ademola submitted exam: First Term Exam Math	f	2026-02-19 12:40:23.90659+01	50	3	22
56	exam_started	Oladimeji Ademola started exam: First Term Exam Math	f	2026-02-19 12:45:27.415624+01	50	3	22
57	Exam Submitted	Oladimeji Ademola submitted exam: First Term Exam Math	f	2026-02-19 12:45:49.295267+01	50	3	22
\.


--
-- Data for Name: exams_ptarequest; Type: TABLE DATA; Schema: public; Owner: postgres
--

COPY public.exams_ptarequest (id, request_type, title, message, status, scheduled_time, created_at, updated_at, parent_id, recipient_id) FROM stdin;
\.


--
-- Data for Name: exams_question; Type: TABLE DATA; Schema: public; Owner: postgres
--

COPY public.exams_question (id, text, type, marks, "order", exam_id) FROM stdin;
142	Which of the following is NOT a valid variable name in Python?	objective	5	1	47
143	What is the time complexity of binary search?	objective	5	2	47
144	Which data structure uses LIFO (Last In First Out) principle?	objective	5	3	47
145	What does HTML stand for?	objective	5	4	47
146	In which year did World War II end?	objective	2	1	48
147	Who was the first person to walk on the moon?	objective	2	2	48
148	Analyze the primary causes of the Cold War. Discuss at least two major factors.	subjective	10	3	48
149	Describe the impact of the Industrial Revolution on urban life.	subjective	10	4	48
150	What is the unit of Force in the SI system?	objective	2	1	49
151	According to Newton's Second Law, Force equals:	objective	2	2	49
152	Explain the concept of Conservation of Energy with a real-world example.	subjective	15	3	49
153	Derive the equation for the period of a simple pendulum.	subjective	15	4	49
154	what is 2+3	objective	10	1	50
155	what is 4-2	objective	1	2	50
156	wat is 3*4	objective	1	3	50
\.


--
-- Data for Name: exams_retakerequest; Type: TABLE DATA; Schema: public; Owner: postgres
--

COPY public.exams_retakerequest (id, reason, status, created_at, updated_at, exam_id, reviewed_by_id, student_id) FROM stdin;
3	\N	approved	2026-02-09 16:12:52.243+01	2026-02-09 16:58:46.453+01	50	1	22
4	no issue, just flexing\r\n	approved	2026-02-19 12:42:00.002364+01	2026-02-19 12:44:11.051202+01	50	1	22
\.


--
-- Data for Name: exams_schoolclass; Type: TABLE DATA; Schema: public; Owner: postgres
--

COPY public.exams_schoolclass (id, name, level, academic_year, description, is_active, created_at, assistant_teacher_id, teacher_id) FROM stdin;
1	JSS1	junior_secondary	2025/2026		t	2026-01-31 15:52:47.594+01	3	3
2	JSS2	Kindergarten			t	2026-01-31 15:52:47.612+01	\N	\N
3	JSS3	Kindergarten			t	2026-01-31 15:52:47.632+01	\N	\N
4	SSS1	Kindergarten			t	2026-01-31 15:52:47.652+01	\N	\N
5	SSS2	Kindergarten			t	2026-01-31 15:52:47.669+01	\N	\N
6	SSS3	Kindergarten			t	2026-01-31 15:52:47.687+01	\N	\N
9	PRIMARY 1	primary	2025/2026		t	2026-02-01 12:46:10.606+01	3	3
10	PRIMARY 3	primary	2025/2026		t	2026-02-01 15:03:47.856+01	3	3
11	JSS 1	junior_secondary	2023/2024		t	2026-02-04 02:11:34.594+01	\N	1
12	JSS 2	junior_secondary	2023/2024		t	2026-02-04 02:11:34.611+01	\N	1
13	SSS 1	senior_secondary	2023/2024		t	2026-02-04 02:11:34.63+01	\N	1
14	Primary 1 Verification	Kindergarten			t	2026-02-04 07:51:38.849+01	\N	\N
\.


--
-- Data for Name: exams_studentanswer; Type: TABLE DATA; Schema: public; Owner: postgres
--

COPY public.exams_studentanswer (id, answer_text, attempt_id, question_id, selected_choice_id) FROM stdin;
46		20	154	360
47		20	155	366
48		20	156	370
49		21	154	360
50		21	156	370
51		21	155	366
\.


--
-- Data for Name: exams_subject; Type: TABLE DATA; Schema: public; Owner: postgres
--

COPY public.exams_subject (id, name, description, department, is_active, created_at, created_by_id) FROM stdin;
1	Mathematics			t	2026-01-31 15:53:24.718+01	1
2	English Language	Subject for English Language	General	t	2026-02-04 02:11:34.694+01	1
4	Civic Education	Subject for Civic Education	General	t	2026-02-04 02:11:34.88+01	1
5	Biology	Biology Subject	General	t	2026-02-04 06:27:08.37+01	1
6	Chemistry	Chemistry Subject		t	2026-02-04 06:27:08.388+01	1
7	Physics	Physics Subject		t	2026-02-04 06:27:08.406+01	1
8	Economics	Economics Subject		t	2026-02-04 06:27:08.423+01	1
9	Government	Government Subject		t	2026-02-04 06:27:08.442+01	1
10	Geography	Geography Subject		t	2026-02-04 06:27:08.461+01	1
11	Mathematics Verification			t	2026-02-04 07:51:38.873+01	\N
12	Yoruba	Ede Yoruba	General	t	2026-02-08 04:24:56.818+01	\N
\.


--
-- Data for Name: exams_subject_classes; Type: TABLE DATA; Schema: public; Owner: postgres
--

COPY public.exams_subject_classes (id, subject_id, schoolclass_id) FROM stdin;
1	1	3
2	1	4
3	1	5
4	1	9
5	1	11
6	1	12
7	1	13
8	2	2
9	2	6
10	2	11
11	2	12
12	2	13
13	4	10
14	4	11
15	4	12
16	4	13
17	5	9
18	5	10
19	5	13
20	6	1
21	6	11
22	6	12
23	6	6
24	7	1
25	7	2
26	7	4
27	8	3
28	8	5
29	9	9
30	9	2
31	9	4
32	9	6
33	10	1
34	10	3
35	10	4
36	10	5
37	10	10
38	12	2
\.


--
-- Data for Name: exams_subjectivemark; Type: TABLE DATA; Schema: public; Owner: postgres
--

COPY public.exams_subjectivemark (id, score, marked_at, answer_id, marked_by_id) FROM stdin;
\.


--
-- Data for Name: exams_systemlog; Type: TABLE DATA; Schema: public; Owner: postgres
--

COPY public.exams_systemlog (id, level, source, message, created_at) FROM stdin;
1	INFO		Sample log entry 0	2026-01-31 15:53:24.386+01
2	INFO		Sample log entry 1	2026-01-31 15:53:24.402+01
3	INFO		Sample log entry 2	2026-01-31 15:53:24.417+01
4	INFO		Sample log entry 3	2026-01-31 15:53:24.433+01
5	INFO		Sample log entry 4	2026-01-31 15:53:24.448+01
6	INFO		Sample log entry 5	2026-01-31 15:53:24.465+01
7	INFO		Sample log entry 6	2026-01-31 15:53:24.48+01
8	INFO		Sample log entry 7	2026-01-31 15:53:24.496+01
9	INFO		Sample log entry 8	2026-01-31 15:53:24.51+01
10	INFO		Sample log entry 9	2026-01-31 15:53:24.526+01
11	INFO		Sample log entry 10	2026-01-31 15:53:24.542+01
12	INFO		Sample log entry 11	2026-01-31 15:53:24.558+01
13	INFO		Sample log entry 12	2026-01-31 15:53:24.573+01
14	INFO		Sample log entry 13	2026-01-31 15:53:24.589+01
15	INFO		Sample log entry 14	2026-01-31 15:53:24.606+01
16	INFO		Sample log entry 15	2026-01-31 15:53:24.622+01
17	INFO		Sample log entry 16	2026-01-31 15:53:24.642+01
18	INFO		Sample log entry 17	2026-01-31 15:53:24.659+01
19	INFO		Sample log entry 18	2026-01-31 15:53:24.675+01
20	INFO		Sample log entry 19	2026-01-31 15:53:24.689+01
21	INFO	Chat	Message sent from idrees (Admin) to teacher1 (Teacher)	2026-01-31 17:55:41.597+01
22	INFO		Student jane started exam: First Term English Language	2026-02-01 16:41:06.229+01
23	INFO		Student student8 started exam: First Term English Language	2026-02-01 17:07:15.922+01
24	INFO		Student bola started exam: First Term English Language	2026-02-01 17:42:35.29+01
25	INFO		Student bola started exam: First Term Exam Math	2026-02-01 18:16:30.63+01
26	INFO		Student jane started exam: First Term Exam Math	2026-02-01 18:34:48.311+01
27	INFO	Chat	Message sent from idrees (Admin) to teacher1 (Teacher)	2026-02-01 22:24:08.164+01
28	INFO	Chat	Message sent from teacher1 (Teacher) to idrees (Admin)	2026-02-01 22:29:56.06+01
29	INFO	Broadcast	Broadcast 'School Fees' sent by idrees to JSS 1	2026-02-04 18:54:41.826+01
30	INFO		Student jane started exam: English Language - JSS2 Term 1 Exam	2026-02-05 06:41:23.192+01
31	INFO		Student jane started exam: Government - JSS2 Term 1 Exam	2026-02-05 06:56:04.418+01
32	INFO	Broadcast	Broadcast 'Texbook purchase' sent by idrees to All Students	2026-02-05 08:19:09.99+01
33	INFO	Broadcast	Broadcast 'Texbook purchase' sent by idrees to All Students	2026-02-05 08:25:44.284+01
34	INFO	Broadcast	Broadcast 'hello' sent by idrees to JSS2	2026-02-05 08:27:05.726+01
35	INFO		Student jade started exam: Mathematics - JSS3 Term 1 Exam	2026-02-05 08:36:57.51+01
36	INFO		Student jade started exam: Geography - JSS3 Term 1 Exam	2026-02-05 08:50:03.068+01
37	INFO		Exam interrupted by jade: Mathematics - JSS3 Term 1 Exam	2026-02-05 09:06:13.429+01
38	INFO		Exam interrupted by jade: Geography - JSS3 Term 1 Exam	2026-02-05 09:12:43.518+01
39	INFO		Student jade started exam: Economics - JSS3 Term 1 Exam	2026-02-05 09:27:45.178+01
40	INFO		Student jade submitted exam: Economics - JSS3 Term 1 Exam	2026-02-05 09:28:52.667+01
41	INFO		Student jade submitted exam: Geography - JSS3 Term 1 Exam	2026-02-05 09:32:33.184+01
42	INFO		Student jade started exam: Geography - JSS3 Term 1 Exam	2026-02-05 09:38:02.852+01
43	INFO		Student jade submitted exam: Geography - JSS3 Term 1 Exam	2026-02-05 09:38:53.595+01
44	INFO		Student jade started exam: Geography - JSS3 Term 1 Exam	2026-02-05 09:56:23.865+01
45	INFO		Exam interrupted by jade: Geography - JSS3 Term 1 Exam	2026-02-05 09:56:36.957+01
46	INFO		Student jade submitted exam: Geography - JSS3 Term 1 Exam	2026-02-05 09:57:33.437+01
47	INFO		Student jade started exam: Economics - JSS3 Term 1 Exam	2026-02-05 10:07:21.682+01
48	INFO		Student jade submitted exam: Economics - JSS3 Term 1 Exam	2026-02-05 10:07:54.801+01
49	INFO	Chat	Message sent from teacher1 (Teacher) to idrees (Admin)	2026-02-05 10:46:25.964+01
50	INFO		idrees graded subjective answer (attempt 13)	2026-02-05 11:51:44.97+01
51	INFO		idrees graded subjective answer (attempt 10)	2026-02-05 11:52:39.994+01
52	INFO		idrees graded subjective answer (attempt 9)	2026-02-05 11:53:46.468+01
53	INFO		idrees graded subjective answer (attempt 11)	2026-02-05 11:53:48.819+01
54	INFO		idrees graded subjective answer (attempt 12)	2026-02-05 11:53:50.818+01
55	INFO		Student jane started exam: Physics - JSS2 Term 1 Exam	2026-02-05 15:11:32.239+01
56	INFO		Student jane submitted exam: Physics - JSS2 Term 1 Exam	2026-02-05 15:12:52.966+01
57	INFO	Chat	DM sent from idrees to teacher1	2026-02-06 23:26:18.581+01
58	INFO	Chat	DM sent from idrees to teacher1	2026-02-07 00:20:51.696+01
59	INFO	Chat	DM sent from idrees to teacher1	2026-02-07 00:21:00.585+01
60	INFO	Chat	DM sent from idrees to teacher1	2026-02-07 00:43:00.632+01
61	INFO	Chat	DM sent from idrees to teacher1	2026-02-07 00:43:22.673+01
62	INFO	Chat	DM sent from idrees to teacher1	2026-02-07 00:53:38.514+01
63	INFO	Chat	DM sent from idrees to teacher1	2026-02-07 00:55:24.657+01
64	INFO	Chat	DM sent from idrees to teacher1	2026-02-07 00:59:16.722+01
65	INFO	Chat	DM sent from idrees to teacher1	2026-02-07 01:19:54.254+01
66	INFO	Chat	DM sent from idrees to teacher1	2026-02-07 01:25:40.604+01
67	INFO	Chat	DM sent from idrees to teacher1	2026-02-07 01:25:53.822+01
68	INFO		idrees graded subjective answer (attempt 13)	2026-02-07 21:50:44.056+01
69	INFO		idrees graded subjective answer (attempt 10)	2026-02-07 21:50:49.871+01
70	INFO		idrees graded subjective answer (attempt 10)	2026-02-07 21:51:18.167+01
71	INFO	Broadcast	Broadcast 'Read your books' sent by idrees to All Students	2026-02-09 15:14:07.804+01
72	INFO	Broadcast	Broadcast 'Punctuality' sent by idrees to All Students	2026-02-09 15:14:50.855+01
73	INFO	Chat	DM sent from teacher1 to admin	2026-02-09 15:30:50.046+01
74	INFO	Chat	DM sent from teacher1 to admin	2026-02-09 15:31:01.425+01
75	INFO		Student jade started exam: First Term Exam Math	2026-02-09 16:11:24.056+01
76	INFO		Student jade submitted exam: First Term Exam Math	2026-02-09 16:12:35.389+01
77	INFO		Student jade started exam: First Term Exam Math	2026-02-09 16:59:47.842+01
78	INFO		teacher1 graded subjective answer (attempt 17)	2026-02-11 12:37:13.872+01
79	INFO		teacher1 graded subjective answer (attempt 17)	2026-02-11 12:37:52.394+01
80	INFO		teacher1 graded subjective answer (attempt 17)	2026-02-11 12:43:21.776+01
81	INFO		teacher1 graded subjective answer (attempt 17)	2026-02-11 12:43:37.532+01
82	INFO		teacher1 graded subjective answer (attempt 17)	2026-02-12 03:40:17.008+01
83	INFO		teacher1 graded subjective answer (attempt 17)	2026-02-12 03:40:23.797+01
84	INFO		Student jade started exam: First Term Exam Math	2026-02-19 12:39:57.557161+01
85	INFO		Student jade submitted exam: First Term Exam Math	2026-02-19 12:40:23.898324+01
86	INFO		Student jade started exam: First Term Exam Math	2026-02-19 12:45:27.411446+01
87	INFO		Student jade submitted exam: First Term Exam Math	2026-02-19 12:45:49.287879+01
\.


--
-- Data for Name: leaves_leaverequest; Type: TABLE DATA; Schema: public; Owner: postgres
--

COPY public.leaves_leaverequest (id, start_date, end_date, reason, status, reviewed_at, created_at, payee_id, reviewed_by_id, leave_type_id) FROM stdin;
1	2026-02-20	2026-03-05	mo bimo	rejected	2026-02-09 09:41:17.552+01	2026-02-05 10:56:40.701+01	1	1	2
2	2026-02-09	2026-02-11	omo	approved	2026-02-09 16:13:27.488+01	2026-02-09 15:29:44.839+01	1	1	3
3	2026-02-16	2026-02-18	omo	approved	2026-02-14 22:13:27.446309+01	2026-02-14 22:03:15.034609+01	2	1	2
\.


--
-- Data for Name: leaves_leavetype; Type: TABLE DATA; Schema: public; Owner: postgres
--

COPY public.leaves_leavetype (id, name, annual_days) FROM stdin;
1	Sick Leave	7
2	Paternity Leave	7
3	Maternity Leave	40
\.


--
-- Data for Name: loans_loanapplication; Type: TABLE DATA; Schema: public; Owner: postgres
--

COPY public.loans_loanapplication (id, loan_type, loan_amount, monthly_deduction, tenure_months, outstanding_balance, status, progress, applied_at, approved_at, approved_by_id, payee_id) FROM stdin;
1	personal	10000.00	2500.00	4	10000.00	approved	0.00	2026-02-05 10:42:31.847+01	2026-02-09 14:38:23.399+01	1	1
2	personal	2000.00	1000.00	2	2000.00	approved	0.00	2026-02-14 22:01:54.721704+01	2026-02-14 22:13:40.465291+01	1	2
\.


--
-- Data for Name: loans_loanrepayment; Type: TABLE DATA; Schema: public; Owner: postgres
--

COPY public.loans_loanrepayment (id, amount_paid, balance_after, created_at, loan_id, payroll_record_id) FROM stdin;
\.


--
-- Data for Name: payroll_auditlog; Type: TABLE DATA; Schema: public; Owner: postgres
--

COPY public.payroll_auditlog (id, action, model_name, object_id, description, "timestamp", user_id) FROM stdin;
1	FAIL	PayrollRecord	9	Transfer failed: You cannot initiate third party payouts as a starter business	2026-02-14 22:29:25.094807+01	1
2	FAIL	PayrollRecord	12	Transfer failed: You cannot initiate third party payouts as a starter business	2026-02-15 03:41:58.03862+01	1
3	FAIL	PayrollRecord	12	Retry failed: You cannot initiate third party payouts as a starter business	2026-02-15 03:42:30.802036+01	1
4	FAIL	PayrollRecord	15	Transfer failed: You cannot initiate third party payouts as a starter business	2026-02-15 03:47:22.123598+01	1
5	FAIL	PayrollRecord	18	Transfer failed: You cannot initiate third party payouts as a starter business	2026-02-15 04:13:05.490689+01	1
6	FAIL	PayrollRecord	24	Transfer failed: You cannot initiate third party payouts as a starter business	2026-02-15 04:36:36.448897+01	1
7	FAIL	PayrollRecord	24	Retry failed: You cannot initiate third party payouts as a starter business	2026-02-15 04:37:11.165175+01	1
8	FAIL	PayrollRecord	25	Transfer failed: You cannot initiate third party payouts as a starter business	2026-02-15 04:39:57.56115+01	1
9	FAIL	PayrollRecord	27	Transfer failed: You cannot initiate third party payouts as a starter business	2026-02-15 04:40:00.629089+01	1
\.


--
-- Data for Name: payroll_bankaccount; Type: TABLE DATA; Schema: public; Owner: postgres
--

COPY public.payroll_bankaccount (id, bank_name, bank_code, account_number, account_name, recipient_code, is_primary, is_approved, payee_id) FROM stdin;
2	OPay Digital Services Limited (Paycom)	999992	8022566144	Idrees Ademola Oladimeji	RCP_tr2byn49axj5vjo	t	t	3
3	Wema Bank	035	0019304152	Gabriel Tolani Ishola		f	t	2
4	PalmPay	090115	8022566144	Idrees Ademola Oladimeji		t	t	2
1	Jaiz Bank	301	8079823665	Idrees Ademola Oladimeji		f	t	1
5	Stanbic IBTC Bank	221	0019304152	Oladimeji Idrees Ademola	RCP_j2a96fbzl9mkzc8	t	t	1
\.


--
-- Data for Name: payroll_payee; Type: TABLE DATA; Schema: public; Owner: postgres
--

COPY public.payroll_payee (id, payee_type, reference_code, is_confirmed, is_active, created_at, user_id) FROM stdin;
1	teacher	PAYEE-ADDC4F96	f	t	2026-02-05 10:38:59.614+01	3
2	teacher	PAYEE-93F5EE99	f	t	2026-02-10 21:46:33.278+01	4
3	admin	PAYEE-2690828E	f	t	2026-02-11 11:50:58.497+01	1
\.


--
-- Data for Name: payroll_payeesalarystructure; Type: TABLE DATA; Schema: public; Owner: postgres
--

COPY public.payroll_payeesalarystructure (id, assigned_at, payee_id, salary_structure_id) FROM stdin;
1	2026-02-10 21:46:33.647+01	2	1
2	2026-02-14 22:17:09.898967+01	1	1
3	2026-02-14 22:26:04.5918+01	3	2
\.


--
-- Data for Name: payroll_paymentbatch; Type: TABLE DATA; Schema: public; Owner: postgres
--

COPY public.payroll_paymentbatch (id, reference, total_amount, created_at, is_processed, created_by_id, payroll_period_id) FROM stdin;
1	BATCH-D97E6129	146500.00	2026-02-14 22:29:16.319465+01	t	1	6
2	BATCH-D9570862	146500.00	2026-02-15 03:41:48.743544+01	t	1	7
3	BATCH-E29153AC	146500.00	2026-02-15 03:47:16.420946+01	t	1	8
4	BATCH-AC039294	146500.00	2026-02-15 04:12:59.541845+01	t	1	9
5	BATCH-71A86AE8	146500.00	2026-02-15 04:36:30.917984+01	t	1	11
6	BATCH-D6011B73	146500.00	2026-02-15 04:39:54.51746+01	t	1	12
\.


--
-- Data for Name: payroll_paymenttransaction; Type: TABLE DATA; Schema: public; Owner: postgres
--

COPY public.payroll_paymenttransaction (id, amount, currency, paystack_reference, transfer_code, status, failure_reason, response_data, created_at, updated_at, batch_id, payroll_record_id) FROM stdin;
1	37500.00	NGN	PAY-7-315982		failed	Failed to create Paystack recipient	{}	2026-02-14 22:29:16.343804+01	2026-02-14 22:29:19.559311+01	1	7
2	39000.00	NGN	PAY-8-5C3566		failed	Failed to create Paystack recipient	{}	2026-02-14 22:29:19.574636+01	2026-02-14 22:29:21.955318+01	1	8
3	70000.00	NGN	PAY-9-C837A3		failed	You cannot initiate third party payouts as a starter business	{"error": "You cannot initiate third party payouts as a starter business"}	2026-02-14 22:29:21.970086+01	2026-02-14 22:29:25.093217+01	1	9
4	37500.00	NGN	PAY-10-D143E1		failed	Failed to create Paystack recipient	{}	2026-02-15 03:41:48.760303+01	2026-02-15 03:41:51.685242+01	2	10
5	39000.00	NGN	PAY-11-F45B35		failed	Failed to create Paystack recipient	{}	2026-02-15 03:41:51.703424+01	2026-02-15 03:41:56.187439+01	2	11
6	70000.00	NGN	RETRY-12-10DDD3		failed	You cannot initiate third party payouts as a starter business	{"error": "You cannot initiate third party payouts as a starter business", "retry": true}	2026-02-15 03:41:56.205324+01	2026-02-15 03:42:30.799856+01	2	12
7	37500.00	NGN	PAY-13-89B0DE		failed	Failed to create Paystack recipient	{}	2026-02-15 03:47:16.436797+01	2026-02-15 03:47:19.159291+01	3	13
8	39000.00	NGN	PAY-14-0A9432		failed	Failed to create Paystack recipient	{}	2026-02-15 03:47:19.184187+01	2026-02-15 03:47:20.597903+01	3	14
9	70000.00	NGN	PAY-15-386FB4		failed	You cannot initiate third party payouts as a starter business	{"error": "You cannot initiate third party payouts as a starter business"}	2026-02-15 03:47:20.608237+01	2026-02-15 03:47:22.122422+01	3	15
10	37500.00	NGN	PAY-16-D67861		failed	Failed to create Paystack recipient	{}	2026-02-15 04:12:59.562703+01	2026-02-15 04:13:02.408732+01	4	16
11	39000.00	NGN	PAY-17-F07904		failed	Failed to create Paystack recipient	{}	2026-02-15 04:13:02.417838+01	2026-02-15 04:13:04.04807+01	4	17
12	70000.00	NGN	PAY-18-8E6BC4		failed	You cannot initiate third party payouts as a starter business	{"error": "You cannot initiate third party payouts as a starter business"}	2026-02-15 04:13:04.05742+01	2026-02-15 04:13:05.489353+01	4	18
13	37500.00	NGN	PAY-22-B47233		failed	Failed to create Paystack recipient	{}	2026-02-15 04:36:30.934643+01	2026-02-15 04:36:33.476699+01	5	22
14	39000.00	NGN	PAY-23-CB7DEF		failed	Failed to create Paystack recipient	{}	2026-02-15 04:36:33.496408+01	2026-02-15 04:36:35.012599+01	5	23
15	70000.00	NGN	RETRY-24-F7EE35		failed	You cannot initiate third party payouts as a starter business	{"error": "You cannot initiate third party payouts as a starter business", "retry": true}	2026-02-15 04:36:35.033675+01	2026-02-15 04:37:11.161798+01	5	24
16	37500.00	NGN	PAY-25-6E4200		failed	You cannot initiate third party payouts as a starter business	{"error": "You cannot initiate third party payouts as a starter business"}	2026-02-15 04:39:54.534118+01	2026-02-15 04:39:57.557837+01	6	25
17	39000.00	NGN	PAY-26-DA1F3B		failed	Failed to create Paystack recipient	{}	2026-02-15 04:39:57.578324+01	2026-02-15 04:39:59.088219+01	6	26
18	70000.00	NGN	PAY-27-64DE82		failed	You cannot initiate third party payouts as a starter business	{"error": "You cannot initiate third party payouts as a starter business"}	2026-02-15 04:39:59.09487+01	2026-02-15 04:40:00.626781+01	6	27
\.


--
-- Data for Name: payroll_payrolllineitem; Type: TABLE DATA; Schema: public; Owner: postgres
--

COPY public.payroll_payrolllineitem (id, name, amount, is_deduction, payroll_record_id) FROM stdin;
3	Basic Salary	25000.00	f	7
4	Allowances	15000.00	f	7
5	Basic Salary	25000.00	f	8
6	Allowances	15000.00	f	8
7	Basic Salary	40000.00	f	9
8	Allowances	25000.00	f	9
9	Car Maintaince	15000.00	f	9
10	Car Loan	20000.00	t	9
11	Wardrobe Allowance	10000.00	f	9
12	Basic Salary	25000.00	f	10
13	Allowances	15000.00	f	10
14	Basic Salary	25000.00	f	11
15	Allowances	15000.00	f	11
16	Basic Salary	40000.00	f	12
17	Allowances	25000.00	f	12
18	Car Maintaince	15000.00	f	12
19	Car Loan	20000.00	t	12
20	Wardrobe Allowance	10000.00	f	12
21	Basic Salary	25000.00	f	13
22	Allowances	15000.00	f	13
23	Basic Salary	25000.00	f	14
24	Allowances	15000.00	f	14
25	Basic Salary	40000.00	f	15
26	Allowances	25000.00	f	15
27	Car Maintaince	15000.00	f	15
28	Car Loan	20000.00	t	15
29	Wardrobe Allowance	10000.00	f	15
30	Basic Salary	25000.00	f	16
31	Allowances	15000.00	f	16
32	Basic Salary	25000.00	f	17
33	Allowances	15000.00	f	17
34	Basic Salary	40000.00	f	18
35	Allowances	25000.00	f	18
36	Car Maintaince	15000.00	f	18
37	Car Loan	20000.00	t	18
38	Wardrobe Allowance	10000.00	f	18
39	Basic Salary	25000.00	f	19
40	Allowances	15000.00	f	19
41	Basic Salary	25000.00	f	20
42	Allowances	15000.00	f	20
43	Basic Salary	40000.00	f	21
44	Allowances	25000.00	f	21
45	Car Maintaince	15000.00	f	21
46	Car Loan	20000.00	t	21
47	Wardrobe Allowance	10000.00	f	21
48	Basic Salary	25000.00	f	22
49	Allowances	15000.00	f	22
50	Basic Salary	25000.00	f	23
51	Allowances	15000.00	f	23
52	Basic Salary	40000.00	f	24
53	Allowances	25000.00	f	24
54	Car Maintaince	15000.00	f	24
55	Car Loan	20000.00	t	24
56	Wardrobe Allowance	10000.00	f	24
57	Basic Salary	25000.00	f	25
58	Allowances	15000.00	f	25
59	Basic Salary	25000.00	f	26
60	Allowances	15000.00	f	26
61	Basic Salary	40000.00	f	27
62	Allowances	25000.00	f	27
63	Car Maintaince	15000.00	f	27
64	Car Loan	20000.00	t	27
65	Wardrobe Allowance	10000.00	f	27
\.


--
-- Data for Name: payroll_payrollperiod; Type: TABLE DATA; Schema: public; Owner: postgres
--

COPY public.payroll_payrollperiod (id, month, year, is_generated, is_locked, is_approved_by_bursar, is_approved_by_admin) FROM stdin;
1	2	2026	f	t	f	t
2	3	2026	t	t	f	t
3	1	2026	t	t	f	t
6	4	2026	t	t	f	t
7	5	2026	t	t	f	t
8	7	2026	t	t	f	t
9	8	2026	t	t	f	t
10	9	2026	t	t	f	t
11	10	2026	t	t	f	t
12	11	2026	t	t	f	t
\.


--
-- Data for Name: payroll_payrollrecord; Type: TABLE DATA; Schema: public; Owner: postgres
--

COPY public.payroll_payrollrecord (id, gross_pay, loan_deductions, tax_deductions, other_deductions, total_deductions, net_pay, created_at, payee_id, payroll_period_id, is_processed, processing_error) FROM stdin;
7	40000.00	2500.00	0.00	0.00	2500.00	37500.00	2026-02-14 22:26:28.446507+01	1	6	t	\N
8	40000.00	1000.00	0.00	0.00	1000.00	39000.00	2026-02-14 22:26:28.491336+01	2	6	t	\N
9	90000.00	0.00	0.00	20000.00	20000.00	70000.00	2026-02-14 22:26:28.517224+01	3	6	t	\N
10	40000.00	2500.00	0.00	0.00	2500.00	37500.00	2026-02-15 03:40:02.487291+01	1	7	t	\N
11	40000.00	1000.00	0.00	0.00	1000.00	39000.00	2026-02-15 03:40:02.545675+01	2	7	t	\N
12	90000.00	0.00	0.00	20000.00	20000.00	70000.00	2026-02-15 03:40:02.566848+01	3	7	t	\N
13	40000.00	2500.00	0.00	0.00	2500.00	37500.00	2026-02-15 03:46:44.987887+01	1	8	t	\N
14	40000.00	1000.00	0.00	0.00	1000.00	39000.00	2026-02-15 03:46:45.047915+01	2	8	t	\N
15	90000.00	0.00	0.00	20000.00	20000.00	70000.00	2026-02-15 03:46:45.068464+01	3	8	t	\N
16	40000.00	2500.00	0.00	0.00	2500.00	37500.00	2026-02-15 04:12:01.214906+01	1	9	t	\N
17	40000.00	1000.00	0.00	0.00	1000.00	39000.00	2026-02-15 04:12:01.2645+01	2	9	t	\N
18	90000.00	0.00	0.00	20000.00	20000.00	70000.00	2026-02-15 04:12:01.287393+01	3	9	t	\N
19	40000.00	2500.00	0.00	0.00	2500.00	37500.00	2026-02-15 04:28:17.842323+01	1	10	t	\N
20	40000.00	1000.00	0.00	0.00	1000.00	39000.00	2026-02-15 04:28:17.899626+01	2	10	t	\N
21	90000.00	0.00	0.00	20000.00	20000.00	70000.00	2026-02-15 04:28:17.92128+01	3	10	t	\N
22	40000.00	2500.00	0.00	0.00	2500.00	37500.00	2026-02-15 04:36:05.809008+01	1	11	t	\N
23	40000.00	1000.00	0.00	0.00	1000.00	39000.00	2026-02-15 04:36:05.851768+01	2	11	t	\N
24	90000.00	0.00	0.00	20000.00	20000.00	70000.00	2026-02-15 04:36:05.873251+01	3	11	t	\N
25	40000.00	2500.00	0.00	0.00	2500.00	37500.00	2026-02-15 04:39:14.902505+01	1	12	t	\N
26	40000.00	1000.00	0.00	0.00	1000.00	39000.00	2026-02-15 04:39:14.936173+01	2	12	t	\N
27	90000.00	0.00	0.00	20000.00	20000.00	70000.00	2026-02-15 04:39:14.957624+01	3	12	t	\N
\.


--
-- Data for Name: payroll_salarycomponent; Type: TABLE DATA; Schema: public; Owner: postgres
--

COPY public.payroll_salarycomponent (id, name, component_type, is_active) FROM stdin;
1	Basic Salary	earning	t
2	Allowances	earning	t
3	Car Maintaince	earning	t
4	Car Loan	deduction	t
5	Wardrobe Allowance	earning	t
\.


--
-- Data for Name: payroll_salarystructure; Type: TABLE DATA; Schema: public; Owner: postgres
--

COPY public.payroll_salarystructure (id, name, description, created_at, is_taxable, tax_rate) FROM stdin;
1	Teacher Level 1	Salary for teachers in level 1	2026-02-10 21:45:01.591+01	f	0.00
2	Principal	Head of Staff	2026-02-14 22:25:29.872383+01	f	0.00
\.


--
-- Data for Name: payroll_salarystructureitem; Type: TABLE DATA; Schema: public; Owner: postgres
--

COPY public.payroll_salarystructureitem (id, amount, component_id, salary_structure_id) FROM stdin;
1	25000.00	1	1
2	15000.00	2	1
3	40000.00	1	2
4	25000.00	2	2
5	15000.00	3	2
6	20000.00	4	2
7	10000.00	5	2
\.


--
-- Data for Name: payroll_schoolsettings; Type: TABLE DATA; Schema: public; Owner: postgres
--

COPY public.payroll_schoolsettings (id, name, address, logo) FROM stdin;
\.


--
-- Data for Name: pickup_pickupauthorization; Type: TABLE DATA; Schema: public; Owner: postgres
--

COPY public.pickup_pickupauthorization (id, reference, bearer_name, relationship, qrcode_image, expires_at, is_used, created_at, parent_id) FROM stdin;
1	be03742a-2924-4a82-a63c-0a8e442ba38a	Bearer for Harley	Uncle	pickup_qrcodes/be03742a-2924-4a82-a63c-0a8e442ba38a.png	2026-02-01 03:05:51.195+01	f	2026-01-31 16:05:51.196+01	4
2	f05956dd-167c-4a23-b1bd-a49cd4eed5d8	Bearer for 	Father	pickup_qrcodes/f05956dd-167c-4a23-b1bd-a49cd4eed5d8.png	2026-02-01 03:05:51.337+01	f	2026-01-31 16:05:51.338+01	5
3	d44e969f-cdac-49b4-a2d6-ad9a2bdb078c	Bearer for 	Uncle	pickup_qrcodes/d44e969f-cdac-49b4-a2d6-ad9a2bdb078c.png	2026-02-01 03:05:51.424+01	t	2026-01-31 16:05:51.425+01	6
4	79a41240-3a58-4957-a78b-26c88559974b	Bearer for 	Uncle	pickup_qrcodes/79a41240-3a58-4957-a78b-26c88559974b.png	2026-02-04 18:28:41.086+01	f	2026-01-31 16:05:51.547+01	7
5	f909b493-7496-42c4-afad-c10441e87d76	Bearer for 	Uncle	pickup_qrcodes/f909b493-7496-42c4-afad-c10441e87d76.png	2026-02-01 03:05:51.671+01	t	2026-01-31 16:05:51.673+01	8
6	eabb45f8-d69e-4850-9f96-384929ac1419	Tolani	Sibling	pickup_qrcodes/eabb45f8-d69e-4850-9f96-384929ac1419_xSwhN0D.png	2026-02-05 03:57:15.657+01	t	2026-02-04 16:57:15.659+01	6
7	d54eea6f-deb8-458a-9ad4-8a293c31206a	Tolani	Sibling	pickup_qrcodes/d54eea6f-deb8-458a-9ad4-8a293c31206a_8ly2LNd.png	2026-02-11 17:58:52.299+01	t	2026-02-11 06:58:52.299+01	7
\.


--
-- Data for Name: pickup_pickupstudent; Type: TABLE DATA; Schema: public; Owner: postgres
--

COPY public.pickup_pickupstudent (id, pickup_id, student_id) FROM stdin;
1	1	19
2	1	20
3	2	20
4	3	19
5	3	20
6	3	18
7	4	20
8	4	19
9	4	18
10	5	18
11	5	20
12	6	18
13	6	20
14	7	19
15	7	20
\.


--
-- Data for Name: pickup_pickupverificationlog; Type: TABLE DATA; Schema: public; Owner: postgres
--

COPY public.pickup_pickupverificationlog (id, status, verified_at, pickup_id, verified_by_id) FROM stdin;
1	USED	2026-01-31 16:05:51.319+01	1	1
2	USED	2026-01-31 16:05:51.407+01	2	1
3	EXPIRED	2026-01-31 16:05:51.532+01	3	1
4	SUCCESS	2026-01-31 16:05:51.656+01	4	1
5	EXPIRED	2026-01-31 16:05:51.767+01	5	1
6	SUCCESS	2026-01-31 17:56:26.859+01	5	1
7	SUCCESS	2026-01-31 17:57:05.358+01	3	1
8	SUCCESS	2026-02-04 18:28:19.364+01	6	1
9	FORCE_EXPIRED	2026-02-04 18:28:41.104+01	4	1
10	SUCCESS	2026-02-11 07:01:23.867+01	7	1
\.


--
-- Name: accounts_user_groups_id_seq; Type: SEQUENCE SET; Schema: public; Owner: postgres
--

SELECT pg_catalog.setval('public.accounts_user_groups_id_seq', 1, false);


--
-- Name: accounts_user_id_seq; Type: SEQUENCE SET; Schema: public; Owner: postgres
--

SELECT pg_catalog.setval('public.accounts_user_id_seq', 23, true);


--
-- Name: accounts_user_parents_id_seq; Type: SEQUENCE SET; Schema: public; Owner: postgres
--

SELECT pg_catalog.setval('public.accounts_user_parents_id_seq', 17, true);


--
-- Name: accounts_user_user_permissions_id_seq; Type: SEQUENCE SET; Schema: public; Owner: postgres
--

SELECT pg_catalog.setval('public.accounts_user_user_permissions_id_seq', 1, false);


--
-- Name: auth_group_id_seq; Type: SEQUENCE SET; Schema: public; Owner: postgres
--

SELECT pg_catalog.setval('public.auth_group_id_seq', 1, false);


--
-- Name: auth_group_permissions_id_seq; Type: SEQUENCE SET; Schema: public; Owner: postgres
--

SELECT pg_catalog.setval('public.auth_group_permissions_id_seq', 1, false);


--
-- Name: auth_permission_id_seq; Type: SEQUENCE SET; Schema: public; Owner: postgres
--

SELECT pg_catalog.setval('public.auth_permission_id_seq', 400, true);


--
-- Name: brillspay_brillspaylog_id_seq; Type: SEQUENCE SET; Schema: public; Owner: postgres
--

SELECT pg_catalog.setval('public.brillspay_brillspaylog_id_seq', 9, true);


--
-- Name: brillspay_cart_id_seq; Type: SEQUENCE SET; Schema: public; Owner: postgres
--

SELECT pg_catalog.setval('public.brillspay_cart_id_seq', 6, true);


--
-- Name: brillspay_cartitem_id_seq; Type: SEQUENCE SET; Schema: public; Owner: postgres
--

SELECT pg_catalog.setval('public.brillspay_cartitem_id_seq', 18, true);


--
-- Name: brillspay_orderitem_id_seq; Type: SEQUENCE SET; Schema: public; Owner: postgres
--

SELECT pg_catalog.setval('public.brillspay_orderitem_id_seq', 8, true);


--
-- Name: brillspay_paymenttransaction_id_seq; Type: SEQUENCE SET; Schema: public; Owner: postgres
--

SELECT pg_catalog.setval('public.brillspay_paymenttransaction_id_seq', 2, true);


--
-- Name: brillspay_productcategory_id_seq; Type: SEQUENCE SET; Schema: public; Owner: postgres
--

SELECT pg_catalog.setval('public.brillspay_productcategory_id_seq', 6, true);


--
-- Name: brillspay_transaction_id_seq; Type: SEQUENCE SET; Schema: public; Owner: postgres
--

SELECT pg_catalog.setval('public.brillspay_transaction_id_seq', 7, true);


--
-- Name: dashboards_attempthistory_id_seq; Type: SEQUENCE SET; Schema: public; Owner: postgres
--

SELECT pg_catalog.setval('public.dashboards_attempthistory_id_seq', 1, false);


--
-- Name: dashboards_bulkexportjob_id_seq; Type: SEQUENCE SET; Schema: public; Owner: postgres
--

SELECT pg_catalog.setval('public.dashboards_bulkexportjob_id_seq', 1, false);


--
-- Name: dashboards_bulkimportjob_id_seq; Type: SEQUENCE SET; Schema: public; Owner: postgres
--

SELECT pg_catalog.setval('public.dashboards_bulkimportjob_id_seq', 8, true);


--
-- Name: dashboards_certificate_id_seq; Type: SEQUENCE SET; Schema: public; Owner: postgres
--

SELECT pg_catalog.setval('public.dashboards_certificate_id_seq', 1, false);


--
-- Name: dashboards_certificatetemplate_id_seq; Type: SEQUENCE SET; Schema: public; Owner: postgres
--

SELECT pg_catalog.setval('public.dashboards_certificatetemplate_id_seq', 1, true);


--
-- Name: dashboards_chatroom_id_seq; Type: SEQUENCE SET; Schema: public; Owner: postgres
--

SELECT pg_catalog.setval('public.dashboards_chatroom_id_seq', 5, true);


--
-- Name: dashboards_chatroom_participants_id_seq; Type: SEQUENCE SET; Schema: public; Owner: postgres
--

SELECT pg_catalog.setval('public.dashboards_chatroom_participants_id_seq', 11, true);


--
-- Name: dashboards_chatroommessage_id_seq; Type: SEQUENCE SET; Schema: public; Owner: postgres
--

SELECT pg_catalog.setval('public.dashboards_chatroommessage_id_seq', 4, true);


--
-- Name: dashboards_chatroomreadstatus_id_seq; Type: SEQUENCE SET; Schema: public; Owner: postgres
--

SELECT pg_catalog.setval('public.dashboards_chatroomreadstatus_id_seq', 8, true);


--
-- Name: dashboards_examanalytics_id_seq; Type: SEQUENCE SET; Schema: public; Owner: postgres
--

SELECT pg_catalog.setval('public.dashboards_examanalytics_id_seq', 5, true);


--
-- Name: dashboards_examschedule_id_seq; Type: SEQUENCE SET; Schema: public; Owner: postgres
--

SELECT pg_catalog.setval('public.dashboards_examschedule_id_seq', 1, false);


--
-- Name: dashboards_gradingrubric_id_seq; Type: SEQUENCE SET; Schema: public; Owner: postgres
--

SELECT pg_catalog.setval('public.dashboards_gradingrubric_id_seq', 1, false);


--
-- Name: dashboards_notification_id_seq; Type: SEQUENCE SET; Schema: public; Owner: postgres
--

SELECT pg_catalog.setval('public.dashboards_notification_id_seq', 5, true);


--
-- Name: dashboards_permission_id_seq; Type: SEQUENCE SET; Schema: public; Owner: postgres
--

SELECT pg_catalog.setval('public.dashboards_permission_id_seq', 1, false);


--
-- Name: dashboards_questionbank_id_seq; Type: SEQUENCE SET; Schema: public; Owner: postgres
--

SELECT pg_catalog.setval('public.dashboards_questionbank_id_seq', 9, true);


--
-- Name: dashboards_questionbank_tags_id_seq; Type: SEQUENCE SET; Schema: public; Owner: postgres
--

SELECT pg_catalog.setval('public.dashboards_questionbank_tags_id_seq', 1, false);


--
-- Name: dashboards_questioncategory_id_seq; Type: SEQUENCE SET; Schema: public; Owner: postgres
--

SELECT pg_catalog.setval('public.dashboards_questioncategory_id_seq', 1, false);


--
-- Name: dashboards_questionchoice_id_seq; Type: SEQUENCE SET; Schema: public; Owner: postgres
--

SELECT pg_catalog.setval('public.dashboards_questionchoice_id_seq', 32, true);


--
-- Name: dashboards_questiontag_id_seq; Type: SEQUENCE SET; Schema: public; Owner: postgres
--

SELECT pg_catalog.setval('public.dashboards_questiontag_id_seq', 1, false);


--
-- Name: dashboards_role_id_seq; Type: SEQUENCE SET; Schema: public; Owner: postgres
--

SELECT pg_catalog.setval('public.dashboards_role_id_seq', 1, false);


--
-- Name: dashboards_rolepermission_id_seq; Type: SEQUENCE SET; Schema: public; Owner: postgres
--

SELECT pg_catalog.setval('public.dashboards_rolepermission_id_seq', 1, false);


--
-- Name: dashboards_rubriccriteria_id_seq; Type: SEQUENCE SET; Schema: public; Owner: postgres
--

SELECT pg_catalog.setval('public.dashboards_rubriccriteria_id_seq', 1, false);


--
-- Name: dashboards_rubriccriteriagrade_id_seq; Type: SEQUENCE SET; Schema: public; Owner: postgres
--

SELECT pg_catalog.setval('public.dashboards_rubriccriteriagrade_id_seq', 1, false);


--
-- Name: dashboards_rubricgrade_id_seq; Type: SEQUENCE SET; Schema: public; Owner: postgres
--

SELECT pg_catalog.setval('public.dashboards_rubricgrade_id_seq', 1, false);


--
-- Name: dashboards_rubricscore_id_seq; Type: SEQUENCE SET; Schema: public; Owner: postgres
--

SELECT pg_catalog.setval('public.dashboards_rubricscore_id_seq', 1, false);


--
-- Name: dashboards_schedulednotification_id_seq; Type: SEQUENCE SET; Schema: public; Owner: postgres
--

SELECT pg_catalog.setval('public.dashboards_schedulednotification_id_seq', 1, false);


--
-- Name: dashboards_studentperformance_id_seq; Type: SEQUENCE SET; Schema: public; Owner: postgres
--

SELECT pg_catalog.setval('public.dashboards_studentperformance_id_seq', 1, false);


--
-- Name: dashboards_userrole_id_seq; Type: SEQUENCE SET; Schema: public; Owner: postgres
--

SELECT pg_catalog.setval('public.dashboards_userrole_id_seq', 1, false);


--
-- Name: django_admin_log_id_seq; Type: SEQUENCE SET; Schema: public; Owner: postgres
--

SELECT pg_catalog.setval('public.django_admin_log_id_seq', 35, true);


--
-- Name: django_content_type_id_seq; Type: SEQUENCE SET; Schema: public; Owner: postgres
--

SELECT pg_catalog.setval('public.django_content_type_id_seq', 79, true);


--
-- Name: django_migrations_id_seq; Type: SEQUENCE SET; Schema: public; Owner: postgres
--

SELECT pg_catalog.setval('public.django_migrations_id_seq', 40, true);


--
-- Name: exams_broadcast_id_seq; Type: SEQUENCE SET; Schema: public; Owner: postgres
--

SELECT pg_catalog.setval('public.exams_broadcast_id_seq', 6, true);


--
-- Name: exams_broadcast_recipients_id_seq; Type: SEQUENCE SET; Schema: public; Owner: postgres
--

SELECT pg_catalog.setval('public.exams_broadcast_recipients_id_seq', 9, true);


--
-- Name: exams_chatmessage_id_seq; Type: SEQUENCE SET; Schema: public; Owner: postgres
--

SELECT pg_catalog.setval('public.exams_chatmessage_id_seq', 17, true);


--
-- Name: exams_choice_id_seq; Type: SEQUENCE SET; Schema: public; Owner: postgres
--

SELECT pg_catalog.setval('public.exams_choice_id_seq', 371, true);


--
-- Name: exams_exam_id_seq; Type: SEQUENCE SET; Schema: public; Owner: postgres
--

SELECT pg_catalog.setval('public.exams_exam_id_seq', 50, true);


--
-- Name: exams_examaccess_id_seq; Type: SEQUENCE SET; Schema: public; Owner: postgres
--

SELECT pg_catalog.setval('public.exams_examaccess_id_seq', 1, true);


--
-- Name: exams_examattempt_id_seq; Type: SEQUENCE SET; Schema: public; Owner: postgres
--

SELECT pg_catalog.setval('public.exams_examattempt_id_seq', 21, true);


--
-- Name: exams_notification_id_seq; Type: SEQUENCE SET; Schema: public; Owner: postgres
--

SELECT pg_catalog.setval('public.exams_notification_id_seq', 57, true);


--
-- Name: exams_ptarequest_id_seq; Type: SEQUENCE SET; Schema: public; Owner: postgres
--

SELECT pg_catalog.setval('public.exams_ptarequest_id_seq', 1, false);


--
-- Name: exams_question_id_seq; Type: SEQUENCE SET; Schema: public; Owner: postgres
--

SELECT pg_catalog.setval('public.exams_question_id_seq', 156, true);


--
-- Name: exams_retakerequest_id_seq; Type: SEQUENCE SET; Schema: public; Owner: postgres
--

SELECT pg_catalog.setval('public.exams_retakerequest_id_seq', 4, true);


--
-- Name: exams_schoolclass_id_seq; Type: SEQUENCE SET; Schema: public; Owner: postgres
--

SELECT pg_catalog.setval('public.exams_schoolclass_id_seq', 14, true);


--
-- Name: exams_studentanswer_id_seq; Type: SEQUENCE SET; Schema: public; Owner: postgres
--

SELECT pg_catalog.setval('public.exams_studentanswer_id_seq', 51, true);


--
-- Name: exams_subject_classes_id_seq; Type: SEQUENCE SET; Schema: public; Owner: postgres
--

SELECT pg_catalog.setval('public.exams_subject_classes_id_seq', 38, true);


--
-- Name: exams_subject_id_seq; Type: SEQUENCE SET; Schema: public; Owner: postgres
--

SELECT pg_catalog.setval('public.exams_subject_id_seq', 12, true);


--
-- Name: exams_subjectivemark_id_seq; Type: SEQUENCE SET; Schema: public; Owner: postgres
--

SELECT pg_catalog.setval('public.exams_subjectivemark_id_seq', 7, true);


--
-- Name: exams_systemlog_id_seq; Type: SEQUENCE SET; Schema: public; Owner: postgres
--

SELECT pg_catalog.setval('public.exams_systemlog_id_seq', 87, true);


--
-- Name: leaves_leaverequest_id_seq; Type: SEQUENCE SET; Schema: public; Owner: postgres
--

SELECT pg_catalog.setval('public.leaves_leaverequest_id_seq', 3, true);


--
-- Name: leaves_leavetype_id_seq; Type: SEQUENCE SET; Schema: public; Owner: postgres
--

SELECT pg_catalog.setval('public.leaves_leavetype_id_seq', 3, true);


--
-- Name: loans_loanapplication_id_seq; Type: SEQUENCE SET; Schema: public; Owner: postgres
--

SELECT pg_catalog.setval('public.loans_loanapplication_id_seq', 2, true);


--
-- Name: loans_loanrepayment_id_seq; Type: SEQUENCE SET; Schema: public; Owner: postgres
--

SELECT pg_catalog.setval('public.loans_loanrepayment_id_seq', 1, false);


--
-- Name: payroll_auditlog_id_seq; Type: SEQUENCE SET; Schema: public; Owner: postgres
--

SELECT pg_catalog.setval('public.payroll_auditlog_id_seq', 9, true);


--
-- Name: payroll_bankaccount_id_seq; Type: SEQUENCE SET; Schema: public; Owner: postgres
--

SELECT pg_catalog.setval('public.payroll_bankaccount_id_seq', 5, true);


--
-- Name: payroll_payee_id_seq; Type: SEQUENCE SET; Schema: public; Owner: postgres
--

SELECT pg_catalog.setval('public.payroll_payee_id_seq', 3, true);


--
-- Name: payroll_payeesalarystructure_id_seq; Type: SEQUENCE SET; Schema: public; Owner: postgres
--

SELECT pg_catalog.setval('public.payroll_payeesalarystructure_id_seq', 3, true);


--
-- Name: payroll_paymentbatch_id_seq; Type: SEQUENCE SET; Schema: public; Owner: postgres
--

SELECT pg_catalog.setval('public.payroll_paymentbatch_id_seq', 6, true);


--
-- Name: payroll_paymenttransaction_id_seq; Type: SEQUENCE SET; Schema: public; Owner: postgres
--

SELECT pg_catalog.setval('public.payroll_paymenttransaction_id_seq', 18, true);


--
-- Name: payroll_payrolllineitem_id_seq; Type: SEQUENCE SET; Schema: public; Owner: postgres
--

SELECT pg_catalog.setval('public.payroll_payrolllineitem_id_seq', 65, true);


--
-- Name: payroll_payrollperiod_id_seq; Type: SEQUENCE SET; Schema: public; Owner: postgres
--

SELECT pg_catalog.setval('public.payroll_payrollperiod_id_seq', 12, true);


--
-- Name: payroll_payrollrecord_id_seq; Type: SEQUENCE SET; Schema: public; Owner: postgres
--

SELECT pg_catalog.setval('public.payroll_payrollrecord_id_seq', 27, true);


--
-- Name: payroll_salarycomponent_id_seq; Type: SEQUENCE SET; Schema: public; Owner: postgres
--

SELECT pg_catalog.setval('public.payroll_salarycomponent_id_seq', 5, true);


--
-- Name: payroll_salarystructure_id_seq; Type: SEQUENCE SET; Schema: public; Owner: postgres
--

SELECT pg_catalog.setval('public.payroll_salarystructure_id_seq', 2, true);


--
-- Name: payroll_salarystructureitem_id_seq; Type: SEQUENCE SET; Schema: public; Owner: postgres
--

SELECT pg_catalog.setval('public.payroll_salarystructureitem_id_seq', 7, true);


--
-- Name: payroll_schoolsettings_id_seq; Type: SEQUENCE SET; Schema: public; Owner: postgres
--

SELECT pg_catalog.setval('public.payroll_schoolsettings_id_seq', 1, false);


--
-- Name: pickup_pickupauthorization_id_seq; Type: SEQUENCE SET; Schema: public; Owner: postgres
--

SELECT pg_catalog.setval('public.pickup_pickupauthorization_id_seq', 7, true);


--
-- Name: pickup_pickupstudent_id_seq; Type: SEQUENCE SET; Schema: public; Owner: postgres
--

SELECT pg_catalog.setval('public.pickup_pickupstudent_id_seq', 15, true);


--
-- Name: pickup_pickupverificationlog_id_seq; Type: SEQUENCE SET; Schema: public; Owner: postgres
--

SELECT pg_catalog.setval('public.pickup_pickupverificationlog_id_seq', 10, true);


--
-- Name: accounts_student accounts_student_pkey; Type: CONSTRAINT; Schema: public; Owner: postgres
--

ALTER TABLE ONLY public.accounts_student
    ADD CONSTRAINT accounts_student_pkey PRIMARY KEY (user_ptr_id);


--
-- Name: accounts_user accounts_user_admission_number_key; Type: CONSTRAINT; Schema: public; Owner: postgres
--

ALTER TABLE ONLY public.accounts_user
    ADD CONSTRAINT accounts_user_admission_number_key UNIQUE (admission_number);


--
-- Name: accounts_user_groups accounts_user_groups_pkey; Type: CONSTRAINT; Schema: public; Owner: postgres
--

ALTER TABLE ONLY public.accounts_user_groups
    ADD CONSTRAINT accounts_user_groups_pkey PRIMARY KEY (id);


--
-- Name: accounts_user_groups accounts_user_groups_user_id_group_id_59c0b32f_uniq; Type: CONSTRAINT; Schema: public; Owner: postgres
--

ALTER TABLE ONLY public.accounts_user_groups
    ADD CONSTRAINT accounts_user_groups_user_id_group_id_59c0b32f_uniq UNIQUE (user_id, group_id);


--
-- Name: accounts_user_parents accounts_user_parents_from_user_id_to_user_id_8dc041a6_uniq; Type: CONSTRAINT; Schema: public; Owner: postgres
--

ALTER TABLE ONLY public.accounts_user_parents
    ADD CONSTRAINT accounts_user_parents_from_user_id_to_user_id_8dc041a6_uniq UNIQUE (from_user_id, to_user_id);


--
-- Name: accounts_user_parents accounts_user_parents_pkey; Type: CONSTRAINT; Schema: public; Owner: postgres
--

ALTER TABLE ONLY public.accounts_user_parents
    ADD CONSTRAINT accounts_user_parents_pkey PRIMARY KEY (id);


--
-- Name: accounts_user accounts_user_pkey; Type: CONSTRAINT; Schema: public; Owner: postgres
--

ALTER TABLE ONLY public.accounts_user
    ADD CONSTRAINT accounts_user_pkey PRIMARY KEY (id);


--
-- Name: accounts_user_user_permissions accounts_user_user_permi_user_id_permission_id_2ab516c2_uniq; Type: CONSTRAINT; Schema: public; Owner: postgres
--

ALTER TABLE ONLY public.accounts_user_user_permissions
    ADD CONSTRAINT accounts_user_user_permi_user_id_permission_id_2ab516c2_uniq UNIQUE (user_id, permission_id);


--
-- Name: accounts_user_user_permissions accounts_user_user_permissions_pkey; Type: CONSTRAINT; Schema: public; Owner: postgres
--

ALTER TABLE ONLY public.accounts_user_user_permissions
    ADD CONSTRAINT accounts_user_user_permissions_pkey PRIMARY KEY (id);


--
-- Name: accounts_user accounts_user_username_key; Type: CONSTRAINT; Schema: public; Owner: postgres
--

ALTER TABLE ONLY public.accounts_user
    ADD CONSTRAINT accounts_user_username_key UNIQUE (username);


--
-- Name: auth_group auth_group_name_key; Type: CONSTRAINT; Schema: public; Owner: postgres
--

ALTER TABLE ONLY public.auth_group
    ADD CONSTRAINT auth_group_name_key UNIQUE (name);


--
-- Name: auth_group_permissions auth_group_permissions_group_id_permission_id_0cd325b0_uniq; Type: CONSTRAINT; Schema: public; Owner: postgres
--

ALTER TABLE ONLY public.auth_group_permissions
    ADD CONSTRAINT auth_group_permissions_group_id_permission_id_0cd325b0_uniq UNIQUE (group_id, permission_id);


--
-- Name: auth_group_permissions auth_group_permissions_pkey; Type: CONSTRAINT; Schema: public; Owner: postgres
--

ALTER TABLE ONLY public.auth_group_permissions
    ADD CONSTRAINT auth_group_permissions_pkey PRIMARY KEY (id);


--
-- Name: auth_group auth_group_pkey; Type: CONSTRAINT; Schema: public; Owner: postgres
--

ALTER TABLE ONLY public.auth_group
    ADD CONSTRAINT auth_group_pkey PRIMARY KEY (id);


--
-- Name: auth_permission auth_permission_content_type_id_codename_01ab375a_uniq; Type: CONSTRAINT; Schema: public; Owner: postgres
--

ALTER TABLE ONLY public.auth_permission
    ADD CONSTRAINT auth_permission_content_type_id_codename_01ab375a_uniq UNIQUE (content_type_id, codename);


--
-- Name: auth_permission auth_permission_pkey; Type: CONSTRAINT; Schema: public; Owner: postgres
--

ALTER TABLE ONLY public.auth_permission
    ADD CONSTRAINT auth_permission_pkey PRIMARY KEY (id);


--
-- Name: brillspay_brillspaylog brillspay_brillspaylog_pkey; Type: CONSTRAINT; Schema: public; Owner: postgres
--

ALTER TABLE ONLY public.brillspay_brillspaylog
    ADD CONSTRAINT brillspay_brillspaylog_pkey PRIMARY KEY (id);


--
-- Name: brillspay_cart brillspay_cart_pkey; Type: CONSTRAINT; Schema: public; Owner: postgres
--

ALTER TABLE ONLY public.brillspay_cart
    ADD CONSTRAINT brillspay_cart_pkey PRIMARY KEY (id);


--
-- Name: brillspay_cart brillspay_cart_user_id_ward_id_b46a53b7_uniq; Type: CONSTRAINT; Schema: public; Owner: postgres
--

ALTER TABLE ONLY public.brillspay_cart
    ADD CONSTRAINT brillspay_cart_user_id_ward_id_b46a53b7_uniq UNIQUE (user_id, ward_id);


--
-- Name: brillspay_cartitem brillspay_cartitem_cart_id_product_id_55942232_uniq; Type: CONSTRAINT; Schema: public; Owner: postgres
--

ALTER TABLE ONLY public.brillspay_cartitem
    ADD CONSTRAINT brillspay_cartitem_cart_id_product_id_55942232_uniq UNIQUE (cart_id, product_id);


--
-- Name: brillspay_cartitem brillspay_cartitem_pkey; Type: CONSTRAINT; Schema: public; Owner: postgres
--

ALTER TABLE ONLY public.brillspay_cartitem
    ADD CONSTRAINT brillspay_cartitem_pkey PRIMARY KEY (id);


--
-- Name: brillspay_order brillspay_order_pkey; Type: CONSTRAINT; Schema: public; Owner: postgres
--

ALTER TABLE ONLY public.brillspay_order
    ADD CONSTRAINT brillspay_order_pkey PRIMARY KEY (id);


--
-- Name: brillspay_order brillspay_order_reference_key; Type: CONSTRAINT; Schema: public; Owner: postgres
--

ALTER TABLE ONLY public.brillspay_order
    ADD CONSTRAINT brillspay_order_reference_key UNIQUE (reference);


--
-- Name: brillspay_orderitem brillspay_orderitem_pkey; Type: CONSTRAINT; Schema: public; Owner: postgres
--

ALTER TABLE ONLY public.brillspay_orderitem
    ADD CONSTRAINT brillspay_orderitem_pkey PRIMARY KEY (id);


--
-- Name: brillspay_paymenttransaction brillspay_paymenttransaction_gateway_reference_key; Type: CONSTRAINT; Schema: public; Owner: postgres
--

ALTER TABLE ONLY public.brillspay_paymenttransaction
    ADD CONSTRAINT brillspay_paymenttransaction_gateway_reference_key UNIQUE (gateway_reference);


--
-- Name: brillspay_paymenttransaction brillspay_paymenttransaction_pkey; Type: CONSTRAINT; Schema: public; Owner: postgres
--

ALTER TABLE ONLY public.brillspay_paymenttransaction
    ADD CONSTRAINT brillspay_paymenttransaction_pkey PRIMARY KEY (id);


--
-- Name: brillspay_product brillspay_product_pkey; Type: CONSTRAINT; Schema: public; Owner: postgres
--

ALTER TABLE ONLY public.brillspay_product
    ADD CONSTRAINT brillspay_product_pkey PRIMARY KEY (id);


--
-- Name: brillspay_productcategory brillspay_productcategory_class_name_key; Type: CONSTRAINT; Schema: public; Owner: postgres
--

ALTER TABLE ONLY public.brillspay_productcategory
    ADD CONSTRAINT brillspay_productcategory_class_name_key UNIQUE (class_name);


--
-- Name: brillspay_productcategory brillspay_productcategory_pkey; Type: CONSTRAINT; Schema: public; Owner: postgres
--

ALTER TABLE ONLY public.brillspay_productcategory
    ADD CONSTRAINT brillspay_productcategory_pkey PRIMARY KEY (id);


--
-- Name: brillspay_productcategory brillspay_productcategory_slug_key; Type: CONSTRAINT; Schema: public; Owner: postgres
--

ALTER TABLE ONLY public.brillspay_productcategory
    ADD CONSTRAINT brillspay_productcategory_slug_key UNIQUE (slug);


--
-- Name: brillspay_transaction brillspay_transaction_gateway_reference_key; Type: CONSTRAINT; Schema: public; Owner: postgres
--

ALTER TABLE ONLY public.brillspay_transaction
    ADD CONSTRAINT brillspay_transaction_gateway_reference_key UNIQUE (gateway_reference);


--
-- Name: brillspay_transaction brillspay_transaction_order_id_key; Type: CONSTRAINT; Schema: public; Owner: postgres
--

ALTER TABLE ONLY public.brillspay_transaction
    ADD CONSTRAINT brillspay_transaction_order_id_key UNIQUE (order_id);


--
-- Name: brillspay_transaction brillspay_transaction_pkey; Type: CONSTRAINT; Schema: public; Owner: postgres
--

ALTER TABLE ONLY public.brillspay_transaction
    ADD CONSTRAINT brillspay_transaction_pkey PRIMARY KEY (id);


--
-- Name: dashboards_attempthistory dashboards_attempthistor_student_id_exam_id_attem_b7de0d37_uniq; Type: CONSTRAINT; Schema: public; Owner: postgres
--

ALTER TABLE ONLY public.dashboards_attempthistory
    ADD CONSTRAINT dashboards_attempthistor_student_id_exam_id_attem_b7de0d37_uniq UNIQUE (student_id, exam_id, attempt_number);


--
-- Name: dashboards_attempthistory dashboards_attempthistory_attempt_id_key; Type: CONSTRAINT; Schema: public; Owner: postgres
--

ALTER TABLE ONLY public.dashboards_attempthistory
    ADD CONSTRAINT dashboards_attempthistory_attempt_id_key UNIQUE (attempt_id);


--
-- Name: dashboards_attempthistory dashboards_attempthistory_pkey; Type: CONSTRAINT; Schema: public; Owner: postgres
--

ALTER TABLE ONLY public.dashboards_attempthistory
    ADD CONSTRAINT dashboards_attempthistory_pkey PRIMARY KEY (id);


--
-- Name: dashboards_bulkexportjob dashboards_bulkexportjob_pkey; Type: CONSTRAINT; Schema: public; Owner: postgres
--

ALTER TABLE ONLY public.dashboards_bulkexportjob
    ADD CONSTRAINT dashboards_bulkexportjob_pkey PRIMARY KEY (id);


--
-- Name: dashboards_bulkimportjob dashboards_bulkimportjob_pkey; Type: CONSTRAINT; Schema: public; Owner: postgres
--

ALTER TABLE ONLY public.dashboards_bulkimportjob
    ADD CONSTRAINT dashboards_bulkimportjob_pkey PRIMARY KEY (id);


--
-- Name: dashboards_certificate dashboards_certificate_attempt_id_key; Type: CONSTRAINT; Schema: public; Owner: postgres
--

ALTER TABLE ONLY public.dashboards_certificate
    ADD CONSTRAINT dashboards_certificate_attempt_id_key UNIQUE (attempt_id);


--
-- Name: dashboards_certificate dashboards_certificate_certificate_number_key; Type: CONSTRAINT; Schema: public; Owner: postgres
--

ALTER TABLE ONLY public.dashboards_certificate
    ADD CONSTRAINT dashboards_certificate_certificate_number_key UNIQUE (certificate_number);


--
-- Name: dashboards_certificate dashboards_certificate_pkey; Type: CONSTRAINT; Schema: public; Owner: postgres
--

ALTER TABLE ONLY public.dashboards_certificate
    ADD CONSTRAINT dashboards_certificate_pkey PRIMARY KEY (id);


--
-- Name: dashboards_certificate dashboards_certificate_student_id_exam_id_d44455b0_uniq; Type: CONSTRAINT; Schema: public; Owner: postgres
--

ALTER TABLE ONLY public.dashboards_certificate
    ADD CONSTRAINT dashboards_certificate_student_id_exam_id_d44455b0_uniq UNIQUE (student_id, exam_id);


--
-- Name: dashboards_certificate dashboards_certificate_verification_code_key; Type: CONSTRAINT; Schema: public; Owner: postgres
--

ALTER TABLE ONLY public.dashboards_certificate
    ADD CONSTRAINT dashboards_certificate_verification_code_key UNIQUE (verification_code);


--
-- Name: dashboards_certificatetemplate dashboards_certificatetemplate_pkey; Type: CONSTRAINT; Schema: public; Owner: postgres
--

ALTER TABLE ONLY public.dashboards_certificatetemplate
    ADD CONSTRAINT dashboards_certificatetemplate_pkey PRIMARY KEY (id);


--
-- Name: dashboards_chatroom dashboards_chatroom_name_key; Type: CONSTRAINT; Schema: public; Owner: postgres
--

ALTER TABLE ONLY public.dashboards_chatroom
    ADD CONSTRAINT dashboards_chatroom_name_key UNIQUE (name);


--
-- Name: dashboards_chatroom_participants dashboards_chatroom_part_chatroom_id_user_id_3da8d660_uniq; Type: CONSTRAINT; Schema: public; Owner: postgres
--

ALTER TABLE ONLY public.dashboards_chatroom_participants
    ADD CONSTRAINT dashboards_chatroom_part_chatroom_id_user_id_3da8d660_uniq UNIQUE (chatroom_id, user_id);


--
-- Name: dashboards_chatroom_participants dashboards_chatroom_participants_pkey; Type: CONSTRAINT; Schema: public; Owner: postgres
--

ALTER TABLE ONLY public.dashboards_chatroom_participants
    ADD CONSTRAINT dashboards_chatroom_participants_pkey PRIMARY KEY (id);


--
-- Name: dashboards_chatroom dashboards_chatroom_pkey; Type: CONSTRAINT; Schema: public; Owner: postgres
--

ALTER TABLE ONLY public.dashboards_chatroom
    ADD CONSTRAINT dashboards_chatroom_pkey PRIMARY KEY (id);


--
-- Name: dashboards_chatroommessage dashboards_chatroommessage_pkey; Type: CONSTRAINT; Schema: public; Owner: postgres
--

ALTER TABLE ONLY public.dashboards_chatroommessage
    ADD CONSTRAINT dashboards_chatroommessage_pkey PRIMARY KEY (id);


--
-- Name: dashboards_chatroomreadstatus dashboards_chatroomreadstatus_pkey; Type: CONSTRAINT; Schema: public; Owner: postgres
--

ALTER TABLE ONLY public.dashboards_chatroomreadstatus
    ADD CONSTRAINT dashboards_chatroomreadstatus_pkey PRIMARY KEY (id);


--
-- Name: dashboards_chatroomreadstatus dashboards_chatroomreadstatus_room_id_user_id_66443316_uniq; Type: CONSTRAINT; Schema: public; Owner: postgres
--

ALTER TABLE ONLY public.dashboards_chatroomreadstatus
    ADD CONSTRAINT dashboards_chatroomreadstatus_room_id_user_id_66443316_uniq UNIQUE (room_id, user_id);


--
-- Name: dashboards_examanalytics dashboards_examanalytics_exam_id_key; Type: CONSTRAINT; Schema: public; Owner: postgres
--

ALTER TABLE ONLY public.dashboards_examanalytics
    ADD CONSTRAINT dashboards_examanalytics_exam_id_key UNIQUE (exam_id);


--
-- Name: dashboards_examanalytics dashboards_examanalytics_pkey; Type: CONSTRAINT; Schema: public; Owner: postgres
--

ALTER TABLE ONLY public.dashboards_examanalytics
    ADD CONSTRAINT dashboards_examanalytics_pkey PRIMARY KEY (id);


--
-- Name: dashboards_examschedule dashboards_examschedule_exam_id_key; Type: CONSTRAINT; Schema: public; Owner: postgres
--

ALTER TABLE ONLY public.dashboards_examschedule
    ADD CONSTRAINT dashboards_examschedule_exam_id_key UNIQUE (exam_id);


--
-- Name: dashboards_examschedule dashboards_examschedule_pkey; Type: CONSTRAINT; Schema: public; Owner: postgres
--

ALTER TABLE ONLY public.dashboards_examschedule
    ADD CONSTRAINT dashboards_examschedule_pkey PRIMARY KEY (id);


--
-- Name: dashboards_gradingrubric dashboards_gradingrubric_pkey; Type: CONSTRAINT; Schema: public; Owner: postgres
--

ALTER TABLE ONLY public.dashboards_gradingrubric
    ADD CONSTRAINT dashboards_gradingrubric_pkey PRIMARY KEY (id);


--
-- Name: dashboards_notification dashboards_notification_pkey; Type: CONSTRAINT; Schema: public; Owner: postgres
--

ALTER TABLE ONLY public.dashboards_notification
    ADD CONSTRAINT dashboards_notification_pkey PRIMARY KEY (id);


--
-- Name: dashboards_permission dashboards_permission_code_key; Type: CONSTRAINT; Schema: public; Owner: postgres
--

ALTER TABLE ONLY public.dashboards_permission
    ADD CONSTRAINT dashboards_permission_code_key UNIQUE (code);


--
-- Name: dashboards_permission dashboards_permission_pkey; Type: CONSTRAINT; Schema: public; Owner: postgres
--

ALTER TABLE ONLY public.dashboards_permission
    ADD CONSTRAINT dashboards_permission_pkey PRIMARY KEY (id);


--
-- Name: dashboards_questionbank_tags dashboards_questionbank__questionbank_id_question_d6b62f72_uniq; Type: CONSTRAINT; Schema: public; Owner: postgres
--

ALTER TABLE ONLY public.dashboards_questionbank_tags
    ADD CONSTRAINT dashboards_questionbank__questionbank_id_question_d6b62f72_uniq UNIQUE (questionbank_id, questiontag_id);


--
-- Name: dashboards_questionbank dashboards_questionbank_pkey; Type: CONSTRAINT; Schema: public; Owner: postgres
--

ALTER TABLE ONLY public.dashboards_questionbank
    ADD CONSTRAINT dashboards_questionbank_pkey PRIMARY KEY (id);


--
-- Name: dashboards_questionbank_tags dashboards_questionbank_tags_pkey; Type: CONSTRAINT; Schema: public; Owner: postgres
--

ALTER TABLE ONLY public.dashboards_questionbank_tags
    ADD CONSTRAINT dashboards_questionbank_tags_pkey PRIMARY KEY (id);


--
-- Name: dashboards_questioncategory dashboards_questioncategory_name_key; Type: CONSTRAINT; Schema: public; Owner: postgres
--

ALTER TABLE ONLY public.dashboards_questioncategory
    ADD CONSTRAINT dashboards_questioncategory_name_key UNIQUE (name);


--
-- Name: dashboards_questioncategory dashboards_questioncategory_pkey; Type: CONSTRAINT; Schema: public; Owner: postgres
--

ALTER TABLE ONLY public.dashboards_questioncategory
    ADD CONSTRAINT dashboards_questioncategory_pkey PRIMARY KEY (id);


--
-- Name: dashboards_questionchoice dashboards_questionchoice_pkey; Type: CONSTRAINT; Schema: public; Owner: postgres
--

ALTER TABLE ONLY public.dashboards_questionchoice
    ADD CONSTRAINT dashboards_questionchoice_pkey PRIMARY KEY (id);


--
-- Name: dashboards_questiontag dashboards_questiontag_name_key; Type: CONSTRAINT; Schema: public; Owner: postgres
--

ALTER TABLE ONLY public.dashboards_questiontag
    ADD CONSTRAINT dashboards_questiontag_name_key UNIQUE (name);


--
-- Name: dashboards_questiontag dashboards_questiontag_pkey; Type: CONSTRAINT; Schema: public; Owner: postgres
--

ALTER TABLE ONLY public.dashboards_questiontag
    ADD CONSTRAINT dashboards_questiontag_pkey PRIMARY KEY (id);


--
-- Name: dashboards_role dashboards_role_name_key; Type: CONSTRAINT; Schema: public; Owner: postgres
--

ALTER TABLE ONLY public.dashboards_role
    ADD CONSTRAINT dashboards_role_name_key UNIQUE (name);


--
-- Name: dashboards_role dashboards_role_pkey; Type: CONSTRAINT; Schema: public; Owner: postgres
--

ALTER TABLE ONLY public.dashboards_role
    ADD CONSTRAINT dashboards_role_pkey PRIMARY KEY (id);


--
-- Name: dashboards_rolepermission dashboards_rolepermission_pkey; Type: CONSTRAINT; Schema: public; Owner: postgres
--

ALTER TABLE ONLY public.dashboards_rolepermission
    ADD CONSTRAINT dashboards_rolepermission_pkey PRIMARY KEY (id);


--
-- Name: dashboards_rolepermission dashboards_rolepermission_role_id_permission_id_cf686024_uniq; Type: CONSTRAINT; Schema: public; Owner: postgres
--

ALTER TABLE ONLY public.dashboards_rolepermission
    ADD CONSTRAINT dashboards_rolepermission_role_id_permission_id_cf686024_uniq UNIQUE (role_id, permission_id);


--
-- Name: dashboards_rubriccriteriagrade dashboards_rubriccriteri_rubric_grade_id_criteria_0af38b70_uniq; Type: CONSTRAINT; Schema: public; Owner: postgres
--

ALTER TABLE ONLY public.dashboards_rubriccriteriagrade
    ADD CONSTRAINT dashboards_rubriccriteri_rubric_grade_id_criteria_0af38b70_uniq UNIQUE (rubric_grade_id, criteria_id);


--
-- Name: dashboards_rubriccriteria dashboards_rubriccriteria_pkey; Type: CONSTRAINT; Schema: public; Owner: postgres
--

ALTER TABLE ONLY public.dashboards_rubriccriteria
    ADD CONSTRAINT dashboards_rubriccriteria_pkey PRIMARY KEY (id);


--
-- Name: dashboards_rubriccriteriagrade dashboards_rubriccriteriagrade_pkey; Type: CONSTRAINT; Schema: public; Owner: postgres
--

ALTER TABLE ONLY public.dashboards_rubriccriteriagrade
    ADD CONSTRAINT dashboards_rubriccriteriagrade_pkey PRIMARY KEY (id);


--
-- Name: dashboards_rubricgrade dashboards_rubricgrade_pkey; Type: CONSTRAINT; Schema: public; Owner: postgres
--

ALTER TABLE ONLY public.dashboards_rubricgrade
    ADD CONSTRAINT dashboards_rubricgrade_pkey PRIMARY KEY (id);


--
-- Name: dashboards_rubricscore dashboards_rubricscore_pkey; Type: CONSTRAINT; Schema: public; Owner: postgres
--

ALTER TABLE ONLY public.dashboards_rubricscore
    ADD CONSTRAINT dashboards_rubricscore_pkey PRIMARY KEY (id);


--
-- Name: dashboards_schedulednotification dashboards_schedulednoti_exam_id_student_id_553c8fab_uniq; Type: CONSTRAINT; Schema: public; Owner: postgres
--

ALTER TABLE ONLY public.dashboards_schedulednotification
    ADD CONSTRAINT dashboards_schedulednoti_exam_id_student_id_553c8fab_uniq UNIQUE (exam_id, student_id);


--
-- Name: dashboards_schedulednotification dashboards_schedulednotification_pkey; Type: CONSTRAINT; Schema: public; Owner: postgres
--

ALTER TABLE ONLY public.dashboards_schedulednotification
    ADD CONSTRAINT dashboards_schedulednotification_pkey PRIMARY KEY (id);


--
-- Name: dashboards_studentperformance dashboards_studentperfor_student_id_exam_id_attem_06f2dde4_uniq; Type: CONSTRAINT; Schema: public; Owner: postgres
--

ALTER TABLE ONLY public.dashboards_studentperformance
    ADD CONSTRAINT dashboards_studentperfor_student_id_exam_id_attem_06f2dde4_uniq UNIQUE (student_id, exam_id, attempt_number);


--
-- Name: dashboards_studentperformance dashboards_studentperformance_pkey; Type: CONSTRAINT; Schema: public; Owner: postgres
--

ALTER TABLE ONLY public.dashboards_studentperformance
    ADD CONSTRAINT dashboards_studentperformance_pkey PRIMARY KEY (id);


--
-- Name: dashboards_userrole dashboards_userrole_pkey; Type: CONSTRAINT; Schema: public; Owner: postgres
--

ALTER TABLE ONLY public.dashboards_userrole
    ADD CONSTRAINT dashboards_userrole_pkey PRIMARY KEY (id);


--
-- Name: dashboards_userrole dashboards_userrole_user_id_role_id_86ce06ce_uniq; Type: CONSTRAINT; Schema: public; Owner: postgres
--

ALTER TABLE ONLY public.dashboards_userrole
    ADD CONSTRAINT dashboards_userrole_user_id_role_id_86ce06ce_uniq UNIQUE (user_id, role_id);


--
-- Name: django_admin_log django_admin_log_pkey; Type: CONSTRAINT; Schema: public; Owner: postgres
--

ALTER TABLE ONLY public.django_admin_log
    ADD CONSTRAINT django_admin_log_pkey PRIMARY KEY (id);


--
-- Name: django_content_type django_content_type_app_label_model_76bd3d3b_uniq; Type: CONSTRAINT; Schema: public; Owner: postgres
--

ALTER TABLE ONLY public.django_content_type
    ADD CONSTRAINT django_content_type_app_label_model_76bd3d3b_uniq UNIQUE (app_label, model);


--
-- Name: django_content_type django_content_type_pkey; Type: CONSTRAINT; Schema: public; Owner: postgres
--

ALTER TABLE ONLY public.django_content_type
    ADD CONSTRAINT django_content_type_pkey PRIMARY KEY (id);


--
-- Name: django_migrations django_migrations_pkey; Type: CONSTRAINT; Schema: public; Owner: postgres
--

ALTER TABLE ONLY public.django_migrations
    ADD CONSTRAINT django_migrations_pkey PRIMARY KEY (id);


--
-- Name: django_session django_session_pkey; Type: CONSTRAINT; Schema: public; Owner: postgres
--

ALTER TABLE ONLY public.django_session
    ADD CONSTRAINT django_session_pkey PRIMARY KEY (session_key);


--
-- Name: exams_broadcast exams_broadcast_pkey; Type: CONSTRAINT; Schema: public; Owner: postgres
--

ALTER TABLE ONLY public.exams_broadcast
    ADD CONSTRAINT exams_broadcast_pkey PRIMARY KEY (id);


--
-- Name: exams_broadcast_recipients exams_broadcast_recipients_broadcast_id_user_id_9bd44129_uniq; Type: CONSTRAINT; Schema: public; Owner: postgres
--

ALTER TABLE ONLY public.exams_broadcast_recipients
    ADD CONSTRAINT exams_broadcast_recipients_broadcast_id_user_id_9bd44129_uniq UNIQUE (broadcast_id, user_id);


--
-- Name: exams_broadcast_recipients exams_broadcast_recipients_pkey; Type: CONSTRAINT; Schema: public; Owner: postgres
--

ALTER TABLE ONLY public.exams_broadcast_recipients
    ADD CONSTRAINT exams_broadcast_recipients_pkey PRIMARY KEY (id);


--
-- Name: exams_chatmessage exams_chatmessage_pkey; Type: CONSTRAINT; Schema: public; Owner: postgres
--

ALTER TABLE ONLY public.exams_chatmessage
    ADD CONSTRAINT exams_chatmessage_pkey PRIMARY KEY (id);


--
-- Name: exams_choice exams_choice_pkey; Type: CONSTRAINT; Schema: public; Owner: postgres
--

ALTER TABLE ONLY public.exams_choice
    ADD CONSTRAINT exams_choice_pkey PRIMARY KEY (id);


--
-- Name: exams_exam exams_exam_pkey; Type: CONSTRAINT; Schema: public; Owner: postgres
--

ALTER TABLE ONLY public.exams_exam
    ADD CONSTRAINT exams_exam_pkey PRIMARY KEY (id);


--
-- Name: exams_examaccess exams_examaccess_pkey; Type: CONSTRAINT; Schema: public; Owner: postgres
--

ALTER TABLE ONLY public.exams_examaccess
    ADD CONSTRAINT exams_examaccess_pkey PRIMARY KEY (id);


--
-- Name: exams_examaccess exams_examaccess_student_id_exam_id_467d1c17_uniq; Type: CONSTRAINT; Schema: public; Owner: postgres
--

ALTER TABLE ONLY public.exams_examaccess
    ADD CONSTRAINT exams_examaccess_student_id_exam_id_467d1c17_uniq UNIQUE (student_id, exam_id);


--
-- Name: exams_examattempt exams_examattempt_pkey; Type: CONSTRAINT; Schema: public; Owner: postgres
--

ALTER TABLE ONLY public.exams_examattempt
    ADD CONSTRAINT exams_examattempt_pkey PRIMARY KEY (id);


--
-- Name: exams_examattempt exams_examattempt_verification_token_key; Type: CONSTRAINT; Schema: public; Owner: postgres
--

ALTER TABLE ONLY public.exams_examattempt
    ADD CONSTRAINT exams_examattempt_verification_token_key UNIQUE (verification_token);


--
-- Name: exams_notification exams_notification_pkey; Type: CONSTRAINT; Schema: public; Owner: postgres
--

ALTER TABLE ONLY public.exams_notification
    ADD CONSTRAINT exams_notification_pkey PRIMARY KEY (id);


--
-- Name: exams_ptarequest exams_ptarequest_pkey; Type: CONSTRAINT; Schema: public; Owner: postgres
--

ALTER TABLE ONLY public.exams_ptarequest
    ADD CONSTRAINT exams_ptarequest_pkey PRIMARY KEY (id);


--
-- Name: exams_question exams_question_pkey; Type: CONSTRAINT; Schema: public; Owner: postgres
--

ALTER TABLE ONLY public.exams_question
    ADD CONSTRAINT exams_question_pkey PRIMARY KEY (id);


--
-- Name: exams_retakerequest exams_retakerequest_pkey; Type: CONSTRAINT; Schema: public; Owner: postgres
--

ALTER TABLE ONLY public.exams_retakerequest
    ADD CONSTRAINT exams_retakerequest_pkey PRIMARY KEY (id);


--
-- Name: exams_schoolclass exams_schoolclass_name_key; Type: CONSTRAINT; Schema: public; Owner: postgres
--

ALTER TABLE ONLY public.exams_schoolclass
    ADD CONSTRAINT exams_schoolclass_name_key UNIQUE (name);


--
-- Name: exams_schoolclass exams_schoolclass_pkey; Type: CONSTRAINT; Schema: public; Owner: postgres
--

ALTER TABLE ONLY public.exams_schoolclass
    ADD CONSTRAINT exams_schoolclass_pkey PRIMARY KEY (id);


--
-- Name: exams_studentanswer exams_studentanswer_attempt_id_question_id_49f1a004_uniq; Type: CONSTRAINT; Schema: public; Owner: postgres
--

ALTER TABLE ONLY public.exams_studentanswer
    ADD CONSTRAINT exams_studentanswer_attempt_id_question_id_49f1a004_uniq UNIQUE (attempt_id, question_id);


--
-- Name: exams_studentanswer exams_studentanswer_pkey; Type: CONSTRAINT; Schema: public; Owner: postgres
--

ALTER TABLE ONLY public.exams_studentanswer
    ADD CONSTRAINT exams_studentanswer_pkey PRIMARY KEY (id);


--
-- Name: exams_subject_classes exams_subject_classes_pkey; Type: CONSTRAINT; Schema: public; Owner: postgres
--

ALTER TABLE ONLY public.exams_subject_classes
    ADD CONSTRAINT exams_subject_classes_pkey PRIMARY KEY (id);


--
-- Name: exams_subject_classes exams_subject_classes_subject_id_schoolclass_id_df5f5fa2_uniq; Type: CONSTRAINT; Schema: public; Owner: postgres
--

ALTER TABLE ONLY public.exams_subject_classes
    ADD CONSTRAINT exams_subject_classes_subject_id_schoolclass_id_df5f5fa2_uniq UNIQUE (subject_id, schoolclass_id);


--
-- Name: exams_subject exams_subject_pkey; Type: CONSTRAINT; Schema: public; Owner: postgres
--

ALTER TABLE ONLY public.exams_subject
    ADD CONSTRAINT exams_subject_pkey PRIMARY KEY (id);


--
-- Name: exams_subjectivemark exams_subjectivemark_answer_id_key; Type: CONSTRAINT; Schema: public; Owner: postgres
--

ALTER TABLE ONLY public.exams_subjectivemark
    ADD CONSTRAINT exams_subjectivemark_answer_id_key UNIQUE (answer_id);


--
-- Name: exams_subjectivemark exams_subjectivemark_pkey; Type: CONSTRAINT; Schema: public; Owner: postgres
--

ALTER TABLE ONLY public.exams_subjectivemark
    ADD CONSTRAINT exams_subjectivemark_pkey PRIMARY KEY (id);


--
-- Name: exams_systemlog exams_systemlog_pkey; Type: CONSTRAINT; Schema: public; Owner: postgres
--

ALTER TABLE ONLY public.exams_systemlog
    ADD CONSTRAINT exams_systemlog_pkey PRIMARY KEY (id);


--
-- Name: leaves_leaverequest leaves_leaverequest_pkey; Type: CONSTRAINT; Schema: public; Owner: postgres
--

ALTER TABLE ONLY public.leaves_leaverequest
    ADD CONSTRAINT leaves_leaverequest_pkey PRIMARY KEY (id);


--
-- Name: leaves_leavetype leaves_leavetype_pkey; Type: CONSTRAINT; Schema: public; Owner: postgres
--

ALTER TABLE ONLY public.leaves_leavetype
    ADD CONSTRAINT leaves_leavetype_pkey PRIMARY KEY (id);


--
-- Name: loans_loanapplication loans_loanapplication_pkey; Type: CONSTRAINT; Schema: public; Owner: postgres
--

ALTER TABLE ONLY public.loans_loanapplication
    ADD CONSTRAINT loans_loanapplication_pkey PRIMARY KEY (id);


--
-- Name: loans_loanrepayment loans_loanrepayment_pkey; Type: CONSTRAINT; Schema: public; Owner: postgres
--

ALTER TABLE ONLY public.loans_loanrepayment
    ADD CONSTRAINT loans_loanrepayment_pkey PRIMARY KEY (id);


--
-- Name: payroll_auditlog payroll_auditlog_pkey; Type: CONSTRAINT; Schema: public; Owner: postgres
--

ALTER TABLE ONLY public.payroll_auditlog
    ADD CONSTRAINT payroll_auditlog_pkey PRIMARY KEY (id);


--
-- Name: payroll_bankaccount payroll_bankaccount_payee_id_account_number_5d28f711_uniq; Type: CONSTRAINT; Schema: public; Owner: postgres
--

ALTER TABLE ONLY public.payroll_bankaccount
    ADD CONSTRAINT payroll_bankaccount_payee_id_account_number_5d28f711_uniq UNIQUE (payee_id, account_number);


--
-- Name: payroll_bankaccount payroll_bankaccount_pkey; Type: CONSTRAINT; Schema: public; Owner: postgres
--

ALTER TABLE ONLY public.payroll_bankaccount
    ADD CONSTRAINT payroll_bankaccount_pkey PRIMARY KEY (id);


--
-- Name: payroll_payee payroll_payee_pkey; Type: CONSTRAINT; Schema: public; Owner: postgres
--

ALTER TABLE ONLY public.payroll_payee
    ADD CONSTRAINT payroll_payee_pkey PRIMARY KEY (id);


--
-- Name: payroll_payee payroll_payee_reference_code_key; Type: CONSTRAINT; Schema: public; Owner: postgres
--

ALTER TABLE ONLY public.payroll_payee
    ADD CONSTRAINT payroll_payee_reference_code_key UNIQUE (reference_code);


--
-- Name: payroll_payee payroll_payee_user_id_key; Type: CONSTRAINT; Schema: public; Owner: postgres
--

ALTER TABLE ONLY public.payroll_payee
    ADD CONSTRAINT payroll_payee_user_id_key UNIQUE (user_id);


--
-- Name: payroll_payeesalarystructure payroll_payeesalarystructure_payee_id_key; Type: CONSTRAINT; Schema: public; Owner: postgres
--

ALTER TABLE ONLY public.payroll_payeesalarystructure
    ADD CONSTRAINT payroll_payeesalarystructure_payee_id_key UNIQUE (payee_id);


--
-- Name: payroll_payeesalarystructure payroll_payeesalarystructure_pkey; Type: CONSTRAINT; Schema: public; Owner: postgres
--

ALTER TABLE ONLY public.payroll_payeesalarystructure
    ADD CONSTRAINT payroll_payeesalarystructure_pkey PRIMARY KEY (id);


--
-- Name: payroll_paymentbatch payroll_paymentbatch_pkey; Type: CONSTRAINT; Schema: public; Owner: postgres
--

ALTER TABLE ONLY public.payroll_paymentbatch
    ADD CONSTRAINT payroll_paymentbatch_pkey PRIMARY KEY (id);


--
-- Name: payroll_paymentbatch payroll_paymentbatch_reference_key; Type: CONSTRAINT; Schema: public; Owner: postgres
--

ALTER TABLE ONLY public.payroll_paymentbatch
    ADD CONSTRAINT payroll_paymentbatch_reference_key UNIQUE (reference);


--
-- Name: payroll_paymenttransaction payroll_paymenttransaction_paystack_reference_key; Type: CONSTRAINT; Schema: public; Owner: postgres
--

ALTER TABLE ONLY public.payroll_paymenttransaction
    ADD CONSTRAINT payroll_paymenttransaction_paystack_reference_key UNIQUE (paystack_reference);


--
-- Name: payroll_paymenttransaction payroll_paymenttransaction_pkey; Type: CONSTRAINT; Schema: public; Owner: postgres
--

ALTER TABLE ONLY public.payroll_paymenttransaction
    ADD CONSTRAINT payroll_paymenttransaction_pkey PRIMARY KEY (id);


--
-- Name: payroll_payrolllineitem payroll_payrolllineitem_pkey; Type: CONSTRAINT; Schema: public; Owner: postgres
--

ALTER TABLE ONLY public.payroll_payrolllineitem
    ADD CONSTRAINT payroll_payrolllineitem_pkey PRIMARY KEY (id);


--
-- Name: payroll_payrollperiod payroll_payrollperiod_month_year_9e6296d0_uniq; Type: CONSTRAINT; Schema: public; Owner: postgres
--

ALTER TABLE ONLY public.payroll_payrollperiod
    ADD CONSTRAINT payroll_payrollperiod_month_year_9e6296d0_uniq UNIQUE (month, year);


--
-- Name: payroll_payrollperiod payroll_payrollperiod_pkey; Type: CONSTRAINT; Schema: public; Owner: postgres
--

ALTER TABLE ONLY public.payroll_payrollperiod
    ADD CONSTRAINT payroll_payrollperiod_pkey PRIMARY KEY (id);


--
-- Name: payroll_payrollrecord payroll_payrollrecord_payee_id_payroll_period_id_11c64460_uniq; Type: CONSTRAINT; Schema: public; Owner: postgres
--

ALTER TABLE ONLY public.payroll_payrollrecord
    ADD CONSTRAINT payroll_payrollrecord_payee_id_payroll_period_id_11c64460_uniq UNIQUE (payee_id, payroll_period_id);


--
-- Name: payroll_payrollrecord payroll_payrollrecord_pkey; Type: CONSTRAINT; Schema: public; Owner: postgres
--

ALTER TABLE ONLY public.payroll_payrollrecord
    ADD CONSTRAINT payroll_payrollrecord_pkey PRIMARY KEY (id);


--
-- Name: payroll_salarycomponent payroll_salarycomponent_pkey; Type: CONSTRAINT; Schema: public; Owner: postgres
--

ALTER TABLE ONLY public.payroll_salarycomponent
    ADD CONSTRAINT payroll_salarycomponent_pkey PRIMARY KEY (id);


--
-- Name: payroll_salarystructure payroll_salarystructure_pkey; Type: CONSTRAINT; Schema: public; Owner: postgres
--

ALTER TABLE ONLY public.payroll_salarystructure
    ADD CONSTRAINT payroll_salarystructure_pkey PRIMARY KEY (id);


--
-- Name: payroll_salarystructureitem payroll_salarystructureitem_pkey; Type: CONSTRAINT; Schema: public; Owner: postgres
--

ALTER TABLE ONLY public.payroll_salarystructureitem
    ADD CONSTRAINT payroll_salarystructureitem_pkey PRIMARY KEY (id);


--
-- Name: payroll_schoolsettings payroll_schoolsettings_pkey; Type: CONSTRAINT; Schema: public; Owner: postgres
--

ALTER TABLE ONLY public.payroll_schoolsettings
    ADD CONSTRAINT payroll_schoolsettings_pkey PRIMARY KEY (id);


--
-- Name: pickup_pickupauthorization pickup_pickupauthorization_pkey; Type: CONSTRAINT; Schema: public; Owner: postgres
--

ALTER TABLE ONLY public.pickup_pickupauthorization
    ADD CONSTRAINT pickup_pickupauthorization_pkey PRIMARY KEY (id);


--
-- Name: pickup_pickupauthorization pickup_pickupauthorization_reference_key; Type: CONSTRAINT; Schema: public; Owner: postgres
--

ALTER TABLE ONLY public.pickup_pickupauthorization
    ADD CONSTRAINT pickup_pickupauthorization_reference_key UNIQUE (reference);


--
-- Name: pickup_pickupstudent pickup_pickupstudent_pkey; Type: CONSTRAINT; Schema: public; Owner: postgres
--

ALTER TABLE ONLY public.pickup_pickupstudent
    ADD CONSTRAINT pickup_pickupstudent_pkey PRIMARY KEY (id);


--
-- Name: pickup_pickupverificationlog pickup_pickupverificationlog_pkey; Type: CONSTRAINT; Schema: public; Owner: postgres
--

ALTER TABLE ONLY public.pickup_pickupverificationlog
    ADD CONSTRAINT pickup_pickupverificationlog_pkey PRIMARY KEY (id);


--
-- Name: accounts_user_admission_number_18951a49_like; Type: INDEX; Schema: public; Owner: postgres
--

CREATE INDEX accounts_user_admission_number_18951a49_like ON public.accounts_user USING btree (admission_number varchar_pattern_ops);


--
-- Name: accounts_user_groups_group_id_bd11a704; Type: INDEX; Schema: public; Owner: postgres
--

CREATE INDEX accounts_user_groups_group_id_bd11a704 ON public.accounts_user_groups USING btree (group_id);


--
-- Name: accounts_user_groups_user_id_52b62117; Type: INDEX; Schema: public; Owner: postgres
--

CREATE INDEX accounts_user_groups_user_id_52b62117 ON public.accounts_user_groups USING btree (user_id);


--
-- Name: accounts_user_parents_from_user_id_90306130; Type: INDEX; Schema: public; Owner: postgres
--

CREATE INDEX accounts_user_parents_from_user_id_90306130 ON public.accounts_user_parents USING btree (from_user_id);


--
-- Name: accounts_user_parents_to_user_id_e2f19993; Type: INDEX; Schema: public; Owner: postgres
--

CREATE INDEX accounts_user_parents_to_user_id_e2f19993 ON public.accounts_user_parents USING btree (to_user_id);


--
-- Name: accounts_user_student_class_id_0065824d; Type: INDEX; Schema: public; Owner: postgres
--

CREATE INDEX accounts_user_student_class_id_0065824d ON public.accounts_user USING btree (student_class_id);


--
-- Name: accounts_user_user_permissions_permission_id_113bb443; Type: INDEX; Schema: public; Owner: postgres
--

CREATE INDEX accounts_user_user_permissions_permission_id_113bb443 ON public.accounts_user_user_permissions USING btree (permission_id);


--
-- Name: accounts_user_user_permissions_user_id_e4f0a161; Type: INDEX; Schema: public; Owner: postgres
--

CREATE INDEX accounts_user_user_permissions_user_id_e4f0a161 ON public.accounts_user_user_permissions USING btree (user_id);


--
-- Name: accounts_user_username_6088629e_like; Type: INDEX; Schema: public; Owner: postgres
--

CREATE INDEX accounts_user_username_6088629e_like ON public.accounts_user USING btree (username varchar_pattern_ops);


--
-- Name: auth_group_name_a6ea08ec_like; Type: INDEX; Schema: public; Owner: postgres
--

CREATE INDEX auth_group_name_a6ea08ec_like ON public.auth_group USING btree (name varchar_pattern_ops);


--
-- Name: auth_group_permissions_group_id_b120cbf9; Type: INDEX; Schema: public; Owner: postgres
--

CREATE INDEX auth_group_permissions_group_id_b120cbf9 ON public.auth_group_permissions USING btree (group_id);


--
-- Name: auth_group_permissions_permission_id_84c5c92e; Type: INDEX; Schema: public; Owner: postgres
--

CREATE INDEX auth_group_permissions_permission_id_84c5c92e ON public.auth_group_permissions USING btree (permission_id);


--
-- Name: auth_permission_content_type_id_2f476e4b; Type: INDEX; Schema: public; Owner: postgres
--

CREATE INDEX auth_permission_content_type_id_2f476e4b ON public.auth_permission USING btree (content_type_id);


--
-- Name: brillspay_brillspaylog_order_id_a7ef992a; Type: INDEX; Schema: public; Owner: postgres
--

CREATE INDEX brillspay_brillspaylog_order_id_a7ef992a ON public.brillspay_brillspaylog USING btree (order_id);


--
-- Name: brillspay_brillspaylog_user_id_4a3fedd8; Type: INDEX; Schema: public; Owner: postgres
--

CREATE INDEX brillspay_brillspaylog_user_id_4a3fedd8 ON public.brillspay_brillspaylog USING btree (user_id);


--
-- Name: brillspay_cart_user_id_59e872c8; Type: INDEX; Schema: public; Owner: postgres
--

CREATE INDEX brillspay_cart_user_id_59e872c8 ON public.brillspay_cart USING btree (user_id);


--
-- Name: brillspay_cart_ward_id_99769b96; Type: INDEX; Schema: public; Owner: postgres
--

CREATE INDEX brillspay_cart_ward_id_99769b96 ON public.brillspay_cart USING btree (ward_id);


--
-- Name: brillspay_cartitem_cart_id_4130fbc9; Type: INDEX; Schema: public; Owner: postgres
--

CREATE INDEX brillspay_cartitem_cart_id_4130fbc9 ON public.brillspay_cartitem USING btree (cart_id);


--
-- Name: brillspay_cartitem_product_id_a08cbcb8; Type: INDEX; Schema: public; Owner: postgres
--

CREATE INDEX brillspay_cartitem_product_id_a08cbcb8 ON public.brillspay_cartitem USING btree (product_id);


--
-- Name: brillspay_order_buyer_id_546eb66b; Type: INDEX; Schema: public; Owner: postgres
--

CREATE INDEX brillspay_order_buyer_id_546eb66b ON public.brillspay_order USING btree (buyer_id);


--
-- Name: brillspay_order_exam_id_8c480507; Type: INDEX; Schema: public; Owner: postgres
--

CREATE INDEX brillspay_order_exam_id_8c480507 ON public.brillspay_order USING btree (exam_id);


--
-- Name: brillspay_order_reference_7524df5b_like; Type: INDEX; Schema: public; Owner: postgres
--

CREATE INDEX brillspay_order_reference_7524df5b_like ON public.brillspay_order USING btree (reference varchar_pattern_ops);


--
-- Name: brillspay_order_ward_id_df4f925d; Type: INDEX; Schema: public; Owner: postgres
--

CREATE INDEX brillspay_order_ward_id_df4f925d ON public.brillspay_order USING btree (ward_id);


--
-- Name: brillspay_orderitem_order_id_88bbc759; Type: INDEX; Schema: public; Owner: postgres
--

CREATE INDEX brillspay_orderitem_order_id_88bbc759 ON public.brillspay_orderitem USING btree (order_id);


--
-- Name: brillspay_orderitem_product_id_9af167de; Type: INDEX; Schema: public; Owner: postgres
--

CREATE INDEX brillspay_orderitem_product_id_9af167de ON public.brillspay_orderitem USING btree (product_id);


--
-- Name: brillspay_paymenttransaction_gateway_reference_b90501e7_like; Type: INDEX; Schema: public; Owner: postgres
--

CREATE INDEX brillspay_paymenttransaction_gateway_reference_b90501e7_like ON public.brillspay_paymenttransaction USING btree (gateway_reference varchar_pattern_ops);


--
-- Name: brillspay_paymenttransaction_order_id_4c4a43b1; Type: INDEX; Schema: public; Owner: postgres
--

CREATE INDEX brillspay_paymenttransaction_order_id_4c4a43b1 ON public.brillspay_paymenttransaction USING btree (order_id);


--
-- Name: brillspay_product_category_id_dc31df4f; Type: INDEX; Schema: public; Owner: postgres
--

CREATE INDEX brillspay_product_category_id_dc31df4f ON public.brillspay_product USING btree (category_id);


--
-- Name: brillspay_productcategory_class_name_ca99a316_like; Type: INDEX; Schema: public; Owner: postgres
--

CREATE INDEX brillspay_productcategory_class_name_ca99a316_like ON public.brillspay_productcategory USING btree (class_name varchar_pattern_ops);


--
-- Name: brillspay_productcategory_slug_ea1e05f1_like; Type: INDEX; Schema: public; Owner: postgres
--

CREATE INDEX brillspay_productcategory_slug_ea1e05f1_like ON public.brillspay_productcategory USING btree (slug varchar_pattern_ops);


--
-- Name: brillspay_transaction_gateway_reference_5dbd6d40_like; Type: INDEX; Schema: public; Owner: postgres
--

CREATE INDEX brillspay_transaction_gateway_reference_5dbd6d40_like ON public.brillspay_transaction USING btree (gateway_reference varchar_pattern_ops);


--
-- Name: brillspay_transaction_user_id_bcda7e77; Type: INDEX; Schema: public; Owner: postgres
--

CREATE INDEX brillspay_transaction_user_id_bcda7e77 ON public.brillspay_transaction USING btree (user_id);


--
-- Name: brillspay_transaction_ward_id_06612332; Type: INDEX; Schema: public; Owner: postgres
--

CREATE INDEX brillspay_transaction_ward_id_06612332 ON public.brillspay_transaction USING btree (ward_id);


--
-- Name: dashboards__categor_bb8c75_idx; Type: INDEX; Schema: public; Owner: postgres
--

CREATE INDEX dashboards__categor_bb8c75_idx ON public.dashboards_questionbank USING btree (category_id, question_type);


--
-- Name: dashboards__created_a627a9_idx; Type: INDEX; Schema: public; Owner: postgres
--

CREATE INDEX dashboards__created_a627a9_idx ON public.dashboards_questionbank USING btree (created_by_id);


--
-- Name: dashboards__recipie_790dbc_idx; Type: INDEX; Schema: public; Owner: postgres
--

CREATE INDEX dashboards__recipie_790dbc_idx ON public.dashboards_notification USING btree (recipient_id, is_read);


--
-- Name: dashboards__student_7ee715_idx; Type: INDEX; Schema: public; Owner: postgres
--

CREATE INDEX dashboards__student_7ee715_idx ON public.dashboards_studentperformance USING btree (student_id, exam_id);


--
-- Name: dashboards__student_a6cca4_idx; Type: INDEX; Schema: public; Owner: postgres
--

CREATE INDEX dashboards__student_a6cca4_idx ON public.dashboards_attempthistory USING btree (student_id, exam_id);


--
-- Name: dashboards_attempthistory_exam_id_3b45b050; Type: INDEX; Schema: public; Owner: postgres
--

CREATE INDEX dashboards_attempthistory_exam_id_3b45b050 ON public.dashboards_attempthistory USING btree (exam_id);


--
-- Name: dashboards_attempthistory_student_id_6d7053c0; Type: INDEX; Schema: public; Owner: postgres
--

CREATE INDEX dashboards_attempthistory_student_id_6d7053c0 ON public.dashboards_attempthistory USING btree (student_id);


--
-- Name: dashboards_bulkexportjob_exam_id_66f53e68; Type: INDEX; Schema: public; Owner: postgres
--

CREATE INDEX dashboards_bulkexportjob_exam_id_66f53e68 ON public.dashboards_bulkexportjob USING btree (exam_id);


--
-- Name: dashboards_bulkexportjob_exported_by_id_aeb70c1e; Type: INDEX; Schema: public; Owner: postgres
--

CREATE INDEX dashboards_bulkexportjob_exported_by_id_aeb70c1e ON public.dashboards_bulkexportjob USING btree (exported_by_id);


--
-- Name: dashboards_bulkimportjob_created_by_id_6627ae90; Type: INDEX; Schema: public; Owner: postgres
--

CREATE INDEX dashboards_bulkimportjob_created_by_id_6627ae90 ON public.dashboards_bulkimportjob USING btree (created_by_id);


--
-- Name: dashboards_certificate_certificate_number_cd4c9247_like; Type: INDEX; Schema: public; Owner: postgres
--

CREATE INDEX dashboards_certificate_certificate_number_cd4c9247_like ON public.dashboards_certificate USING btree (certificate_number varchar_pattern_ops);


--
-- Name: dashboards_certificate_exam_id_443b77de; Type: INDEX; Schema: public; Owner: postgres
--

CREATE INDEX dashboards_certificate_exam_id_443b77de ON public.dashboards_certificate USING btree (exam_id);


--
-- Name: dashboards_certificate_student_id_cdb2f923; Type: INDEX; Schema: public; Owner: postgres
--

CREATE INDEX dashboards_certificate_student_id_cdb2f923 ON public.dashboards_certificate USING btree (student_id);


--
-- Name: dashboards_certificate_verification_code_951959ae_like; Type: INDEX; Schema: public; Owner: postgres
--

CREATE INDEX dashboards_certificate_verification_code_951959ae_like ON public.dashboards_certificate USING btree (verification_code varchar_pattern_ops);


--
-- Name: dashboards_certificatetemplate_created_by_id_856a653d; Type: INDEX; Schema: public; Owner: postgres
--

CREATE INDEX dashboards_certificatetemplate_created_by_id_856a653d ON public.dashboards_certificatetemplate USING btree (created_by_id);


--
-- Name: dashboards_chatroom_created_by_id_0ae8e3a2; Type: INDEX; Schema: public; Owner: postgres
--

CREATE INDEX dashboards_chatroom_created_by_id_0ae8e3a2 ON public.dashboards_chatroom USING btree (created_by_id);


--
-- Name: dashboards_chatroom_name_a2bf114b_like; Type: INDEX; Schema: public; Owner: postgres
--

CREATE INDEX dashboards_chatroom_name_a2bf114b_like ON public.dashboards_chatroom USING btree (name varchar_pattern_ops);


--
-- Name: dashboards_chatroom_participants_chatroom_id_448ebdc7; Type: INDEX; Schema: public; Owner: postgres
--

CREATE INDEX dashboards_chatroom_participants_chatroom_id_448ebdc7 ON public.dashboards_chatroom_participants USING btree (chatroom_id);


--
-- Name: dashboards_chatroom_participants_user_id_2f472d29; Type: INDEX; Schema: public; Owner: postgres
--

CREATE INDEX dashboards_chatroom_participants_user_id_2f472d29 ON public.dashboards_chatroom_participants USING btree (user_id);


--
-- Name: dashboards_chatroommessage_room_id_c0e7df40; Type: INDEX; Schema: public; Owner: postgres
--

CREATE INDEX dashboards_chatroommessage_room_id_c0e7df40 ON public.dashboards_chatroommessage USING btree (room_id);


--
-- Name: dashboards_chatroommessage_sender_id_ae2223bf; Type: INDEX; Schema: public; Owner: postgres
--

CREATE INDEX dashboards_chatroommessage_sender_id_ae2223bf ON public.dashboards_chatroommessage USING btree (sender_id);


--
-- Name: dashboards_chatroomreadstatus_room_id_5dedc8b4; Type: INDEX; Schema: public; Owner: postgres
--

CREATE INDEX dashboards_chatroomreadstatus_room_id_5dedc8b4 ON public.dashboards_chatroomreadstatus USING btree (room_id);


--
-- Name: dashboards_chatroomreadstatus_user_id_9098285d; Type: INDEX; Schema: public; Owner: postgres
--

CREATE INDEX dashboards_chatroomreadstatus_user_id_9098285d ON public.dashboards_chatroomreadstatus USING btree (user_id);


--
-- Name: dashboards_gradingrubric_created_by_id_ffcb71ea; Type: INDEX; Schema: public; Owner: postgres
--

CREATE INDEX dashboards_gradingrubric_created_by_id_ffcb71ea ON public.dashboards_gradingrubric USING btree (created_by_id);


--
-- Name: dashboards_gradingrubric_exam_id_e4e20cf4; Type: INDEX; Schema: public; Owner: postgres
--

CREATE INDEX dashboards_gradingrubric_exam_id_e4e20cf4 ON public.dashboards_gradingrubric USING btree (exam_id);


--
-- Name: dashboards_notification_recipient_id_aa1bcd3d; Type: INDEX; Schema: public; Owner: postgres
--

CREATE INDEX dashboards_notification_recipient_id_aa1bcd3d ON public.dashboards_notification USING btree (recipient_id);


--
-- Name: dashboards_notification_related_exam_id_29e9bdd7; Type: INDEX; Schema: public; Owner: postgres
--

CREATE INDEX dashboards_notification_related_exam_id_29e9bdd7 ON public.dashboards_notification USING btree (related_exam_id);


--
-- Name: dashboards_permission_code_65a5378e_like; Type: INDEX; Schema: public; Owner: postgres
--

CREATE INDEX dashboards_permission_code_65a5378e_like ON public.dashboards_permission USING btree (code varchar_pattern_ops);


--
-- Name: dashboards_questionbank_category_id_0fc37140; Type: INDEX; Schema: public; Owner: postgres
--

CREATE INDEX dashboards_questionbank_category_id_0fc37140 ON public.dashboards_questionbank USING btree (category_id);


--
-- Name: dashboards_questionbank_created_by_id_40b3f072; Type: INDEX; Schema: public; Owner: postgres
--

CREATE INDEX dashboards_questionbank_created_by_id_40b3f072 ON public.dashboards_questionbank USING btree (created_by_id);


--
-- Name: dashboards_questionbank_school_class_id_95d8a2da; Type: INDEX; Schema: public; Owner: postgres
--

CREATE INDEX dashboards_questionbank_school_class_id_95d8a2da ON public.dashboards_questionbank USING btree (school_class_id);


--
-- Name: dashboards_questionbank_subject_id_330b617c; Type: INDEX; Schema: public; Owner: postgres
--

CREATE INDEX dashboards_questionbank_subject_id_330b617c ON public.dashboards_questionbank USING btree (subject_id);


--
-- Name: dashboards_questionbank_tags_questionbank_id_fc687dd4; Type: INDEX; Schema: public; Owner: postgres
--

CREATE INDEX dashboards_questionbank_tags_questionbank_id_fc687dd4 ON public.dashboards_questionbank_tags USING btree (questionbank_id);


--
-- Name: dashboards_questionbank_tags_questiontag_id_20a822c4; Type: INDEX; Schema: public; Owner: postgres
--

CREATE INDEX dashboards_questionbank_tags_questiontag_id_20a822c4 ON public.dashboards_questionbank_tags USING btree (questiontag_id);


--
-- Name: dashboards_questioncategory_created_by_id_aacadb44; Type: INDEX; Schema: public; Owner: postgres
--

CREATE INDEX dashboards_questioncategory_created_by_id_aacadb44 ON public.dashboards_questioncategory USING btree (created_by_id);


--
-- Name: dashboards_questioncategory_name_31037b7c_like; Type: INDEX; Schema: public; Owner: postgres
--

CREATE INDEX dashboards_questioncategory_name_31037b7c_like ON public.dashboards_questioncategory USING btree (name varchar_pattern_ops);


--
-- Name: dashboards_questionchoice_question_id_6704d941; Type: INDEX; Schema: public; Owner: postgres
--

CREATE INDEX dashboards_questionchoice_question_id_6704d941 ON public.dashboards_questionchoice USING btree (question_id);


--
-- Name: dashboards_questiontag_name_d3953830_like; Type: INDEX; Schema: public; Owner: postgres
--

CREATE INDEX dashboards_questiontag_name_d3953830_like ON public.dashboards_questiontag USING btree (name varchar_pattern_ops);


--
-- Name: dashboards_role_created_by_id_935981c1; Type: INDEX; Schema: public; Owner: postgres
--

CREATE INDEX dashboards_role_created_by_id_935981c1 ON public.dashboards_role USING btree (created_by_id);


--
-- Name: dashboards_role_name_f5004abe_like; Type: INDEX; Schema: public; Owner: postgres
--

CREATE INDEX dashboards_role_name_f5004abe_like ON public.dashboards_role USING btree (name varchar_pattern_ops);


--
-- Name: dashboards_rolepermission_permission_id_ea78ff11; Type: INDEX; Schema: public; Owner: postgres
--

CREATE INDEX dashboards_rolepermission_permission_id_ea78ff11 ON public.dashboards_rolepermission USING btree (permission_id);


--
-- Name: dashboards_rolepermission_role_id_35e1ec5e; Type: INDEX; Schema: public; Owner: postgres
--

CREATE INDEX dashboards_rolepermission_role_id_35e1ec5e ON public.dashboards_rolepermission USING btree (role_id);


--
-- Name: dashboards_rubriccriteria_rubric_id_31ff6932; Type: INDEX; Schema: public; Owner: postgres
--

CREATE INDEX dashboards_rubriccriteria_rubric_id_31ff6932 ON public.dashboards_rubriccriteria USING btree (rubric_id);


--
-- Name: dashboards_rubriccriteriagrade_criteria_id_f339fc3a; Type: INDEX; Schema: public; Owner: postgres
--

CREATE INDEX dashboards_rubriccriteriagrade_criteria_id_f339fc3a ON public.dashboards_rubriccriteriagrade USING btree (criteria_id);


--
-- Name: dashboards_rubriccriteriagrade_rubric_grade_id_4ad50de1; Type: INDEX; Schema: public; Owner: postgres
--

CREATE INDEX dashboards_rubriccriteriagrade_rubric_grade_id_4ad50de1 ON public.dashboards_rubriccriteriagrade USING btree (rubric_grade_id);


--
-- Name: dashboards_rubriccriteriagrade_selected_score_id_1f1282f6; Type: INDEX; Schema: public; Owner: postgres
--

CREATE INDEX dashboards_rubriccriteriagrade_selected_score_id_1f1282f6 ON public.dashboards_rubriccriteriagrade USING btree (selected_score_id);


--
-- Name: dashboards_rubricgrade_attempt_id_f0ee90f9; Type: INDEX; Schema: public; Owner: postgres
--

CREATE INDEX dashboards_rubricgrade_attempt_id_f0ee90f9 ON public.dashboards_rubricgrade USING btree (attempt_id);


--
-- Name: dashboards_rubricgrade_graded_by_id_876523cc; Type: INDEX; Schema: public; Owner: postgres
--

CREATE INDEX dashboards_rubricgrade_graded_by_id_876523cc ON public.dashboards_rubricgrade USING btree (graded_by_id);


--
-- Name: dashboards_rubricgrade_rubric_id_365e1c68; Type: INDEX; Schema: public; Owner: postgres
--

CREATE INDEX dashboards_rubricgrade_rubric_id_365e1c68 ON public.dashboards_rubricgrade USING btree (rubric_id);


--
-- Name: dashboards_rubricscore_criteria_id_95b8059b; Type: INDEX; Schema: public; Owner: postgres
--

CREATE INDEX dashboards_rubricscore_criteria_id_95b8059b ON public.dashboards_rubricscore USING btree (criteria_id);


--
-- Name: dashboards_schedulednotification_exam_id_b5723bd8; Type: INDEX; Schema: public; Owner: postgres
--

CREATE INDEX dashboards_schedulednotification_exam_id_b5723bd8 ON public.dashboards_schedulednotification USING btree (exam_id);


--
-- Name: dashboards_schedulednotification_student_id_1182408a; Type: INDEX; Schema: public; Owner: postgres
--

CREATE INDEX dashboards_schedulednotification_student_id_1182408a ON public.dashboards_schedulednotification USING btree (student_id);


--
-- Name: dashboards_studentperformance_exam_id_e61101af; Type: INDEX; Schema: public; Owner: postgres
--

CREATE INDEX dashboards_studentperformance_exam_id_e61101af ON public.dashboards_studentperformance USING btree (exam_id);


--
-- Name: dashboards_studentperformance_student_id_e9d36baa; Type: INDEX; Schema: public; Owner: postgres
--

CREATE INDEX dashboards_studentperformance_student_id_e9d36baa ON public.dashboards_studentperformance USING btree (student_id);


--
-- Name: dashboards_userrole_assigned_by_id_473761e1; Type: INDEX; Schema: public; Owner: postgres
--

CREATE INDEX dashboards_userrole_assigned_by_id_473761e1 ON public.dashboards_userrole USING btree (assigned_by_id);


--
-- Name: dashboards_userrole_role_id_b7a6989f; Type: INDEX; Schema: public; Owner: postgres
--

CREATE INDEX dashboards_userrole_role_id_b7a6989f ON public.dashboards_userrole USING btree (role_id);


--
-- Name: dashboards_userrole_user_id_d264a647; Type: INDEX; Schema: public; Owner: postgres
--

CREATE INDEX dashboards_userrole_user_id_d264a647 ON public.dashboards_userrole USING btree (user_id);


--
-- Name: django_admin_log_content_type_id_c4bce8eb; Type: INDEX; Schema: public; Owner: postgres
--

CREATE INDEX django_admin_log_content_type_id_c4bce8eb ON public.django_admin_log USING btree (content_type_id);


--
-- Name: django_admin_log_user_id_c564eba6; Type: INDEX; Schema: public; Owner: postgres
--

CREATE INDEX django_admin_log_user_id_c564eba6 ON public.django_admin_log USING btree (user_id);


--
-- Name: django_session_expire_date_a5c62663; Type: INDEX; Schema: public; Owner: postgres
--

CREATE INDEX django_session_expire_date_a5c62663 ON public.django_session USING btree (expire_date);


--
-- Name: django_session_session_key_c0390e0f_like; Type: INDEX; Schema: public; Owner: postgres
--

CREATE INDEX django_session_session_key_c0390e0f_like ON public.django_session USING btree (session_key varchar_pattern_ops);


--
-- Name: exams_broadcast_recipients_broadcast_id_bbb41dbc; Type: INDEX; Schema: public; Owner: postgres
--

CREATE INDEX exams_broadcast_recipients_broadcast_id_bbb41dbc ON public.exams_broadcast_recipients USING btree (broadcast_id);


--
-- Name: exams_broadcast_recipients_user_id_3b2e32ae; Type: INDEX; Schema: public; Owner: postgres
--

CREATE INDEX exams_broadcast_recipients_user_id_3b2e32ae ON public.exams_broadcast_recipients USING btree (user_id);


--
-- Name: exams_broadcast_sender_id_d26f007b; Type: INDEX; Schema: public; Owner: postgres
--

CREATE INDEX exams_broadcast_sender_id_d26f007b ON public.exams_broadcast USING btree (sender_id);


--
-- Name: exams_broadcast_target_class_id_ffd26a83; Type: INDEX; Schema: public; Owner: postgres
--

CREATE INDEX exams_broadcast_target_class_id_ffd26a83 ON public.exams_broadcast USING btree (target_class_id);


--
-- Name: exams_chatmessage_recipient_id_9401080d; Type: INDEX; Schema: public; Owner: postgres
--

CREATE INDEX exams_chatmessage_recipient_id_9401080d ON public.exams_chatmessage USING btree (recipient_id);


--
-- Name: exams_chatmessage_sender_id_52b7e917; Type: INDEX; Schema: public; Owner: postgres
--

CREATE INDEX exams_chatmessage_sender_id_52b7e917 ON public.exams_chatmessage USING btree (sender_id);


--
-- Name: exams_choice_question_id_ce7c2385; Type: INDEX; Schema: public; Owner: postgres
--

CREATE INDEX exams_choice_question_id_ce7c2385 ON public.exams_choice USING btree (question_id);


--
-- Name: exams_exam_created_by_id_41730b16; Type: INDEX; Schema: public; Owner: postgres
--

CREATE INDEX exams_exam_created_by_id_41730b16 ON public.exams_exam USING btree (created_by_id);


--
-- Name: exams_exam_school_class_id_51d615af; Type: INDEX; Schema: public; Owner: postgres
--

CREATE INDEX exams_exam_school_class_id_51d615af ON public.exams_exam USING btree (school_class_id);


--
-- Name: exams_examaccess_exam_id_080b13cb; Type: INDEX; Schema: public; Owner: postgres
--

CREATE INDEX exams_examaccess_exam_id_080b13cb ON public.exams_examaccess USING btree (exam_id);


--
-- Name: exams_examaccess_granted_by_id_1f122935; Type: INDEX; Schema: public; Owner: postgres
--

CREATE INDEX exams_examaccess_granted_by_id_1f122935 ON public.exams_examaccess USING btree (granted_by_id);


--
-- Name: exams_examaccess_student_id_cb1133c6; Type: INDEX; Schema: public; Owner: postgres
--

CREATE INDEX exams_examaccess_student_id_cb1133c6 ON public.exams_examaccess USING btree (student_id);


--
-- Name: exams_examattempt_exam_id_a836ae5c; Type: INDEX; Schema: public; Owner: postgres
--

CREATE INDEX exams_examattempt_exam_id_a836ae5c ON public.exams_examattempt USING btree (exam_id);


--
-- Name: exams_examattempt_student_id_852934f6; Type: INDEX; Schema: public; Owner: postgres
--

CREATE INDEX exams_examattempt_student_id_852934f6 ON public.exams_examattempt USING btree (student_id);


--
-- Name: exams_notification_recipient_id_6ba58d39; Type: INDEX; Schema: public; Owner: postgres
--

CREATE INDEX exams_notification_recipient_id_6ba58d39 ON public.exams_notification USING btree (recipient_id);


--
-- Name: exams_notification_sender_id_239539c8; Type: INDEX; Schema: public; Owner: postgres
--

CREATE INDEX exams_notification_sender_id_239539c8 ON public.exams_notification USING btree (sender_id);


--
-- Name: exams_ptarequest_parent_id_3786f06e; Type: INDEX; Schema: public; Owner: postgres
--

CREATE INDEX exams_ptarequest_parent_id_3786f06e ON public.exams_ptarequest USING btree (parent_id);


--
-- Name: exams_ptarequest_recipient_id_a9914f59; Type: INDEX; Schema: public; Owner: postgres
--

CREATE INDEX exams_ptarequest_recipient_id_a9914f59 ON public.exams_ptarequest USING btree (recipient_id);


--
-- Name: exams_question_exam_id_85081c44; Type: INDEX; Schema: public; Owner: postgres
--

CREATE INDEX exams_question_exam_id_85081c44 ON public.exams_question USING btree (exam_id);


--
-- Name: exams_retakerequest_exam_id_a0cadf1d; Type: INDEX; Schema: public; Owner: postgres
--

CREATE INDEX exams_retakerequest_exam_id_a0cadf1d ON public.exams_retakerequest USING btree (exam_id);


--
-- Name: exams_retakerequest_reviewed_by_id_b0cd1e98; Type: INDEX; Schema: public; Owner: postgres
--

CREATE INDEX exams_retakerequest_reviewed_by_id_b0cd1e98 ON public.exams_retakerequest USING btree (reviewed_by_id);


--
-- Name: exams_retakerequest_student_id_d59c72f8; Type: INDEX; Schema: public; Owner: postgres
--

CREATE INDEX exams_retakerequest_student_id_d59c72f8 ON public.exams_retakerequest USING btree (student_id);


--
-- Name: exams_schoolclass_assistant_teacher_id_7a01fccd; Type: INDEX; Schema: public; Owner: postgres
--

CREATE INDEX exams_schoolclass_assistant_teacher_id_7a01fccd ON public.exams_schoolclass USING btree (assistant_teacher_id);


--
-- Name: exams_schoolclass_name_da7a0eb3_like; Type: INDEX; Schema: public; Owner: postgres
--

CREATE INDEX exams_schoolclass_name_da7a0eb3_like ON public.exams_schoolclass USING btree (name varchar_pattern_ops);


--
-- Name: exams_schoolclass_teacher_id_4054126c; Type: INDEX; Schema: public; Owner: postgres
--

CREATE INDEX exams_schoolclass_teacher_id_4054126c ON public.exams_schoolclass USING btree (teacher_id);


--
-- Name: exams_studentanswer_attempt_id_3bbdd11c; Type: INDEX; Schema: public; Owner: postgres
--

CREATE INDEX exams_studentanswer_attempt_id_3bbdd11c ON public.exams_studentanswer USING btree (attempt_id);


--
-- Name: exams_studentanswer_question_id_2f8719c5; Type: INDEX; Schema: public; Owner: postgres
--

CREATE INDEX exams_studentanswer_question_id_2f8719c5 ON public.exams_studentanswer USING btree (question_id);


--
-- Name: exams_studentanswer_selected_choice_id_ce71a46f; Type: INDEX; Schema: public; Owner: postgres
--

CREATE INDEX exams_studentanswer_selected_choice_id_ce71a46f ON public.exams_studentanswer USING btree (selected_choice_id);


--
-- Name: exams_subject_classes_schoolclass_id_7d38feed; Type: INDEX; Schema: public; Owner: postgres
--

CREATE INDEX exams_subject_classes_schoolclass_id_7d38feed ON public.exams_subject_classes USING btree (schoolclass_id);


--
-- Name: exams_subject_classes_subject_id_544cd5b8; Type: INDEX; Schema: public; Owner: postgres
--

CREATE INDEX exams_subject_classes_subject_id_544cd5b8 ON public.exams_subject_classes USING btree (subject_id);


--
-- Name: exams_subject_created_by_id_1e3d5ebd; Type: INDEX; Schema: public; Owner: postgres
--

CREATE INDEX exams_subject_created_by_id_1e3d5ebd ON public.exams_subject USING btree (created_by_id);


--
-- Name: exams_subjectivemark_marked_by_id_f35d22b1; Type: INDEX; Schema: public; Owner: postgres
--

CREATE INDEX exams_subjectivemark_marked_by_id_f35d22b1 ON public.exams_subjectivemark USING btree (marked_by_id);


--
-- Name: leaves_leaverequest_leave_type_id_12a8fd52; Type: INDEX; Schema: public; Owner: postgres
--

CREATE INDEX leaves_leaverequest_leave_type_id_12a8fd52 ON public.leaves_leaverequest USING btree (leave_type_id);


--
-- Name: leaves_leaverequest_payee_id_75a10c28; Type: INDEX; Schema: public; Owner: postgres
--

CREATE INDEX leaves_leaverequest_payee_id_75a10c28 ON public.leaves_leaverequest USING btree (payee_id);


--
-- Name: leaves_leaverequest_reviewed_by_id_43d77d88; Type: INDEX; Schema: public; Owner: postgres
--

CREATE INDEX leaves_leaverequest_reviewed_by_id_43d77d88 ON public.leaves_leaverequest USING btree (reviewed_by_id);


--
-- Name: loans_loanapplication_approved_by_id_e8699a4f; Type: INDEX; Schema: public; Owner: postgres
--

CREATE INDEX loans_loanapplication_approved_by_id_e8699a4f ON public.loans_loanapplication USING btree (approved_by_id);


--
-- Name: loans_loanapplication_payee_id_e8b63307; Type: INDEX; Schema: public; Owner: postgres
--

CREATE INDEX loans_loanapplication_payee_id_e8b63307 ON public.loans_loanapplication USING btree (payee_id);


--
-- Name: loans_loanrepayment_loan_id_22d47104; Type: INDEX; Schema: public; Owner: postgres
--

CREATE INDEX loans_loanrepayment_loan_id_22d47104 ON public.loans_loanrepayment USING btree (loan_id);


--
-- Name: loans_loanrepayment_payroll_record_id_ee3e0a2a; Type: INDEX; Schema: public; Owner: postgres
--

CREATE INDEX loans_loanrepayment_payroll_record_id_ee3e0a2a ON public.loans_loanrepayment USING btree (payroll_record_id);


--
-- Name: payroll_auditlog_user_id_8c739156; Type: INDEX; Schema: public; Owner: postgres
--

CREATE INDEX payroll_auditlog_user_id_8c739156 ON public.payroll_auditlog USING btree (user_id);


--
-- Name: payroll_bankaccount_payee_id_258dd344; Type: INDEX; Schema: public; Owner: postgres
--

CREATE INDEX payroll_bankaccount_payee_id_258dd344 ON public.payroll_bankaccount USING btree (payee_id);


--
-- Name: payroll_payee_reference_code_6a11e4d9_like; Type: INDEX; Schema: public; Owner: postgres
--

CREATE INDEX payroll_payee_reference_code_6a11e4d9_like ON public.payroll_payee USING btree (reference_code varchar_pattern_ops);


--
-- Name: payroll_payeesalarystructure_salary_structure_id_ebcbf85c; Type: INDEX; Schema: public; Owner: postgres
--

CREATE INDEX payroll_payeesalarystructure_salary_structure_id_ebcbf85c ON public.payroll_payeesalarystructure USING btree (salary_structure_id);


--
-- Name: payroll_paymentbatch_created_by_id_4dc536f5; Type: INDEX; Schema: public; Owner: postgres
--

CREATE INDEX payroll_paymentbatch_created_by_id_4dc536f5 ON public.payroll_paymentbatch USING btree (created_by_id);


--
-- Name: payroll_paymentbatch_payroll_period_id_ed3b58cd; Type: INDEX; Schema: public; Owner: postgres
--

CREATE INDEX payroll_paymentbatch_payroll_period_id_ed3b58cd ON public.payroll_paymentbatch USING btree (payroll_period_id);


--
-- Name: payroll_paymentbatch_reference_364c0c21_like; Type: INDEX; Schema: public; Owner: postgres
--

CREATE INDEX payroll_paymentbatch_reference_364c0c21_like ON public.payroll_paymentbatch USING btree (reference varchar_pattern_ops);


--
-- Name: payroll_paymenttransaction_batch_id_14dfc108; Type: INDEX; Schema: public; Owner: postgres
--

CREATE INDEX payroll_paymenttransaction_batch_id_14dfc108 ON public.payroll_paymenttransaction USING btree (batch_id);


--
-- Name: payroll_paymenttransaction_payroll_record_id_9264a2c2; Type: INDEX; Schema: public; Owner: postgres
--

CREATE INDEX payroll_paymenttransaction_payroll_record_id_9264a2c2 ON public.payroll_paymenttransaction USING btree (payroll_record_id);


--
-- Name: payroll_paymenttransaction_paystack_reference_4f22ee46_like; Type: INDEX; Schema: public; Owner: postgres
--

CREATE INDEX payroll_paymenttransaction_paystack_reference_4f22ee46_like ON public.payroll_paymenttransaction USING btree (paystack_reference varchar_pattern_ops);


--
-- Name: payroll_payrolllineitem_payroll_record_id_bab1472f; Type: INDEX; Schema: public; Owner: postgres
--

CREATE INDEX payroll_payrolllineitem_payroll_record_id_bab1472f ON public.payroll_payrolllineitem USING btree (payroll_record_id);


--
-- Name: payroll_payrollrecord_payee_id_5c1d1f3f; Type: INDEX; Schema: public; Owner: postgres
--

CREATE INDEX payroll_payrollrecord_payee_id_5c1d1f3f ON public.payroll_payrollrecord USING btree (payee_id);


--
-- Name: payroll_payrollrecord_payroll_period_id_971dd6d5; Type: INDEX; Schema: public; Owner: postgres
--

CREATE INDEX payroll_payrollrecord_payroll_period_id_971dd6d5 ON public.payroll_payrollrecord USING btree (payroll_period_id);


--
-- Name: payroll_salarystructureitem_component_id_ff97ac08; Type: INDEX; Schema: public; Owner: postgres
--

CREATE INDEX payroll_salarystructureitem_component_id_ff97ac08 ON public.payroll_salarystructureitem USING btree (component_id);


--
-- Name: payroll_salarystructureitem_salary_structure_id_3902aed6; Type: INDEX; Schema: public; Owner: postgres
--

CREATE INDEX payroll_salarystructureitem_salary_structure_id_3902aed6 ON public.payroll_salarystructureitem USING btree (salary_structure_id);


--
-- Name: pickup_pickupauthorization_parent_id_97ab020c; Type: INDEX; Schema: public; Owner: postgres
--

CREATE INDEX pickup_pickupauthorization_parent_id_97ab020c ON public.pickup_pickupauthorization USING btree (parent_id);


--
-- Name: pickup_pickupauthorization_reference_089772e7_like; Type: INDEX; Schema: public; Owner: postgres
--

CREATE INDEX pickup_pickupauthorization_reference_089772e7_like ON public.pickup_pickupauthorization USING btree (reference varchar_pattern_ops);


--
-- Name: pickup_pickupstudent_pickup_id_cad8a39f; Type: INDEX; Schema: public; Owner: postgres
--

CREATE INDEX pickup_pickupstudent_pickup_id_cad8a39f ON public.pickup_pickupstudent USING btree (pickup_id);


--
-- Name: pickup_pickupstudent_student_id_5c899488; Type: INDEX; Schema: public; Owner: postgres
--

CREATE INDEX pickup_pickupstudent_student_id_5c899488 ON public.pickup_pickupstudent USING btree (student_id);


--
-- Name: pickup_pickupverificationlog_pickup_id_9f12ca2d; Type: INDEX; Schema: public; Owner: postgres
--

CREATE INDEX pickup_pickupverificationlog_pickup_id_9f12ca2d ON public.pickup_pickupverificationlog USING btree (pickup_id);


--
-- Name: pickup_pickupverificationlog_verified_by_id_bdf173ba; Type: INDEX; Schema: public; Owner: postgres
--

CREATE INDEX pickup_pickupverificationlog_verified_by_id_bdf173ba ON public.pickup_pickupverificationlog USING btree (verified_by_id);


--
-- Name: unique_active_attempt_per_exam; Type: INDEX; Schema: public; Owner: postgres
--

CREATE UNIQUE INDEX unique_active_attempt_per_exam ON public.exams_examattempt USING btree (student_id, exam_id) WHERE ((status)::text = ANY ((ARRAY['in_progress'::character varying, 'interrupted'::character varying])::text[]));


--
-- Name: accounts_student accounts_student_user_ptr_id_21f57478_fk_accounts_user_id; Type: FK CONSTRAINT; Schema: public; Owner: postgres
--

ALTER TABLE ONLY public.accounts_student
    ADD CONSTRAINT accounts_student_user_ptr_id_21f57478_fk_accounts_user_id FOREIGN KEY (user_ptr_id) REFERENCES public.accounts_user(id) DEFERRABLE INITIALLY DEFERRED;


--
-- Name: accounts_user_groups accounts_user_groups_group_id_bd11a704_fk_auth_group_id; Type: FK CONSTRAINT; Schema: public; Owner: postgres
--

ALTER TABLE ONLY public.accounts_user_groups
    ADD CONSTRAINT accounts_user_groups_group_id_bd11a704_fk_auth_group_id FOREIGN KEY (group_id) REFERENCES public.auth_group(id) DEFERRABLE INITIALLY DEFERRED;


--
-- Name: accounts_user_groups accounts_user_groups_user_id_52b62117_fk_accounts_user_id; Type: FK CONSTRAINT; Schema: public; Owner: postgres
--

ALTER TABLE ONLY public.accounts_user_groups
    ADD CONSTRAINT accounts_user_groups_user_id_52b62117_fk_accounts_user_id FOREIGN KEY (user_id) REFERENCES public.accounts_user(id) DEFERRABLE INITIALLY DEFERRED;


--
-- Name: accounts_user_parents accounts_user_parents_from_user_id_90306130_fk_accounts_user_id; Type: FK CONSTRAINT; Schema: public; Owner: postgres
--

ALTER TABLE ONLY public.accounts_user_parents
    ADD CONSTRAINT accounts_user_parents_from_user_id_90306130_fk_accounts_user_id FOREIGN KEY (from_user_id) REFERENCES public.accounts_user(id) DEFERRABLE INITIALLY DEFERRED;


--
-- Name: accounts_user_parents accounts_user_parents_to_user_id_e2f19993_fk_accounts_user_id; Type: FK CONSTRAINT; Schema: public; Owner: postgres
--

ALTER TABLE ONLY public.accounts_user_parents
    ADD CONSTRAINT accounts_user_parents_to_user_id_e2f19993_fk_accounts_user_id FOREIGN KEY (to_user_id) REFERENCES public.accounts_user(id) DEFERRABLE INITIALLY DEFERRED;


--
-- Name: accounts_user accounts_user_student_class_id_0065824d_fk_exams_schoolclass_id; Type: FK CONSTRAINT; Schema: public; Owner: postgres
--

ALTER TABLE ONLY public.accounts_user
    ADD CONSTRAINT accounts_user_student_class_id_0065824d_fk_exams_schoolclass_id FOREIGN KEY (student_class_id) REFERENCES public.exams_schoolclass(id) DEFERRABLE INITIALLY DEFERRED;


--
-- Name: accounts_user_user_permissions accounts_user_user_p_permission_id_113bb443_fk_auth_perm; Type: FK CONSTRAINT; Schema: public; Owner: postgres
--

ALTER TABLE ONLY public.accounts_user_user_permissions
    ADD CONSTRAINT accounts_user_user_p_permission_id_113bb443_fk_auth_perm FOREIGN KEY (permission_id) REFERENCES public.auth_permission(id) DEFERRABLE INITIALLY DEFERRED;


--
-- Name: accounts_user_user_permissions accounts_user_user_p_user_id_e4f0a161_fk_accounts_; Type: FK CONSTRAINT; Schema: public; Owner: postgres
--

ALTER TABLE ONLY public.accounts_user_user_permissions
    ADD CONSTRAINT accounts_user_user_p_user_id_e4f0a161_fk_accounts_ FOREIGN KEY (user_id) REFERENCES public.accounts_user(id) DEFERRABLE INITIALLY DEFERRED;


--
-- Name: auth_group_permissions auth_group_permissio_permission_id_84c5c92e_fk_auth_perm; Type: FK CONSTRAINT; Schema: public; Owner: postgres
--

ALTER TABLE ONLY public.auth_group_permissions
    ADD CONSTRAINT auth_group_permissio_permission_id_84c5c92e_fk_auth_perm FOREIGN KEY (permission_id) REFERENCES public.auth_permission(id) DEFERRABLE INITIALLY DEFERRED;


--
-- Name: auth_group_permissions auth_group_permissions_group_id_b120cbf9_fk_auth_group_id; Type: FK CONSTRAINT; Schema: public; Owner: postgres
--

ALTER TABLE ONLY public.auth_group_permissions
    ADD CONSTRAINT auth_group_permissions_group_id_b120cbf9_fk_auth_group_id FOREIGN KEY (group_id) REFERENCES public.auth_group(id) DEFERRABLE INITIALLY DEFERRED;


--
-- Name: auth_permission auth_permission_content_type_id_2f476e4b_fk_django_co; Type: FK CONSTRAINT; Schema: public; Owner: postgres
--

ALTER TABLE ONLY public.auth_permission
    ADD CONSTRAINT auth_permission_content_type_id_2f476e4b_fk_django_co FOREIGN KEY (content_type_id) REFERENCES public.django_content_type(id) DEFERRABLE INITIALLY DEFERRED;


--
-- Name: brillspay_brillspaylog brillspay_brillspaylog_order_id_a7ef992a_fk_brillspay_order_id; Type: FK CONSTRAINT; Schema: public; Owner: postgres
--

ALTER TABLE ONLY public.brillspay_brillspaylog
    ADD CONSTRAINT brillspay_brillspaylog_order_id_a7ef992a_fk_brillspay_order_id FOREIGN KEY (order_id) REFERENCES public.brillspay_order(id) DEFERRABLE INITIALLY DEFERRED;


--
-- Name: brillspay_brillspaylog brillspay_brillspaylog_user_id_4a3fedd8_fk_accounts_user_id; Type: FK CONSTRAINT; Schema: public; Owner: postgres
--

ALTER TABLE ONLY public.brillspay_brillspaylog
    ADD CONSTRAINT brillspay_brillspaylog_user_id_4a3fedd8_fk_accounts_user_id FOREIGN KEY (user_id) REFERENCES public.accounts_user(id) DEFERRABLE INITIALLY DEFERRED;


--
-- Name: brillspay_cart brillspay_cart_user_id_59e872c8_fk_accounts_user_id; Type: FK CONSTRAINT; Schema: public; Owner: postgres
--

ALTER TABLE ONLY public.brillspay_cart
    ADD CONSTRAINT brillspay_cart_user_id_59e872c8_fk_accounts_user_id FOREIGN KEY (user_id) REFERENCES public.accounts_user(id) DEFERRABLE INITIALLY DEFERRED;


--
-- Name: brillspay_cart brillspay_cart_ward_id_99769b96_fk_accounts_user_id; Type: FK CONSTRAINT; Schema: public; Owner: postgres
--

ALTER TABLE ONLY public.brillspay_cart
    ADD CONSTRAINT brillspay_cart_ward_id_99769b96_fk_accounts_user_id FOREIGN KEY (ward_id) REFERENCES public.accounts_user(id) DEFERRABLE INITIALLY DEFERRED;


--
-- Name: brillspay_cartitem brillspay_cartitem_cart_id_4130fbc9_fk_brillspay_cart_id; Type: FK CONSTRAINT; Schema: public; Owner: postgres
--

ALTER TABLE ONLY public.brillspay_cartitem
    ADD CONSTRAINT brillspay_cartitem_cart_id_4130fbc9_fk_brillspay_cart_id FOREIGN KEY (cart_id) REFERENCES public.brillspay_cart(id) DEFERRABLE INITIALLY DEFERRED;


--
-- Name: brillspay_cartitem brillspay_cartitem_product_id_a08cbcb8_fk_brillspay_product_id; Type: FK CONSTRAINT; Schema: public; Owner: postgres
--

ALTER TABLE ONLY public.brillspay_cartitem
    ADD CONSTRAINT brillspay_cartitem_product_id_a08cbcb8_fk_brillspay_product_id FOREIGN KEY (product_id) REFERENCES public.brillspay_product(id) DEFERRABLE INITIALLY DEFERRED;


--
-- Name: brillspay_order brillspay_order_buyer_id_546eb66b_fk_accounts_user_id; Type: FK CONSTRAINT; Schema: public; Owner: postgres
--

ALTER TABLE ONLY public.brillspay_order
    ADD CONSTRAINT brillspay_order_buyer_id_546eb66b_fk_accounts_user_id FOREIGN KEY (buyer_id) REFERENCES public.accounts_user(id) DEFERRABLE INITIALLY DEFERRED;


--
-- Name: brillspay_order brillspay_order_exam_id_8c480507_fk_exams_exam_id; Type: FK CONSTRAINT; Schema: public; Owner: postgres
--

ALTER TABLE ONLY public.brillspay_order
    ADD CONSTRAINT brillspay_order_exam_id_8c480507_fk_exams_exam_id FOREIGN KEY (exam_id) REFERENCES public.exams_exam(id) DEFERRABLE INITIALLY DEFERRED;


--
-- Name: brillspay_order brillspay_order_ward_id_df4f925d_fk_accounts_user_id; Type: FK CONSTRAINT; Schema: public; Owner: postgres
--

ALTER TABLE ONLY public.brillspay_order
    ADD CONSTRAINT brillspay_order_ward_id_df4f925d_fk_accounts_user_id FOREIGN KEY (ward_id) REFERENCES public.accounts_user(id) DEFERRABLE INITIALLY DEFERRED;


--
-- Name: brillspay_orderitem brillspay_orderitem_order_id_88bbc759_fk_brillspay_order_id; Type: FK CONSTRAINT; Schema: public; Owner: postgres
--

ALTER TABLE ONLY public.brillspay_orderitem
    ADD CONSTRAINT brillspay_orderitem_order_id_88bbc759_fk_brillspay_order_id FOREIGN KEY (order_id) REFERENCES public.brillspay_order(id) DEFERRABLE INITIALLY DEFERRED;


--
-- Name: brillspay_orderitem brillspay_orderitem_product_id_9af167de_fk_brillspay_product_id; Type: FK CONSTRAINT; Schema: public; Owner: postgres
--

ALTER TABLE ONLY public.brillspay_orderitem
    ADD CONSTRAINT brillspay_orderitem_product_id_9af167de_fk_brillspay_product_id FOREIGN KEY (product_id) REFERENCES public.brillspay_product(id) DEFERRABLE INITIALLY DEFERRED;


--
-- Name: brillspay_paymenttransaction brillspay_paymenttra_order_id_4c4a43b1_fk_brillspay; Type: FK CONSTRAINT; Schema: public; Owner: postgres
--

ALTER TABLE ONLY public.brillspay_paymenttransaction
    ADD CONSTRAINT brillspay_paymenttra_order_id_4c4a43b1_fk_brillspay FOREIGN KEY (order_id) REFERENCES public.brillspay_order(id) DEFERRABLE INITIALLY DEFERRED;


--
-- Name: brillspay_product brillspay_product_category_id_dc31df4f_fk_brillspay; Type: FK CONSTRAINT; Schema: public; Owner: postgres
--

ALTER TABLE ONLY public.brillspay_product
    ADD CONSTRAINT brillspay_product_category_id_dc31df4f_fk_brillspay FOREIGN KEY (category_id) REFERENCES public.brillspay_productcategory(id) DEFERRABLE INITIALLY DEFERRED;


--
-- Name: brillspay_transaction brillspay_transaction_order_id_3461b405_fk_brillspay_order_id; Type: FK CONSTRAINT; Schema: public; Owner: postgres
--

ALTER TABLE ONLY public.brillspay_transaction
    ADD CONSTRAINT brillspay_transaction_order_id_3461b405_fk_brillspay_order_id FOREIGN KEY (order_id) REFERENCES public.brillspay_order(id) DEFERRABLE INITIALLY DEFERRED;


--
-- Name: brillspay_transaction brillspay_transaction_user_id_bcda7e77_fk_accounts_user_id; Type: FK CONSTRAINT; Schema: public; Owner: postgres
--

ALTER TABLE ONLY public.brillspay_transaction
    ADD CONSTRAINT brillspay_transaction_user_id_bcda7e77_fk_accounts_user_id FOREIGN KEY (user_id) REFERENCES public.accounts_user(id) DEFERRABLE INITIALLY DEFERRED;


--
-- Name: brillspay_transaction brillspay_transaction_ward_id_06612332_fk_accounts_user_id; Type: FK CONSTRAINT; Schema: public; Owner: postgres
--

ALTER TABLE ONLY public.brillspay_transaction
    ADD CONSTRAINT brillspay_transaction_ward_id_06612332_fk_accounts_user_id FOREIGN KEY (ward_id) REFERENCES public.accounts_user(id) DEFERRABLE INITIALLY DEFERRED;


--
-- Name: dashboards_attempthistory dashboards_attempthi_attempt_id_573469e1_fk_exams_exa; Type: FK CONSTRAINT; Schema: public; Owner: postgres
--

ALTER TABLE ONLY public.dashboards_attempthistory
    ADD CONSTRAINT dashboards_attempthi_attempt_id_573469e1_fk_exams_exa FOREIGN KEY (attempt_id) REFERENCES public.exams_examattempt(id) DEFERRABLE INITIALLY DEFERRED;


--
-- Name: dashboards_attempthistory dashboards_attempthi_student_id_6d7053c0_fk_accounts_; Type: FK CONSTRAINT; Schema: public; Owner: postgres
--

ALTER TABLE ONLY public.dashboards_attempthistory
    ADD CONSTRAINT dashboards_attempthi_student_id_6d7053c0_fk_accounts_ FOREIGN KEY (student_id) REFERENCES public.accounts_user(id) DEFERRABLE INITIALLY DEFERRED;


--
-- Name: dashboards_attempthistory dashboards_attempthistory_exam_id_3b45b050_fk_exams_exam_id; Type: FK CONSTRAINT; Schema: public; Owner: postgres
--

ALTER TABLE ONLY public.dashboards_attempthistory
    ADD CONSTRAINT dashboards_attempthistory_exam_id_3b45b050_fk_exams_exam_id FOREIGN KEY (exam_id) REFERENCES public.exams_exam(id) DEFERRABLE INITIALLY DEFERRED;


--
-- Name: dashboards_bulkexportjob dashboards_bulkexpor_exported_by_id_aeb70c1e_fk_accounts_; Type: FK CONSTRAINT; Schema: public; Owner: postgres
--

ALTER TABLE ONLY public.dashboards_bulkexportjob
    ADD CONSTRAINT dashboards_bulkexpor_exported_by_id_aeb70c1e_fk_accounts_ FOREIGN KEY (exported_by_id) REFERENCES public.accounts_user(id) DEFERRABLE INITIALLY DEFERRED;


--
-- Name: dashboards_bulkexportjob dashboards_bulkexportjob_exam_id_66f53e68_fk_exams_exam_id; Type: FK CONSTRAINT; Schema: public; Owner: postgres
--

ALTER TABLE ONLY public.dashboards_bulkexportjob
    ADD CONSTRAINT dashboards_bulkexportjob_exam_id_66f53e68_fk_exams_exam_id FOREIGN KEY (exam_id) REFERENCES public.exams_exam(id) DEFERRABLE INITIALLY DEFERRED;


--
-- Name: dashboards_bulkimportjob dashboards_bulkimpor_created_by_id_6627ae90_fk_accounts_; Type: FK CONSTRAINT; Schema: public; Owner: postgres
--

ALTER TABLE ONLY public.dashboards_bulkimportjob
    ADD CONSTRAINT dashboards_bulkimpor_created_by_id_6627ae90_fk_accounts_ FOREIGN KEY (created_by_id) REFERENCES public.accounts_user(id) DEFERRABLE INITIALLY DEFERRED;


--
-- Name: dashboards_certificate dashboards_certifica_attempt_id_680b3e61_fk_exams_exa; Type: FK CONSTRAINT; Schema: public; Owner: postgres
--

ALTER TABLE ONLY public.dashboards_certificate
    ADD CONSTRAINT dashboards_certifica_attempt_id_680b3e61_fk_exams_exa FOREIGN KEY (attempt_id) REFERENCES public.exams_examattempt(id) DEFERRABLE INITIALLY DEFERRED;


--
-- Name: dashboards_certificatetemplate dashboards_certifica_created_by_id_856a653d_fk_accounts_; Type: FK CONSTRAINT; Schema: public; Owner: postgres
--

ALTER TABLE ONLY public.dashboards_certificatetemplate
    ADD CONSTRAINT dashboards_certifica_created_by_id_856a653d_fk_accounts_ FOREIGN KEY (created_by_id) REFERENCES public.accounts_user(id) DEFERRABLE INITIALLY DEFERRED;


--
-- Name: dashboards_certificate dashboards_certificate_exam_id_443b77de_fk_exams_exam_id; Type: FK CONSTRAINT; Schema: public; Owner: postgres
--

ALTER TABLE ONLY public.dashboards_certificate
    ADD CONSTRAINT dashboards_certificate_exam_id_443b77de_fk_exams_exam_id FOREIGN KEY (exam_id) REFERENCES public.exams_exam(id) DEFERRABLE INITIALLY DEFERRED;


--
-- Name: dashboards_certificate dashboards_certificate_student_id_cdb2f923_fk_accounts_user_id; Type: FK CONSTRAINT; Schema: public; Owner: postgres
--

ALTER TABLE ONLY public.dashboards_certificate
    ADD CONSTRAINT dashboards_certificate_student_id_cdb2f923_fk_accounts_user_id FOREIGN KEY (student_id) REFERENCES public.accounts_user(id) DEFERRABLE INITIALLY DEFERRED;


--
-- Name: dashboards_chatroom_participants dashboards_chatroom__chatroom_id_448ebdc7_fk_dashboard; Type: FK CONSTRAINT; Schema: public; Owner: postgres
--

ALTER TABLE ONLY public.dashboards_chatroom_participants
    ADD CONSTRAINT dashboards_chatroom__chatroom_id_448ebdc7_fk_dashboard FOREIGN KEY (chatroom_id) REFERENCES public.dashboards_chatroom(id) DEFERRABLE INITIALLY DEFERRED;


--
-- Name: dashboards_chatroom_participants dashboards_chatroom__user_id_2f472d29_fk_accounts_; Type: FK CONSTRAINT; Schema: public; Owner: postgres
--

ALTER TABLE ONLY public.dashboards_chatroom_participants
    ADD CONSTRAINT dashboards_chatroom__user_id_2f472d29_fk_accounts_ FOREIGN KEY (user_id) REFERENCES public.accounts_user(id) DEFERRABLE INITIALLY DEFERRED;


--
-- Name: dashboards_chatroom dashboards_chatroom_created_by_id_0ae8e3a2_fk_accounts_user_id; Type: FK CONSTRAINT; Schema: public; Owner: postgres
--

ALTER TABLE ONLY public.dashboards_chatroom
    ADD CONSTRAINT dashboards_chatroom_created_by_id_0ae8e3a2_fk_accounts_user_id FOREIGN KEY (created_by_id) REFERENCES public.accounts_user(id) DEFERRABLE INITIALLY DEFERRED;


--
-- Name: dashboards_chatroommessage dashboards_chatroomm_room_id_c0e7df40_fk_dashboard; Type: FK CONSTRAINT; Schema: public; Owner: postgres
--

ALTER TABLE ONLY public.dashboards_chatroommessage
    ADD CONSTRAINT dashboards_chatroomm_room_id_c0e7df40_fk_dashboard FOREIGN KEY (room_id) REFERENCES public.dashboards_chatroom(id) DEFERRABLE INITIALLY DEFERRED;


--
-- Name: dashboards_chatroommessage dashboards_chatroomm_sender_id_ae2223bf_fk_accounts_; Type: FK CONSTRAINT; Schema: public; Owner: postgres
--

ALTER TABLE ONLY public.dashboards_chatroommessage
    ADD CONSTRAINT dashboards_chatroomm_sender_id_ae2223bf_fk_accounts_ FOREIGN KEY (sender_id) REFERENCES public.accounts_user(id) DEFERRABLE INITIALLY DEFERRED;


--
-- Name: dashboards_chatroomreadstatus dashboards_chatroomr_room_id_5dedc8b4_fk_dashboard; Type: FK CONSTRAINT; Schema: public; Owner: postgres
--

ALTER TABLE ONLY public.dashboards_chatroomreadstatus
    ADD CONSTRAINT dashboards_chatroomr_room_id_5dedc8b4_fk_dashboard FOREIGN KEY (room_id) REFERENCES public.dashboards_chatroom(id) DEFERRABLE INITIALLY DEFERRED;


--
-- Name: dashboards_chatroomreadstatus dashboards_chatroomr_user_id_9098285d_fk_accounts_; Type: FK CONSTRAINT; Schema: public; Owner: postgres
--

ALTER TABLE ONLY public.dashboards_chatroomreadstatus
    ADD CONSTRAINT dashboards_chatroomr_user_id_9098285d_fk_accounts_ FOREIGN KEY (user_id) REFERENCES public.accounts_user(id) DEFERRABLE INITIALLY DEFERRED;


--
-- Name: dashboards_examanalytics dashboards_examanalytics_exam_id_1de04df6_fk_exams_exam_id; Type: FK CONSTRAINT; Schema: public; Owner: postgres
--

ALTER TABLE ONLY public.dashboards_examanalytics
    ADD CONSTRAINT dashboards_examanalytics_exam_id_1de04df6_fk_exams_exam_id FOREIGN KEY (exam_id) REFERENCES public.exams_exam(id) DEFERRABLE INITIALLY DEFERRED;


--
-- Name: dashboards_examschedule dashboards_examschedule_exam_id_ab781067_fk_exams_exam_id; Type: FK CONSTRAINT; Schema: public; Owner: postgres
--

ALTER TABLE ONLY public.dashboards_examschedule
    ADD CONSTRAINT dashboards_examschedule_exam_id_ab781067_fk_exams_exam_id FOREIGN KEY (exam_id) REFERENCES public.exams_exam(id) DEFERRABLE INITIALLY DEFERRED;


--
-- Name: dashboards_gradingrubric dashboards_gradingru_created_by_id_ffcb71ea_fk_accounts_; Type: FK CONSTRAINT; Schema: public; Owner: postgres
--

ALTER TABLE ONLY public.dashboards_gradingrubric
    ADD CONSTRAINT dashboards_gradingru_created_by_id_ffcb71ea_fk_accounts_ FOREIGN KEY (created_by_id) REFERENCES public.accounts_user(id) DEFERRABLE INITIALLY DEFERRED;


--
-- Name: dashboards_gradingrubric dashboards_gradingrubric_exam_id_e4e20cf4_fk_exams_exam_id; Type: FK CONSTRAINT; Schema: public; Owner: postgres
--

ALTER TABLE ONLY public.dashboards_gradingrubric
    ADD CONSTRAINT dashboards_gradingrubric_exam_id_e4e20cf4_fk_exams_exam_id FOREIGN KEY (exam_id) REFERENCES public.exams_exam(id) DEFERRABLE INITIALLY DEFERRED;


--
-- Name: dashboards_notification dashboards_notificat_recipient_id_aa1bcd3d_fk_accounts_; Type: FK CONSTRAINT; Schema: public; Owner: postgres
--

ALTER TABLE ONLY public.dashboards_notification
    ADD CONSTRAINT dashboards_notificat_recipient_id_aa1bcd3d_fk_accounts_ FOREIGN KEY (recipient_id) REFERENCES public.accounts_user(id) DEFERRABLE INITIALLY DEFERRED;


--
-- Name: dashboards_notification dashboards_notificat_related_exam_id_29e9bdd7_fk_exams_exa; Type: FK CONSTRAINT; Schema: public; Owner: postgres
--

ALTER TABLE ONLY public.dashboards_notification
    ADD CONSTRAINT dashboards_notificat_related_exam_id_29e9bdd7_fk_exams_exa FOREIGN KEY (related_exam_id) REFERENCES public.exams_exam(id) DEFERRABLE INITIALLY DEFERRED;


--
-- Name: dashboards_questionbank dashboards_questionb_category_id_0fc37140_fk_dashboard; Type: FK CONSTRAINT; Schema: public; Owner: postgres
--

ALTER TABLE ONLY public.dashboards_questionbank
    ADD CONSTRAINT dashboards_questionb_category_id_0fc37140_fk_dashboard FOREIGN KEY (category_id) REFERENCES public.dashboards_questioncategory(id) DEFERRABLE INITIALLY DEFERRED;


--
-- Name: dashboards_questionbank dashboards_questionb_created_by_id_40b3f072_fk_accounts_; Type: FK CONSTRAINT; Schema: public; Owner: postgres
--

ALTER TABLE ONLY public.dashboards_questionbank
    ADD CONSTRAINT dashboards_questionb_created_by_id_40b3f072_fk_accounts_ FOREIGN KEY (created_by_id) REFERENCES public.accounts_user(id) DEFERRABLE INITIALLY DEFERRED;


--
-- Name: dashboards_questionbank_tags dashboards_questionb_questionbank_id_fc687dd4_fk_dashboard; Type: FK CONSTRAINT; Schema: public; Owner: postgres
--

ALTER TABLE ONLY public.dashboards_questionbank_tags
    ADD CONSTRAINT dashboards_questionb_questionbank_id_fc687dd4_fk_dashboard FOREIGN KEY (questionbank_id) REFERENCES public.dashboards_questionbank(id) DEFERRABLE INITIALLY DEFERRED;


--
-- Name: dashboards_questionbank_tags dashboards_questionb_questiontag_id_20a822c4_fk_dashboard; Type: FK CONSTRAINT; Schema: public; Owner: postgres
--

ALTER TABLE ONLY public.dashboards_questionbank_tags
    ADD CONSTRAINT dashboards_questionb_questiontag_id_20a822c4_fk_dashboard FOREIGN KEY (questiontag_id) REFERENCES public.dashboards_questiontag(id) DEFERRABLE INITIALLY DEFERRED;


--
-- Name: dashboards_questionbank dashboards_questionb_school_class_id_95d8a2da_fk_exams_sch; Type: FK CONSTRAINT; Schema: public; Owner: postgres
--

ALTER TABLE ONLY public.dashboards_questionbank
    ADD CONSTRAINT dashboards_questionb_school_class_id_95d8a2da_fk_exams_sch FOREIGN KEY (school_class_id) REFERENCES public.exams_schoolclass(id) DEFERRABLE INITIALLY DEFERRED;


--
-- Name: dashboards_questionbank dashboards_questionbank_subject_id_330b617c_fk_exams_subject_id; Type: FK CONSTRAINT; Schema: public; Owner: postgres
--

ALTER TABLE ONLY public.dashboards_questionbank
    ADD CONSTRAINT dashboards_questionbank_subject_id_330b617c_fk_exams_subject_id FOREIGN KEY (subject_id) REFERENCES public.exams_subject(id) DEFERRABLE INITIALLY DEFERRED;


--
-- Name: dashboards_questioncategory dashboards_questionc_created_by_id_aacadb44_fk_accounts_; Type: FK CONSTRAINT; Schema: public; Owner: postgres
--

ALTER TABLE ONLY public.dashboards_questioncategory
    ADD CONSTRAINT dashboards_questionc_created_by_id_aacadb44_fk_accounts_ FOREIGN KEY (created_by_id) REFERENCES public.accounts_user(id) DEFERRABLE INITIALLY DEFERRED;


--
-- Name: dashboards_questionchoice dashboards_questionc_question_id_6704d941_fk_dashboard; Type: FK CONSTRAINT; Schema: public; Owner: postgres
--

ALTER TABLE ONLY public.dashboards_questionchoice
    ADD CONSTRAINT dashboards_questionc_question_id_6704d941_fk_dashboard FOREIGN KEY (question_id) REFERENCES public.dashboards_questionbank(id) DEFERRABLE INITIALLY DEFERRED;


--
-- Name: dashboards_role dashboards_role_created_by_id_935981c1_fk_accounts_user_id; Type: FK CONSTRAINT; Schema: public; Owner: postgres
--

ALTER TABLE ONLY public.dashboards_role
    ADD CONSTRAINT dashboards_role_created_by_id_935981c1_fk_accounts_user_id FOREIGN KEY (created_by_id) REFERENCES public.accounts_user(id) DEFERRABLE INITIALLY DEFERRED;


--
-- Name: dashboards_rolepermission dashboards_rolepermi_permission_id_ea78ff11_fk_dashboard; Type: FK CONSTRAINT; Schema: public; Owner: postgres
--

ALTER TABLE ONLY public.dashboards_rolepermission
    ADD CONSTRAINT dashboards_rolepermi_permission_id_ea78ff11_fk_dashboard FOREIGN KEY (permission_id) REFERENCES public.dashboards_permission(id) DEFERRABLE INITIALLY DEFERRED;


--
-- Name: dashboards_rolepermission dashboards_rolepermi_role_id_35e1ec5e_fk_dashboard; Type: FK CONSTRAINT; Schema: public; Owner: postgres
--

ALTER TABLE ONLY public.dashboards_rolepermission
    ADD CONSTRAINT dashboards_rolepermi_role_id_35e1ec5e_fk_dashboard FOREIGN KEY (role_id) REFERENCES public.dashboards_role(id) DEFERRABLE INITIALLY DEFERRED;


--
-- Name: dashboards_rubriccriteriagrade dashboards_rubriccri_criteria_id_f339fc3a_fk_dashboard; Type: FK CONSTRAINT; Schema: public; Owner: postgres
--

ALTER TABLE ONLY public.dashboards_rubriccriteriagrade
    ADD CONSTRAINT dashboards_rubriccri_criteria_id_f339fc3a_fk_dashboard FOREIGN KEY (criteria_id) REFERENCES public.dashboards_rubriccriteria(id) DEFERRABLE INITIALLY DEFERRED;


--
-- Name: dashboards_rubriccriteriagrade dashboards_rubriccri_rubric_grade_id_4ad50de1_fk_dashboard; Type: FK CONSTRAINT; Schema: public; Owner: postgres
--

ALTER TABLE ONLY public.dashboards_rubriccriteriagrade
    ADD CONSTRAINT dashboards_rubriccri_rubric_grade_id_4ad50de1_fk_dashboard FOREIGN KEY (rubric_grade_id) REFERENCES public.dashboards_rubricgrade(id) DEFERRABLE INITIALLY DEFERRED;


--
-- Name: dashboards_rubriccriteria dashboards_rubriccri_rubric_id_31ff6932_fk_dashboard; Type: FK CONSTRAINT; Schema: public; Owner: postgres
--

ALTER TABLE ONLY public.dashboards_rubriccriteria
    ADD CONSTRAINT dashboards_rubriccri_rubric_id_31ff6932_fk_dashboard FOREIGN KEY (rubric_id) REFERENCES public.dashboards_gradingrubric(id) DEFERRABLE INITIALLY DEFERRED;


--
-- Name: dashboards_rubriccriteriagrade dashboards_rubriccri_selected_score_id_1f1282f6_fk_dashboard; Type: FK CONSTRAINT; Schema: public; Owner: postgres
--

ALTER TABLE ONLY public.dashboards_rubriccriteriagrade
    ADD CONSTRAINT dashboards_rubriccri_selected_score_id_1f1282f6_fk_dashboard FOREIGN KEY (selected_score_id) REFERENCES public.dashboards_rubricscore(id) DEFERRABLE INITIALLY DEFERRED;


--
-- Name: dashboards_rubricgrade dashboards_rubricgra_attempt_id_f0ee90f9_fk_exams_exa; Type: FK CONSTRAINT; Schema: public; Owner: postgres
--

ALTER TABLE ONLY public.dashboards_rubricgrade
    ADD CONSTRAINT dashboards_rubricgra_attempt_id_f0ee90f9_fk_exams_exa FOREIGN KEY (attempt_id) REFERENCES public.exams_examattempt(id) DEFERRABLE INITIALLY DEFERRED;


--
-- Name: dashboards_rubricgrade dashboards_rubricgra_graded_by_id_876523cc_fk_accounts_; Type: FK CONSTRAINT; Schema: public; Owner: postgres
--

ALTER TABLE ONLY public.dashboards_rubricgrade
    ADD CONSTRAINT dashboards_rubricgra_graded_by_id_876523cc_fk_accounts_ FOREIGN KEY (graded_by_id) REFERENCES public.accounts_user(id) DEFERRABLE INITIALLY DEFERRED;


--
-- Name: dashboards_rubricgrade dashboards_rubricgra_rubric_id_365e1c68_fk_dashboard; Type: FK CONSTRAINT; Schema: public; Owner: postgres
--

ALTER TABLE ONLY public.dashboards_rubricgrade
    ADD CONSTRAINT dashboards_rubricgra_rubric_id_365e1c68_fk_dashboard FOREIGN KEY (rubric_id) REFERENCES public.dashboards_gradingrubric(id) DEFERRABLE INITIALLY DEFERRED;


--
-- Name: dashboards_rubricscore dashboards_rubricsco_criteria_id_95b8059b_fk_dashboard; Type: FK CONSTRAINT; Schema: public; Owner: postgres
--

ALTER TABLE ONLY public.dashboards_rubricscore
    ADD CONSTRAINT dashboards_rubricsco_criteria_id_95b8059b_fk_dashboard FOREIGN KEY (criteria_id) REFERENCES public.dashboards_rubriccriteria(id) DEFERRABLE INITIALLY DEFERRED;


--
-- Name: dashboards_schedulednotification dashboards_scheduled_exam_id_b5723bd8_fk_exams_exa; Type: FK CONSTRAINT; Schema: public; Owner: postgres
--

ALTER TABLE ONLY public.dashboards_schedulednotification
    ADD CONSTRAINT dashboards_scheduled_exam_id_b5723bd8_fk_exams_exa FOREIGN KEY (exam_id) REFERENCES public.exams_exam(id) DEFERRABLE INITIALLY DEFERRED;


--
-- Name: dashboards_schedulednotification dashboards_scheduled_student_id_1182408a_fk_accounts_; Type: FK CONSTRAINT; Schema: public; Owner: postgres
--

ALTER TABLE ONLY public.dashboards_schedulednotification
    ADD CONSTRAINT dashboards_scheduled_student_id_1182408a_fk_accounts_ FOREIGN KEY (student_id) REFERENCES public.accounts_user(id) DEFERRABLE INITIALLY DEFERRED;


--
-- Name: dashboards_studentperformance dashboards_studentpe_student_id_e9d36baa_fk_accounts_; Type: FK CONSTRAINT; Schema: public; Owner: postgres
--

ALTER TABLE ONLY public.dashboards_studentperformance
    ADD CONSTRAINT dashboards_studentpe_student_id_e9d36baa_fk_accounts_ FOREIGN KEY (student_id) REFERENCES public.accounts_user(id) DEFERRABLE INITIALLY DEFERRED;


--
-- Name: dashboards_studentperformance dashboards_studentperformance_exam_id_e61101af_fk_exams_exam_id; Type: FK CONSTRAINT; Schema: public; Owner: postgres
--

ALTER TABLE ONLY public.dashboards_studentperformance
    ADD CONSTRAINT dashboards_studentperformance_exam_id_e61101af_fk_exams_exam_id FOREIGN KEY (exam_id) REFERENCES public.exams_exam(id) DEFERRABLE INITIALLY DEFERRED;


--
-- Name: dashboards_userrole dashboards_userrole_assigned_by_id_473761e1_fk_accounts_user_id; Type: FK CONSTRAINT; Schema: public; Owner: postgres
--

ALTER TABLE ONLY public.dashboards_userrole
    ADD CONSTRAINT dashboards_userrole_assigned_by_id_473761e1_fk_accounts_user_id FOREIGN KEY (assigned_by_id) REFERENCES public.accounts_user(id) DEFERRABLE INITIALLY DEFERRED;


--
-- Name: dashboards_userrole dashboards_userrole_role_id_b7a6989f_fk_dashboards_role_id; Type: FK CONSTRAINT; Schema: public; Owner: postgres
--

ALTER TABLE ONLY public.dashboards_userrole
    ADD CONSTRAINT dashboards_userrole_role_id_b7a6989f_fk_dashboards_role_id FOREIGN KEY (role_id) REFERENCES public.dashboards_role(id) DEFERRABLE INITIALLY DEFERRED;


--
-- Name: dashboards_userrole dashboards_userrole_user_id_d264a647_fk_accounts_user_id; Type: FK CONSTRAINT; Schema: public; Owner: postgres
--

ALTER TABLE ONLY public.dashboards_userrole
    ADD CONSTRAINT dashboards_userrole_user_id_d264a647_fk_accounts_user_id FOREIGN KEY (user_id) REFERENCES public.accounts_user(id) DEFERRABLE INITIALLY DEFERRED;


--
-- Name: django_admin_log django_admin_log_content_type_id_c4bce8eb_fk_django_co; Type: FK CONSTRAINT; Schema: public; Owner: postgres
--

ALTER TABLE ONLY public.django_admin_log
    ADD CONSTRAINT django_admin_log_content_type_id_c4bce8eb_fk_django_co FOREIGN KEY (content_type_id) REFERENCES public.django_content_type(id) DEFERRABLE INITIALLY DEFERRED;


--
-- Name: django_admin_log django_admin_log_user_id_c564eba6_fk_accounts_user_id; Type: FK CONSTRAINT; Schema: public; Owner: postgres
--

ALTER TABLE ONLY public.django_admin_log
    ADD CONSTRAINT django_admin_log_user_id_c564eba6_fk_accounts_user_id FOREIGN KEY (user_id) REFERENCES public.accounts_user(id) DEFERRABLE INITIALLY DEFERRED;


--
-- Name: exams_broadcast_recipients exams_broadcast_reci_broadcast_id_bbb41dbc_fk_exams_bro; Type: FK CONSTRAINT; Schema: public; Owner: postgres
--

ALTER TABLE ONLY public.exams_broadcast_recipients
    ADD CONSTRAINT exams_broadcast_reci_broadcast_id_bbb41dbc_fk_exams_bro FOREIGN KEY (broadcast_id) REFERENCES public.exams_broadcast(id) DEFERRABLE INITIALLY DEFERRED;


--
-- Name: exams_broadcast_recipients exams_broadcast_recipients_user_id_3b2e32ae_fk_accounts_user_id; Type: FK CONSTRAINT; Schema: public; Owner: postgres
--

ALTER TABLE ONLY public.exams_broadcast_recipients
    ADD CONSTRAINT exams_broadcast_recipients_user_id_3b2e32ae_fk_accounts_user_id FOREIGN KEY (user_id) REFERENCES public.accounts_user(id) DEFERRABLE INITIALLY DEFERRED;


--
-- Name: exams_broadcast exams_broadcast_sender_id_d26f007b_fk_accounts_user_id; Type: FK CONSTRAINT; Schema: public; Owner: postgres
--

ALTER TABLE ONLY public.exams_broadcast
    ADD CONSTRAINT exams_broadcast_sender_id_d26f007b_fk_accounts_user_id FOREIGN KEY (sender_id) REFERENCES public.accounts_user(id) DEFERRABLE INITIALLY DEFERRED;


--
-- Name: exams_broadcast exams_broadcast_target_class_id_ffd26a83_fk_exams_sch; Type: FK CONSTRAINT; Schema: public; Owner: postgres
--

ALTER TABLE ONLY public.exams_broadcast
    ADD CONSTRAINT exams_broadcast_target_class_id_ffd26a83_fk_exams_sch FOREIGN KEY (target_class_id) REFERENCES public.exams_schoolclass(id) DEFERRABLE INITIALLY DEFERRED;


--
-- Name: exams_chatmessage exams_chatmessage_recipient_id_9401080d_fk_accounts_user_id; Type: FK CONSTRAINT; Schema: public; Owner: postgres
--

ALTER TABLE ONLY public.exams_chatmessage
    ADD CONSTRAINT exams_chatmessage_recipient_id_9401080d_fk_accounts_user_id FOREIGN KEY (recipient_id) REFERENCES public.accounts_user(id) DEFERRABLE INITIALLY DEFERRED;


--
-- Name: exams_chatmessage exams_chatmessage_sender_id_52b7e917_fk_accounts_user_id; Type: FK CONSTRAINT; Schema: public; Owner: postgres
--

ALTER TABLE ONLY public.exams_chatmessage
    ADD CONSTRAINT exams_chatmessage_sender_id_52b7e917_fk_accounts_user_id FOREIGN KEY (sender_id) REFERENCES public.accounts_user(id) DEFERRABLE INITIALLY DEFERRED;


--
-- Name: exams_choice exams_choice_question_id_ce7c2385_fk_exams_question_id; Type: FK CONSTRAINT; Schema: public; Owner: postgres
--

ALTER TABLE ONLY public.exams_choice
    ADD CONSTRAINT exams_choice_question_id_ce7c2385_fk_exams_question_id FOREIGN KEY (question_id) REFERENCES public.exams_question(id) DEFERRABLE INITIALLY DEFERRED;


--
-- Name: exams_exam exams_exam_created_by_id_41730b16_fk_accounts_user_id; Type: FK CONSTRAINT; Schema: public; Owner: postgres
--

ALTER TABLE ONLY public.exams_exam
    ADD CONSTRAINT exams_exam_created_by_id_41730b16_fk_accounts_user_id FOREIGN KEY (created_by_id) REFERENCES public.accounts_user(id) DEFERRABLE INITIALLY DEFERRED;


--
-- Name: exams_exam exams_exam_school_class_id_51d615af_fk_exams_schoolclass_id; Type: FK CONSTRAINT; Schema: public; Owner: postgres
--

ALTER TABLE ONLY public.exams_exam
    ADD CONSTRAINT exams_exam_school_class_id_51d615af_fk_exams_schoolclass_id FOREIGN KEY (school_class_id) REFERENCES public.exams_schoolclass(id) DEFERRABLE INITIALLY DEFERRED;


--
-- Name: exams_examaccess exams_examaccess_exam_id_080b13cb_fk_exams_exam_id; Type: FK CONSTRAINT; Schema: public; Owner: postgres
--

ALTER TABLE ONLY public.exams_examaccess
    ADD CONSTRAINT exams_examaccess_exam_id_080b13cb_fk_exams_exam_id FOREIGN KEY (exam_id) REFERENCES public.exams_exam(id) DEFERRABLE INITIALLY DEFERRED;


--
-- Name: exams_examaccess exams_examaccess_granted_by_id_1f122935_fk_accounts_user_id; Type: FK CONSTRAINT; Schema: public; Owner: postgres
--

ALTER TABLE ONLY public.exams_examaccess
    ADD CONSTRAINT exams_examaccess_granted_by_id_1f122935_fk_accounts_user_id FOREIGN KEY (granted_by_id) REFERENCES public.accounts_user(id) DEFERRABLE INITIALLY DEFERRED;


--
-- Name: exams_examaccess exams_examaccess_student_id_cb1133c6_fk_accounts_user_id; Type: FK CONSTRAINT; Schema: public; Owner: postgres
--

ALTER TABLE ONLY public.exams_examaccess
    ADD CONSTRAINT exams_examaccess_student_id_cb1133c6_fk_accounts_user_id FOREIGN KEY (student_id) REFERENCES public.accounts_user(id) DEFERRABLE INITIALLY DEFERRED;


--
-- Name: exams_examattempt exams_examattempt_exam_id_a836ae5c_fk_exams_exam_id; Type: FK CONSTRAINT; Schema: public; Owner: postgres
--

ALTER TABLE ONLY public.exams_examattempt
    ADD CONSTRAINT exams_examattempt_exam_id_a836ae5c_fk_exams_exam_id FOREIGN KEY (exam_id) REFERENCES public.exams_exam(id) DEFERRABLE INITIALLY DEFERRED;


--
-- Name: exams_examattempt exams_examattempt_student_id_852934f6_fk_accounts_user_id; Type: FK CONSTRAINT; Schema: public; Owner: postgres
--

ALTER TABLE ONLY public.exams_examattempt
    ADD CONSTRAINT exams_examattempt_student_id_852934f6_fk_accounts_user_id FOREIGN KEY (student_id) REFERENCES public.accounts_user(id) DEFERRABLE INITIALLY DEFERRED;


--
-- Name: exams_notification exams_notification_recipient_id_6ba58d39_fk_accounts_user_id; Type: FK CONSTRAINT; Schema: public; Owner: postgres
--

ALTER TABLE ONLY public.exams_notification
    ADD CONSTRAINT exams_notification_recipient_id_6ba58d39_fk_accounts_user_id FOREIGN KEY (recipient_id) REFERENCES public.accounts_user(id) DEFERRABLE INITIALLY DEFERRED;


--
-- Name: exams_notification exams_notification_sender_id_239539c8_fk_accounts_user_id; Type: FK CONSTRAINT; Schema: public; Owner: postgres
--

ALTER TABLE ONLY public.exams_notification
    ADD CONSTRAINT exams_notification_sender_id_239539c8_fk_accounts_user_id FOREIGN KEY (sender_id) REFERENCES public.accounts_user(id) DEFERRABLE INITIALLY DEFERRED;


--
-- Name: exams_ptarequest exams_ptarequest_parent_id_3786f06e_fk_accounts_user_id; Type: FK CONSTRAINT; Schema: public; Owner: postgres
--

ALTER TABLE ONLY public.exams_ptarequest
    ADD CONSTRAINT exams_ptarequest_parent_id_3786f06e_fk_accounts_user_id FOREIGN KEY (parent_id) REFERENCES public.accounts_user(id) DEFERRABLE INITIALLY DEFERRED;


--
-- Name: exams_ptarequest exams_ptarequest_recipient_id_a9914f59_fk_accounts_user_id; Type: FK CONSTRAINT; Schema: public; Owner: postgres
--

ALTER TABLE ONLY public.exams_ptarequest
    ADD CONSTRAINT exams_ptarequest_recipient_id_a9914f59_fk_accounts_user_id FOREIGN KEY (recipient_id) REFERENCES public.accounts_user(id) DEFERRABLE INITIALLY DEFERRED;


--
-- Name: exams_question exams_question_exam_id_85081c44_fk_exams_exam_id; Type: FK CONSTRAINT; Schema: public; Owner: postgres
--

ALTER TABLE ONLY public.exams_question
    ADD CONSTRAINT exams_question_exam_id_85081c44_fk_exams_exam_id FOREIGN KEY (exam_id) REFERENCES public.exams_exam(id) DEFERRABLE INITIALLY DEFERRED;


--
-- Name: exams_retakerequest exams_retakerequest_exam_id_a0cadf1d_fk_exams_exam_id; Type: FK CONSTRAINT; Schema: public; Owner: postgres
--

ALTER TABLE ONLY public.exams_retakerequest
    ADD CONSTRAINT exams_retakerequest_exam_id_a0cadf1d_fk_exams_exam_id FOREIGN KEY (exam_id) REFERENCES public.exams_exam(id) DEFERRABLE INITIALLY DEFERRED;


--
-- Name: exams_retakerequest exams_retakerequest_reviewed_by_id_b0cd1e98_fk_accounts_user_id; Type: FK CONSTRAINT; Schema: public; Owner: postgres
--

ALTER TABLE ONLY public.exams_retakerequest
    ADD CONSTRAINT exams_retakerequest_reviewed_by_id_b0cd1e98_fk_accounts_user_id FOREIGN KEY (reviewed_by_id) REFERENCES public.accounts_user(id) DEFERRABLE INITIALLY DEFERRED;


--
-- Name: exams_retakerequest exams_retakerequest_student_id_d59c72f8_fk_accounts_user_id; Type: FK CONSTRAINT; Schema: public; Owner: postgres
--

ALTER TABLE ONLY public.exams_retakerequest
    ADD CONSTRAINT exams_retakerequest_student_id_d59c72f8_fk_accounts_user_id FOREIGN KEY (student_id) REFERENCES public.accounts_user(id) DEFERRABLE INITIALLY DEFERRED;


--
-- Name: exams_schoolclass exams_schoolclass_assistant_teacher_id_7a01fccd_fk_accounts_; Type: FK CONSTRAINT; Schema: public; Owner: postgres
--

ALTER TABLE ONLY public.exams_schoolclass
    ADD CONSTRAINT exams_schoolclass_assistant_teacher_id_7a01fccd_fk_accounts_ FOREIGN KEY (assistant_teacher_id) REFERENCES public.accounts_user(id) DEFERRABLE INITIALLY DEFERRED;


--
-- Name: exams_schoolclass exams_schoolclass_teacher_id_4054126c_fk_accounts_user_id; Type: FK CONSTRAINT; Schema: public; Owner: postgres
--

ALTER TABLE ONLY public.exams_schoolclass
    ADD CONSTRAINT exams_schoolclass_teacher_id_4054126c_fk_accounts_user_id FOREIGN KEY (teacher_id) REFERENCES public.accounts_user(id) DEFERRABLE INITIALLY DEFERRED;


--
-- Name: exams_studentanswer exams_studentanswer_attempt_id_3bbdd11c_fk_exams_examattempt_id; Type: FK CONSTRAINT; Schema: public; Owner: postgres
--

ALTER TABLE ONLY public.exams_studentanswer
    ADD CONSTRAINT exams_studentanswer_attempt_id_3bbdd11c_fk_exams_examattempt_id FOREIGN KEY (attempt_id) REFERENCES public.exams_examattempt(id) DEFERRABLE INITIALLY DEFERRED;


--
-- Name: exams_studentanswer exams_studentanswer_question_id_2f8719c5_fk_exams_question_id; Type: FK CONSTRAINT; Schema: public; Owner: postgres
--

ALTER TABLE ONLY public.exams_studentanswer
    ADD CONSTRAINT exams_studentanswer_question_id_2f8719c5_fk_exams_question_id FOREIGN KEY (question_id) REFERENCES public.exams_question(id) DEFERRABLE INITIALLY DEFERRED;


--
-- Name: exams_studentanswer exams_studentanswer_selected_choice_id_ce71a46f_fk_exams_cho; Type: FK CONSTRAINT; Schema: public; Owner: postgres
--

ALTER TABLE ONLY public.exams_studentanswer
    ADD CONSTRAINT exams_studentanswer_selected_choice_id_ce71a46f_fk_exams_cho FOREIGN KEY (selected_choice_id) REFERENCES public.exams_choice(id) DEFERRABLE INITIALLY DEFERRED;


--
-- Name: exams_subject_classes exams_subject_classe_schoolclass_id_7d38feed_fk_exams_sch; Type: FK CONSTRAINT; Schema: public; Owner: postgres
--

ALTER TABLE ONLY public.exams_subject_classes
    ADD CONSTRAINT exams_subject_classe_schoolclass_id_7d38feed_fk_exams_sch FOREIGN KEY (schoolclass_id) REFERENCES public.exams_schoolclass(id) DEFERRABLE INITIALLY DEFERRED;


--
-- Name: exams_subject_classes exams_subject_classes_subject_id_544cd5b8_fk_exams_subject_id; Type: FK CONSTRAINT; Schema: public; Owner: postgres
--

ALTER TABLE ONLY public.exams_subject_classes
    ADD CONSTRAINT exams_subject_classes_subject_id_544cd5b8_fk_exams_subject_id FOREIGN KEY (subject_id) REFERENCES public.exams_subject(id) DEFERRABLE INITIALLY DEFERRED;


--
-- Name: exams_subject exams_subject_created_by_id_1e3d5ebd_fk_accounts_user_id; Type: FK CONSTRAINT; Schema: public; Owner: postgres
--

ALTER TABLE ONLY public.exams_subject
    ADD CONSTRAINT exams_subject_created_by_id_1e3d5ebd_fk_accounts_user_id FOREIGN KEY (created_by_id) REFERENCES public.accounts_user(id) DEFERRABLE INITIALLY DEFERRED;


--
-- Name: exams_subjectivemark exams_subjectivemark_answer_id_384ca771_fk_exams_stu; Type: FK CONSTRAINT; Schema: public; Owner: postgres
--

ALTER TABLE ONLY public.exams_subjectivemark
    ADD CONSTRAINT exams_subjectivemark_answer_id_384ca771_fk_exams_stu FOREIGN KEY (answer_id) REFERENCES public.exams_studentanswer(id) DEFERRABLE INITIALLY DEFERRED;


--
-- Name: exams_subjectivemark exams_subjectivemark_marked_by_id_f35d22b1_fk_accounts_user_id; Type: FK CONSTRAINT; Schema: public; Owner: postgres
--

ALTER TABLE ONLY public.exams_subjectivemark
    ADD CONSTRAINT exams_subjectivemark_marked_by_id_f35d22b1_fk_accounts_user_id FOREIGN KEY (marked_by_id) REFERENCES public.accounts_user(id) DEFERRABLE INITIALLY DEFERRED;


--
-- Name: leaves_leaverequest leaves_leaverequest_leave_type_id_12a8fd52_fk_leaves_le; Type: FK CONSTRAINT; Schema: public; Owner: postgres
--

ALTER TABLE ONLY public.leaves_leaverequest
    ADD CONSTRAINT leaves_leaverequest_leave_type_id_12a8fd52_fk_leaves_le FOREIGN KEY (leave_type_id) REFERENCES public.leaves_leavetype(id) DEFERRABLE INITIALLY DEFERRED;


--
-- Name: leaves_leaverequest leaves_leaverequest_payee_id_75a10c28_fk_payroll_payee_id; Type: FK CONSTRAINT; Schema: public; Owner: postgres
--

ALTER TABLE ONLY public.leaves_leaverequest
    ADD CONSTRAINT leaves_leaverequest_payee_id_75a10c28_fk_payroll_payee_id FOREIGN KEY (payee_id) REFERENCES public.payroll_payee(id) DEFERRABLE INITIALLY DEFERRED;


--
-- Name: leaves_leaverequest leaves_leaverequest_reviewed_by_id_43d77d88_fk_accounts_user_id; Type: FK CONSTRAINT; Schema: public; Owner: postgres
--

ALTER TABLE ONLY public.leaves_leaverequest
    ADD CONSTRAINT leaves_leaverequest_reviewed_by_id_43d77d88_fk_accounts_user_id FOREIGN KEY (reviewed_by_id) REFERENCES public.accounts_user(id) DEFERRABLE INITIALLY DEFERRED;


--
-- Name: loans_loanapplication loans_loanapplicatio_approved_by_id_e8699a4f_fk_accounts_; Type: FK CONSTRAINT; Schema: public; Owner: postgres
--

ALTER TABLE ONLY public.loans_loanapplication
    ADD CONSTRAINT loans_loanapplicatio_approved_by_id_e8699a4f_fk_accounts_ FOREIGN KEY (approved_by_id) REFERENCES public.accounts_user(id) DEFERRABLE INITIALLY DEFERRED;


--
-- Name: loans_loanapplication loans_loanapplication_payee_id_e8b63307_fk_payroll_payee_id; Type: FK CONSTRAINT; Schema: public; Owner: postgres
--

ALTER TABLE ONLY public.loans_loanapplication
    ADD CONSTRAINT loans_loanapplication_payee_id_e8b63307_fk_payroll_payee_id FOREIGN KEY (payee_id) REFERENCES public.payroll_payee(id) DEFERRABLE INITIALLY DEFERRED;


--
-- Name: loans_loanrepayment loans_loanrepayment_loan_id_22d47104_fk_loans_loa; Type: FK CONSTRAINT; Schema: public; Owner: postgres
--

ALTER TABLE ONLY public.loans_loanrepayment
    ADD CONSTRAINT loans_loanrepayment_loan_id_22d47104_fk_loans_loa FOREIGN KEY (loan_id) REFERENCES public.loans_loanapplication(id) DEFERRABLE INITIALLY DEFERRED;


--
-- Name: loans_loanrepayment loans_loanrepayment_payroll_record_id_ee3e0a2a_fk_payroll_p; Type: FK CONSTRAINT; Schema: public; Owner: postgres
--

ALTER TABLE ONLY public.loans_loanrepayment
    ADD CONSTRAINT loans_loanrepayment_payroll_record_id_ee3e0a2a_fk_payroll_p FOREIGN KEY (payroll_record_id) REFERENCES public.payroll_payrollrecord(id) DEFERRABLE INITIALLY DEFERRED;


--
-- Name: payroll_auditlog payroll_auditlog_user_id_8c739156_fk_accounts_user_id; Type: FK CONSTRAINT; Schema: public; Owner: postgres
--

ALTER TABLE ONLY public.payroll_auditlog
    ADD CONSTRAINT payroll_auditlog_user_id_8c739156_fk_accounts_user_id FOREIGN KEY (user_id) REFERENCES public.accounts_user(id) DEFERRABLE INITIALLY DEFERRED;


--
-- Name: payroll_bankaccount payroll_bankaccount_payee_id_258dd344_fk_payroll_payee_id; Type: FK CONSTRAINT; Schema: public; Owner: postgres
--

ALTER TABLE ONLY public.payroll_bankaccount
    ADD CONSTRAINT payroll_bankaccount_payee_id_258dd344_fk_payroll_payee_id FOREIGN KEY (payee_id) REFERENCES public.payroll_payee(id) DEFERRABLE INITIALLY DEFERRED;


--
-- Name: payroll_payee payroll_payee_user_id_10faf7d0_fk_accounts_user_id; Type: FK CONSTRAINT; Schema: public; Owner: postgres
--

ALTER TABLE ONLY public.payroll_payee
    ADD CONSTRAINT payroll_payee_user_id_10faf7d0_fk_accounts_user_id FOREIGN KEY (user_id) REFERENCES public.accounts_user(id) DEFERRABLE INITIALLY DEFERRED;


--
-- Name: payroll_payeesalarystructure payroll_payeesalarys_payee_id_988c9301_fk_payroll_p; Type: FK CONSTRAINT; Schema: public; Owner: postgres
--

ALTER TABLE ONLY public.payroll_payeesalarystructure
    ADD CONSTRAINT payroll_payeesalarys_payee_id_988c9301_fk_payroll_p FOREIGN KEY (payee_id) REFERENCES public.payroll_payee(id) DEFERRABLE INITIALLY DEFERRED;


--
-- Name: payroll_payeesalarystructure payroll_payeesalarys_salary_structure_id_ebcbf85c_fk_payroll_s; Type: FK CONSTRAINT; Schema: public; Owner: postgres
--

ALTER TABLE ONLY public.payroll_payeesalarystructure
    ADD CONSTRAINT payroll_payeesalarys_salary_structure_id_ebcbf85c_fk_payroll_s FOREIGN KEY (salary_structure_id) REFERENCES public.payroll_salarystructure(id) DEFERRABLE INITIALLY DEFERRED;


--
-- Name: payroll_paymentbatch payroll_paymentbatch_created_by_id_4dc536f5_fk_accounts_user_id; Type: FK CONSTRAINT; Schema: public; Owner: postgres
--

ALTER TABLE ONLY public.payroll_paymentbatch
    ADD CONSTRAINT payroll_paymentbatch_created_by_id_4dc536f5_fk_accounts_user_id FOREIGN KEY (created_by_id) REFERENCES public.accounts_user(id) DEFERRABLE INITIALLY DEFERRED;


--
-- Name: payroll_paymentbatch payroll_paymentbatch_payroll_period_id_ed3b58cd_fk_payroll_p; Type: FK CONSTRAINT; Schema: public; Owner: postgres
--

ALTER TABLE ONLY public.payroll_paymentbatch
    ADD CONSTRAINT payroll_paymentbatch_payroll_period_id_ed3b58cd_fk_payroll_p FOREIGN KEY (payroll_period_id) REFERENCES public.payroll_payrollperiod(id) DEFERRABLE INITIALLY DEFERRED;


--
-- Name: payroll_paymenttransaction payroll_paymenttrans_batch_id_14dfc108_fk_payroll_p; Type: FK CONSTRAINT; Schema: public; Owner: postgres
--

ALTER TABLE ONLY public.payroll_paymenttransaction
    ADD CONSTRAINT payroll_paymenttrans_batch_id_14dfc108_fk_payroll_p FOREIGN KEY (batch_id) REFERENCES public.payroll_paymentbatch(id) DEFERRABLE INITIALLY DEFERRED;


--
-- Name: payroll_paymenttransaction payroll_paymenttrans_payroll_record_id_9264a2c2_fk_payroll_p; Type: FK CONSTRAINT; Schema: public; Owner: postgres
--

ALTER TABLE ONLY public.payroll_paymenttransaction
    ADD CONSTRAINT payroll_paymenttrans_payroll_record_id_9264a2c2_fk_payroll_p FOREIGN KEY (payroll_record_id) REFERENCES public.payroll_payrollrecord(id) DEFERRABLE INITIALLY DEFERRED;


--
-- Name: payroll_payrolllineitem payroll_payrolllinei_payroll_record_id_bab1472f_fk_payroll_p; Type: FK CONSTRAINT; Schema: public; Owner: postgres
--

ALTER TABLE ONLY public.payroll_payrolllineitem
    ADD CONSTRAINT payroll_payrolllinei_payroll_record_id_bab1472f_fk_payroll_p FOREIGN KEY (payroll_record_id) REFERENCES public.payroll_payrollrecord(id) DEFERRABLE INITIALLY DEFERRED;


--
-- Name: payroll_payrollrecord payroll_payrollrecor_payroll_period_id_971dd6d5_fk_payroll_p; Type: FK CONSTRAINT; Schema: public; Owner: postgres
--

ALTER TABLE ONLY public.payroll_payrollrecord
    ADD CONSTRAINT payroll_payrollrecor_payroll_period_id_971dd6d5_fk_payroll_p FOREIGN KEY (payroll_period_id) REFERENCES public.payroll_payrollperiod(id) DEFERRABLE INITIALLY DEFERRED;


--
-- Name: payroll_payrollrecord payroll_payrollrecord_payee_id_5c1d1f3f_fk_payroll_payee_id; Type: FK CONSTRAINT; Schema: public; Owner: postgres
--

ALTER TABLE ONLY public.payroll_payrollrecord
    ADD CONSTRAINT payroll_payrollrecord_payee_id_5c1d1f3f_fk_payroll_payee_id FOREIGN KEY (payee_id) REFERENCES public.payroll_payee(id) DEFERRABLE INITIALLY DEFERRED;


--
-- Name: payroll_salarystructureitem payroll_salarystruct_component_id_ff97ac08_fk_payroll_s; Type: FK CONSTRAINT; Schema: public; Owner: postgres
--

ALTER TABLE ONLY public.payroll_salarystructureitem
    ADD CONSTRAINT payroll_salarystruct_component_id_ff97ac08_fk_payroll_s FOREIGN KEY (component_id) REFERENCES public.payroll_salarycomponent(id) DEFERRABLE INITIALLY DEFERRED;


--
-- Name: payroll_salarystructureitem payroll_salarystruct_salary_structure_id_3902aed6_fk_payroll_s; Type: FK CONSTRAINT; Schema: public; Owner: postgres
--

ALTER TABLE ONLY public.payroll_salarystructureitem
    ADD CONSTRAINT payroll_salarystruct_salary_structure_id_3902aed6_fk_payroll_s FOREIGN KEY (salary_structure_id) REFERENCES public.payroll_salarystructure(id) DEFERRABLE INITIALLY DEFERRED;


--
-- Name: pickup_pickupauthorization pickup_pickupauthori_parent_id_97ab020c_fk_accounts_; Type: FK CONSTRAINT; Schema: public; Owner: postgres
--

ALTER TABLE ONLY public.pickup_pickupauthorization
    ADD CONSTRAINT pickup_pickupauthori_parent_id_97ab020c_fk_accounts_ FOREIGN KEY (parent_id) REFERENCES public.accounts_user(id) DEFERRABLE INITIALLY DEFERRED;


--
-- Name: pickup_pickupstudent pickup_pickupstudent_pickup_id_cad8a39f_fk_pickup_pi; Type: FK CONSTRAINT; Schema: public; Owner: postgres
--

ALTER TABLE ONLY public.pickup_pickupstudent
    ADD CONSTRAINT pickup_pickupstudent_pickup_id_cad8a39f_fk_pickup_pi FOREIGN KEY (pickup_id) REFERENCES public.pickup_pickupauthorization(id) DEFERRABLE INITIALLY DEFERRED;


--
-- Name: pickup_pickupstudent pickup_pickupstudent_student_id_5c899488_fk_accounts_user_id; Type: FK CONSTRAINT; Schema: public; Owner: postgres
--

ALTER TABLE ONLY public.pickup_pickupstudent
    ADD CONSTRAINT pickup_pickupstudent_student_id_5c899488_fk_accounts_user_id FOREIGN KEY (student_id) REFERENCES public.accounts_user(id) DEFERRABLE INITIALLY DEFERRED;


--
-- Name: pickup_pickupverificationlog pickup_pickupverific_pickup_id_9f12ca2d_fk_pickup_pi; Type: FK CONSTRAINT; Schema: public; Owner: postgres
--

ALTER TABLE ONLY public.pickup_pickupverificationlog
    ADD CONSTRAINT pickup_pickupverific_pickup_id_9f12ca2d_fk_pickup_pi FOREIGN KEY (pickup_id) REFERENCES public.pickup_pickupauthorization(id) DEFERRABLE INITIALLY DEFERRED;


--
-- Name: pickup_pickupverificationlog pickup_pickupverific_verified_by_id_bdf173ba_fk_accounts_; Type: FK CONSTRAINT; Schema: public; Owner: postgres
--

ALTER TABLE ONLY public.pickup_pickupverificationlog
    ADD CONSTRAINT pickup_pickupverific_verified_by_id_bdf173ba_fk_accounts_ FOREIGN KEY (verified_by_id) REFERENCES public.accounts_user(id) DEFERRABLE INITIALLY DEFERRED;


--
-- PostgreSQL database dump complete
--

\unrestrict hhcVwMTHom9csXewaIIvXscNMGGM3bI2kfgYOjyRL4IpJAXFSqFajpfnFlyPaKM

